projection_season,player_id,player_name,position,nfl_team,adp_segment,normalized_adp,weight,projected_perceived_value,projected_winning_bid,expected_reg_points,expected_reg_ppg,expected_points_per_1000_bid
2026,13671,"Andrews, Mark",TE,BAL,NON_IDP,14.666666666666666,0.26111648393354675,9924.0,9924.0,113.04,8.067,11.391
2026,12688,"Buckner, DeForest",DT,IND,IDP,400.0,0.05,2317.92,2317.92,98.55,7.344,42.517
2026,14777,"Burrow, Joe",QB,CIN,NON_IDP,1.1666666666666667,0.9258200997725514,35186.75,35186.75,355.39,24.779,10.1
2026,14251,"Cashman, Blake",LB,MIN,IDP,400.0,0.05,2317.92,2317.92,98.55,7.344,42.517
2026,15001,"Curl, Kamren",S,LAR,IDP,400.0,0.05,2317.92,2317.92,98.55,7.344,42.517
2026,12186,"Diggs, Stefon",WR,NEP,NON_IDP,13.333333333333334,0.27386127875258304,10408.38,10408.38,119.35,8.767,11.467
2026,14108,"Dortch, Greg",WR,ARI,NON_IDP,400.0,0.05,1900.3,1900.3,99.02,7.342,52.108
2026,14860,"Jennings, Jauan",WR,SFO,NON_IDP,10.833333333333334,0.30382181012509996,11547.06,11547.06,125.55,9.203,10.873
2026,13319,"Jones, Aaron",RB,MIN,NON_IDP,18.083333333333332,0.23515854050088617,8937.44,8937.44,89.98,6.781,10.068
2026,16013,"Landman, Nate",LB,LAR,IDP,400.0,0.05,2317.92,2317.92,98.55,7.344,42.517
2026,11383,"Martin, Sam",PN,CAR,NON_IDP,400.0,0.05,1900.3,1900.3,105.44,7.834,55.486
2026,16212,"Mayer, Michael",TE,LVR,NON_IDP,24.916666666666668,0.20033416898825332,7613.91,7613.91,94.69,6.699,12.436
2026,15365,"Moehrig, Trevon",S,CAR,IDP,400.0,0.05,2317.92,2317.92,98.55,7.344,42.517
2026,15749,"Pacheco, Isiah",RB,KCC,NON_IDP,18.833333333333332,0.2304286117927706,8757.68,8757.68,89.0,6.716,10.163
2026,14871,"Parkinson, Colby",TE,LAR,NON_IDP,20.916666666666668,0.2186521551237011,8310.1,8310.1,100.14,7.106,12.05
2026,15350,"Parsons, Micah",DE,GBP,IDP,400.0,0.05,2317.92,2317.92,98.55,7.344,42.517
2026,17062,"Sanders, Raheim",RB,CLE,NON_IDP,400.0,0.05,1900.3,1900.3,76.9,5.91,40.467
2026,9431,"Stafford, Matthew",QB,LAR,NON_IDP,9.5,0.3244428422615251,12330.79,12330.79,206.28,16.047,16.729
2026,14802,"Taylor, Jonathan",RB,IND,NON_IDP,3.4166666666666665,0.5410017808004595,20561.33,20561.33,165.04,11.778,8.027
2026,13214,"Watt, T.J.",DE,PIT,IDP,400.0,0.05,2317.92,2317.92,98.55,7.344,42.517
2026,16276,"Young, Byron",DE,LAR,IDP,400.0,0.05,2317.92,2317.92,98.55,7.344,42.517
2026,14217,"Barton, Cody",LB,TEN,IDP,400.0,0.05,2317.92,2317.92,98.55,7.344,42.517
2026,14907,"Delpit, Grant",S,CLE,IDP,400.0,0.05,2317.92,2317.92,98.55,7.344,42.517
2026,16385,"Demercado, Emari",RB,ARI,NON_IDP,400.0,0.05,1900.3,1900.3,76.9,5.91,40.467
2026,14322,"Edwards, T.J.",LB,CHI,IDP,400.0,0.05,2317.92,2317.92,98.55,7.344,42.517
2026,14489,"Gillan, Jamie",PN,NYG,NON_IDP,400.0,0.05,1900.3,1900.3,105.44,7.834,55.486
2026,14954,"Hawkins, Jaylinn",S,NEP,IDP,400.0,0.05,2317.92,2317.92,98.55,7.344,42.517
2026,16201,"Hutchinson, Xavier",WR,HOU,NON_IDP,400.0,0.05,1900.3,1900.3,99.02,7.342,52.108
2026,14864,"Johnson, Tyler",WR,NYJ,NON_IDP,400.0,0.05,1900.3,1900.3,99.02,7.342,52.108
2026,13132,"Kamara, Alvin",RB,NOS,NON_IDP,17.083333333333332,0.24194335156365354,9195.31,9195.31,91.39,6.875,9.939
2026,15798,"Likely, Isaiah",TE,BAL,NON_IDP,17.916666666666668,0.23624976928744731,8978.92,8978.92,105.44,7.501,11.743
2026,13143,"McNichols, Jeremy",RB,WAS,NON_IDP,400.0,0.05,1900.3,1900.3,76.9,5.91,40.467
2026,14102,"Metcalf, DK",WR,PIT,NON_IDP,8.0,0.35355339059327373,13437.16,13437.16,136.25,9.953,10.14
2026,14974,"Mooney, Darnell",WR,ATL,NON_IDP,21.166666666666668,0.21735706680066552,8260.88,8260.88,108.03,7.974,13.077
2026,15889,"Okonkwo, Chigoziem",TE,TEN,NON_IDP,21.083333333333332,0.2177862025921883,8277.19,8277.19,99.88,7.087,12.067
2026,16196,"Perry, A.T.",WR,FA,NON_IDP,400.0,0.05,1900.3,1900.3,99.02,7.342,52.108
2026,16681,"Reichard, Will",PK,MIN,NON_IDP,400.0,0.05,1900.3,1900.3,59.54,5.803,31.332
2026,7836,"Rodgers, Aaron",QB,PIT,NON_IDP,24.833333333333332,0.20067001862719536,7626.67,7626.67,193.98,15.326,25.434
2026,17167,"Sanker, Jonas",S,NOS,IDP,400.0,0.05,2317.92,2317.92,98.55,7.344,42.517
2026,11985,"Way, Tress",PN,WAS,NON_IDP,400.0,0.05,1900.3,1900.3,105.44,7.834,55.486
2026,15387,"Werner, Pete",LB,NOS,IDP,400.0,0.05,2317.92,2317.92,98.55,7.344,42.517
2026,12225,"Williams, Leonard",DT,SEA,IDP,400.0,0.05,2317.92,2317.92,98.55,7.344,42.517
2026,10814,"Anger, Bryan",PN,DAL,NON_IDP,400.0,0.05,1900.3,1900.3,105.44,7.834,55.486
2026,13759,"Armstrong, Dorance",DE,WAS,IDP,400.0,0.05,2317.92,2317.92,98.55,7.344,42.517
2026,15875,"Belton, Dane",S,NYG,IDP,400.0,0.05,2317.92,2317.92,98.55,7.344,42.517
2026,15258,"Carter, Michael",RB,ARI,NON_IDP,25.916666666666668,0.19643118134149537,7465.57,7465.57,82.04,6.252,10.989
2026,10313,"Dalton, Andy",QB,CAR,NON_IDP,400.0,0.05,1900.3,1900.3,191.17,15.162,100.6
2026,10768,"David, Lavonte",LB,TBB,IDP,400.0,0.05,2317.92,2317.92,98.55,7.344,42.517
2026,16342,"Douglas, Demario",WR,NEP,NON_IDP,24.333333333333332,0.2027212135198458,7704.63,7704.63,105.17,7.773,13.65
2026,14303,"Elliss, Kaden",LB,ATL,IDP,400.0,0.05,2317.92,2317.92,98.55,7.344,42.517
2026,15713,"Ford, Jerome",RB,CLE,NON_IDP,400.0,0.05,1900.3,1900.3,76.9,5.91,40.467
2026,15032,"Fox, Jack",PN,DET,NON_IDP,400.0,0.05,1900.3,1900.3,105.44,7.834,55.486
2026,15720,"Haskins, Hassan",RB,LAC,NON_IDP,400.0,0.05,1900.3,1900.3,76.9,5.91,40.467
2026,14167,"Hines-Allen, Josh",DE,JAC,IDP,400.0,0.05,2317.92,2317.92,98.55,7.344,42.517
2026,14861,"Johnson, Juwan",TE,NOS,NON_IDP,14.25,0.26490647141300877,10068.05,10068.05,114.21,8.155,11.344
2026,17079,"Johnson, Tez",WR,TBB,NON_IDP,24.25,0.20306923302672383,7717.86,7717.86,105.23,7.778,13.635
2026,16672,"Lassiter, Kamari",CB,HOU,IDP,400.0,0.05,2317.92,2317.92,98.55,7.344,42.517
2026,15368,"McPherson, Evan",PK,CIN,NON_IDP,400.0,0.05,1900.3,1900.3,59.54,5.803,31.332
2026,16171,"Miller, Kendre",RB,NOS,NON_IDP,24.0,0.20412414523193154,7757.95,7757.95,83.6,6.356,10.776
2026,14669,"Nixon, Keisean",CB,GBP,IDP,400.0,0.05,2317.92,2317.92,98.55,7.344,42.517
2026,15388,"Ossai, Joseph",DE,CIN,IDP,400.0,0.05,2317.92,2317.92,98.55,7.344,42.517
2026,16174,"Rodriguez, Chris",RB,WAS,NON_IDP,22.25,0.211999576001272,8057.26,8057.26,85.21,6.463,10.576
2026,13124,"Rush, Cooper",QB,BAL,NON_IDP,400.0,0.05,1900.3,1900.3,191.17,15.162,100.6
2026,16165,"Spears, Tyjae",RB,TEN,NON_IDP,17.0,0.24253562503633297,9217.82,9217.82,91.51,6.883,9.928
2026,16450,"Thomas, Drake",LB,SEA,IDP,400.0,0.05,2317.92,2317.92,98.55,7.344,42.517
2026,14877,"Young, Chase",DE,NOS,IDP,400.0,0.05,2317.92,2317.92,98.55,7.344,42.517
2026,14893,"Baun, Zack",LB,PHI,IDP,400.0,0.05,2317.92,2317.92,98.55,7.344,42.517
2026,16153,"Bennett, Stetson",QB,LAR,NON_IDP,400.0,0.05,1900.3,1900.3,191.17,15.162,100.6
2026,14892,"Brooks, Jordyn",LB,MIA,IDP,400.0,0.05,2317.92,2317.92,98.55,7.344,42.517
2026,13610,"Chubb, Nick",RB,HOU,NON_IDP,25.583333333333332,0.19770672189568103,7514.05,7514.05,82.3,6.27,10.953
2026,15839,"Cross, Nick",S,IND,IDP,400.0,0.05,2317.92,2317.92,98.55,7.344,42.517
2026,16675,"DeJean, Cooper",CB,PHI,IDP,400.0,0.05,2317.92,2317.92,98.55,7.344,42.517
2026,11247,"Ertz, Zach",TE,WAS,NON_IDP,400.0,0.05,1900.3,1900.3,86.03,6.054,45.272
2026,13138,"Hunt, Kareem",RB,KCC,NON_IDP,25.416666666666668,0.19835388147218588,7538.65,7538.65,82.43,6.278,10.934
2026,15805,"Hutchinson, Aidan",DE,DET,IDP,400.0,0.05,2317.92,2317.92,98.55,7.344,42.517
2026,13714,"James, Derwin",S,LAC,IDP,400.0,0.05,2317.92,2317.92,98.55,7.344,42.517
2026,11244,"Kelce, Travis",TE,KCC,NON_IDP,22.083333333333332,0.2127980706395726,8087.61,8087.61,98.39,6.975,12.166
2026,16680,"Little, Cam",PK,JAC,NON_IDP,400.0,0.05,1900.3,1900.3,59.54,5.803,31.332
2026,16263,"Martin, Quan",S,WAS,IDP,400.0,0.05,2317.92,2317.92,98.55,7.344,42.517
2026,12447,"Mostert, Raheem",RB,LVR,NON_IDP,400.0,0.05,1900.3,1900.3,76.9,5.91,40.467
2026,16283,"Overshown, DeMarvion",LB,DAL,IDP,400.0,0.05,2317.92,2317.92,98.55,7.344,42.517
2026,16887,"Rehkow, Ryan",PN,CIN,NON_IDP,400.0,0.05,1900.3,1900.3,105.44,7.834,55.486
2026,14302,"Scott, Nick",S,CAR,IDP,400.0,0.05,2317.92,2317.92,98.55,7.344,42.517
2026,14148,"Sweat, Montez",DE,CHI,IDP,400.0,0.05,2317.92,2317.92,98.55,7.344,42.517
2026,16216,"Washington, Darnell",TE,PIT,NON_IDP,400.0,0.05,1900.3,1900.3,86.03,6.054,45.272
2026,15721,"White, Rachaad",RB,TBB,NON_IDP,21.833333333333332,0.21401291250192653,8133.78,8133.78,85.62,6.491,10.526
2026,15394,"Adebo, Paulson",CB,NYG,IDP,400.0,0.05,2317.92,2317.92,98.55,7.344,42.517
2026,11936,"Boswell, Chris",PK,PIT,NON_IDP,400.0,0.05,1900.3,1900.3,59.54,5.803,31.332
2026,14171,"Burns, Brian",DE,NYG,IDP,400.0,0.05,2317.92,2317.92,98.55,7.344,42.517
2026,14170,"Bush, Devin",LB,CLE,IDP,400.0,0.05,2317.92,2317.92,98.55,7.344,42.517
2026,17241,"Crawshaw, Jeremy",PN,DEN,NON_IDP,400.0,0.05,1900.3,1900.3,105.44,7.834,55.486
2026,15779,"Doubs, Romeo",WR,GBP,NON_IDP,14.583333333333334,0.26186146828319085,9952.32,9952.32,116.9,8.596,11.746
2026,15834,"Hamilton, Kyle",S,BAL,IDP,400.0,0.05,2317.92,2317.92,98.55,7.344,42.517
2026,14138,"Hockenson, T.J.",TE,MIN,NON_IDP,16.833333333333332,0.24373333911071624,9263.34,9263.34,107.72,7.67,11.629
2026,12221,"Hunter, Danielle",DE,HOU,IDP,400.0,0.05,2317.92,2317.92,98.55,7.344,42.517
2026,14073,"Jacobs, Josh",RB,GBP,NON_IDP,6.583333333333333,0.3897418814769785,14812.54,14812.54,124.28,9.064,8.39
2026,14056,"Murray, Kyler",QB,ARI,NON_IDP,8.416666666666666,0.34469099377285567,13100.34,13100.34,208.42,16.172,15.91
2026,15850,"Pitre, Jalen",S,HOU,IDP,400.0,0.05,2317.92,2317.92,98.55,7.344,42.517
2026,16166,"Tucker, Sean",RB,TBB,NON_IDP,21.25,0.21693045781865616,8244.67,8244.67,86.22,6.53,10.458
2026,15256,"Williams, Javonte",RB,DAL,NON_IDP,8.25,0.3481553119113957,13232.0,13232.0,114.53,8.415,8.656
2026,16226,"Wilson, Tyree",DE,LVR,IDP,400.0,0.05,2317.92,2317.92,98.55,7.344,42.517
2026,15238,"Fields, Justin",QB,NYJ,NON_IDP,19.333333333333332,0.22742941307367104,8643.69,8643.69,196.55,15.477,22.739
2026,13424,"Hill, Taysom",TE,NOS,NON_IDP,400.0,0.05,1900.3,1900.3,86.03,6.054,45.272
2026,9207,"Johnson, Josh",QB,WAS,NON_IDP,400.0,0.05,1900.3,1900.3,191.17,15.162,100.6
2026,14059,"Jones, Daniel",QB,IND,NON_IDP,10.5,0.3086066999241838,11728.92,11728.92,204.64,15.951,17.447
2026,13164,"Kupp, Cooper",WR,SEA,NON_IDP,23.75,0.20519567041703082,7798.67,7798.67,105.65,7.807,13.547
2026,17205,"Lambert-Smith, KeAndre",WR,LAC,NON_IDP,400.0,0.05,1900.3,1900.3,99.02,7.342,52.108
2026,13700,"Landry, Harold",DE,NEP,IDP,400.0,0.05,2317.92,2317.92,98.55,7.344,42.517
2026,16149,"Levis, Will",QB,TEN,NON_IDP,400.0,0.05,1900.3,1900.3,191.17,15.162,100.6
2026,14067,"Minshew, Gardner",QB,KCC,NON_IDP,400.0,0.05,1900.3,1900.3,191.17,15.162,100.6
2026,17254,"Mumpfield, Konata",WR,LAR,NON_IDP,400.0,0.05,1900.3,1900.3,99.02,7.342,52.108
2026,12437,"Myers, Jason",PK,SEA,NON_IDP,400.0,0.05,1900.3,1900.3,59.54,5.803,31.332
2026,15692,"Pickett, Kenny",QB,LVR,NON_IDP,400.0,0.05,1900.3,1900.3,191.17,15.162,100.6
2026,12323,"Pinion, Bradley",PN,ATL,NON_IDP,400.0,0.05,1900.3,1900.3,105.44,7.834,55.486
2026,16927,"Redmond, Jalen",DT,MIN,IDP,400.0,0.05,2317.92,2317.92,98.55,7.344,42.517
2026,15716,"Robinson, Brian",RB,SFO,NON_IDP,18.583333333333332,0.23197340190811772,8816.39,8816.39,89.32,6.737,10.131
2026,14412,"Singleton, Alex",LB,DEN,IDP,400.0,0.05,2317.92,2317.92,98.55,7.344,42.517
2026,15003,"Stone, Geno",S,CIN,IDP,400.0,0.05,2317.92,2317.92,98.55,7.344,42.517
2026,16192,"Washington, Parker",WR,JAC,NON_IDP,13.666666666666666,0.27050089040022973,10280.67,10280.67,118.66,8.719,11.542
2026,14168,"White, Devin",LB,LVR,IDP,400.0,0.05,2317.92,2317.92,98.55,7.344,42.517
2026,16241,"Witherspoon, Devon",CB,SEA,IDP,400.0,0.05,2317.92,2317.92,98.55,7.344,42.517
2026,15911,"Araiza, Matt",PN,KCC,NON_IDP,400.0,0.05,1900.3,1900.3,105.44,7.834,55.486
2026,16384,"Bagent, Tyson",QB,CHI,NON_IDP,400.0,0.05,1900.3,1900.3,191.17,15.162,100.6
2026,16799,"Bethune, Tatum",LB,SFO,IDP,400.0,0.05,2317.92,2317.92,98.55,7.344,42.517
2026,15861,"Bonitto, Nik",DE,DEN,IDP,400.0,0.05,2317.92,2317.92,98.55,7.344,42.517
2026,17269,"Chism, Efton",WR,NEP,NON_IDP,400.0,0.05,1900.3,1900.3,99.02,7.342,52.108
2026,15255,"Gainwell, Kenneth",RB,PIT,NON_IDP,15.0,0.2581988897471611,9813.12,9813.12,94.8,7.102,9.661
2026,14224,"Gardner-Johnson, Chauncey",S,CHI,IDP,400.0,0.05,2317.92,2317.92,98.55,7.344,42.517
2026,13672,"Gesicki, Mike",TE,CIN,NON_IDP,25.083333333333332,0.19966749769191655,7588.57,7588.57,94.49,6.685,12.452
2026,12611,"Goff, Jared",QB,DET,NON_IDP,6.5,0.3922322702763681,14907.19,14907.19,213.64,16.478,14.331
2026,15452,"Hufanga, Talanoa",S,DEN,IDP,400.0,0.05,2317.92,2317.92,98.55,7.344,42.517
2026,14179,"Love, Julian",S,SEA,IDP,400.0,0.05,2317.92,2317.92,98.55,7.344,42.517
2026,13130,"McCaffrey, Christian",RB,SFO,NON_IDP,5.5,0.42640143271122083,16205.83,16205.83,133.3,9.665,8.225
2026,15786,"Nailor, Jalen",WR,MIN,NON_IDP,400.0,0.05,1900.3,1900.3,99.02,7.342,52.108
2026,13719,"Pineiro, Eddy",PK,SFO,NON_IDP,400.0,0.05,1900.3,1900.3,59.54,5.803,31.332
2026,14249,"Van Ginkel, Andrew",DE,MIN,IDP,400.0,0.05,2317.92,2317.92,98.55,7.344,42.517
2026,15742,"Warren, Jaylen",RB,PIT,NON_IDP,11.333333333333334,0.2970442628930023,11289.48,11289.48,103.12,7.656,9.134
2026,15756,"Williams, Jameson",WR,DET,NON_IDP,5.25,0.4364357804719848,16587.19,16587.19,155.49,11.302,9.374
2026,17220,"Borregales, Andres",PK,NEP,NON_IDP,400.0,0.05,1900.3,1900.3,59.54,5.803,31.332
2026,16233,"Carter, Jalen",DT,PHI,IDP,400.0,0.05,2317.92,2317.92,98.55,7.344,42.517
2026,10700,"Cousins, Kirk",QB,ATL,NON_IDP,21.583333333333332,0.2152488010002526,8180.75,8180.75,195.37,15.408,23.882
2026,10816,"Davis, Demario",LB,NOS,IDP,400.0,0.05,2317.92,2317.92,98.55,7.344,42.517
2026,9064,"Flacco, Joe",QB,CIN,NON_IDP,25.25,0.19900743804199783,7563.48,7563.48,193.82,15.317,25.626
2026,16778,"Flournoy, Ryan",WR,DAL,NON_IDP,23.583333333333332,0.20591946691637406,7826.18,7826.18,105.79,7.817,13.517
2026,16688,"Guerendo, Isaac",RB,SFO,NON_IDP,25.5,0.19802950859533489,7526.32,7526.32,82.36,6.274,10.943
2026,15254,"Harris, Najee",RB,LAC,NON_IDP,23.333333333333332,0.20701966780270625,7868.0,7868.0,84.19,6.396,10.7
2026,13289,"Hollins, Mack",WR,NEP,NON_IDP,400.0,0.05,1900.3,1900.3,99.02,7.342,52.108
2026,16670,"McKinstry, Kool-Aid",CB,NOS,IDP,400.0,0.05,2317.92,2317.92,98.55,7.344,42.517
2026,15759,"Metchie, John",WR,NYJ,NON_IDP,400.0,0.05,1900.3,1900.3,99.02,7.342,52.108
2026,16843,"Mevis, Harrison",PK,LAR,NON_IDP,400.0,0.05,1900.3,1900.3,59.54,5.803,31.332
2026,17186,"Moore, Malachi",S,NYJ,IDP,400.0,0.05,2317.92,2317.92,98.55,7.344,42.517
2026,7394,"Rivers, Philip",QB,IND,NON_IDP,400.0,0.05,1900.3,1900.3,191.17,15.162,100.6
2026,13791,"Scott, J.K.",PN,LAC,NON_IDP,400.0,0.05,1900.3,1900.3,105.44,7.834,55.486
2026,14122,"Slayton, Darius",WR,NYG,NON_IDP,24.083333333333332,0.20377068324339734,7744.52,7744.52,105.37,7.787,13.606
2026,16788,"Vele, Devaughn",WR,NOS,NON_IDP,23.166666666666668,0.2077630083193331,7896.25,7896.25,106.15,7.842,13.443
2026,10775,"Wagner, Bobby",LB,WAS,IDP,400.0,0.05,2317.92,2317.92,98.55,7.344,42.517
2026,12263,"Waller, Darren",TE,MIA,NON_IDP,400.0,0.05,1900.3,1900.3,86.03,6.054,45.272
2026,15694,"Willis, Malik",QB,GBP,NON_IDP,19.0,0.22941573387056174,8719.18,8719.18,196.74,15.488,22.564
2026,16432,"Wilson, Emanuel",RB,GBP,NON_IDP,19.916666666666668,0.22407410609198133,8516.17,8516.17,87.68,6.628,10.296
2026,14909,"Winfield, Antoine",S,TBB,IDP,400.0,0.05,2317.92,2317.92,98.55,7.344,42.517
2026,12140,"Winston, Jameis",QB,NYG,NON_IDP,400.0,0.05,1900.3,1900.3,191.17,15.162,100.6
2026,14590,"Al-Shaair, Azeez",LB,HOU,IDP,400.0,0.05,2317.92,2317.92,98.55,7.344,42.517
2026,13589,"Allen, Josh",QB,BUF,NON_IDP,1.0,1.0,38006.04,38006.04,435.3,27.456,11.453
2026,13268,"Anzalone, Alex",LB,DET,IDP,400.0,0.05,2317.92,2317.92,98.55,7.344,42.517
2026,16700,"Bishop, Cole",S,BUF,IDP,400.0,0.05,2317.92,2317.92,98.55,7.344,42.517
2026,13418,"Bourne, Kendrick",WR,SFO,NON_IDP,400.0,0.05,1900.3,1900.3,99.02,7.342,52.108
2026,15797,"Dulcich, Greg",TE,MIA,NON_IDP,400.0,0.05,1900.3,1900.3,86.03,6.054,45.272
2026,15331,"Freiermuth, Pat",TE,PIT,NON_IDP,21.666666666666668,0.21483446221182986,8165.01,8165.01,99.0,7.021,12.125
2026,16156,"Haener, Jake",QB,NOS,NON_IDP,400.0,0.05,1900.3,1900.3,191.17,15.162,100.6
2026,14940,"Highsmith, Alex",DE,PIT,IDP,400.0,0.05,2317.92,2317.92,98.55,7.344,42.517
2026,16151,"Hooker, Hendon",QB,NYJ,NON_IDP,400.0,0.05,1900.3,1900.3,191.17,15.162,100.6
2026,14789,"Huntley, Tyler",QB,BAL,NON_IDP,400.0,0.05,1900.3,1900.3,191.17,15.162,100.6
2026,13593,"Jackson, Lamar",QB,BAL,NON_IDP,1.5833333333333335,0.7947194142390261,30204.14,30204.14,285.7,20.698,9.459
2026,14095,"Johnson, Ty",RB,BUF,NON_IDP,400.0,0.05,1900.3,1900.3,76.9,5.91,40.467
2026,14717,"McLaughlin, Chase",PK,TBB,NON_IDP,400.0,0.05,1900.3,1900.3,59.54,5.803,31.332
2026,16197,"Mingo, Jonathan",WR,DAL,NON_IDP,400.0,0.05,1900.3,1900.3,99.02,7.342,52.108
2026,13131,"Mixon, Joe",RB,HOU,NON_IDP,22.666666666666668,0.21004201260420147,7982.86,7982.86,84.81,6.437,10.624
2026,16725,"Mustapha, Malik",S,SFO,IDP,400.0,0.05,2317.92,2317.92,98.55,7.344,42.517
2026,13813,"Oluokun, Foyesade",LB,JAC,IDP,400.0,0.05,2317.92,2317.92,98.55,7.344,42.517
2026,15762,"Pickens, George",WR,DAL,NON_IDP,3.5,0.5345224838248488,20315.08,20315.08,181.55,13.13,8.937
2026,15076,"Rozeboom, Christian",LB,CAR,IDP,400.0,0.05,2317.92,2317.92,98.55,7.344,42.517
2026,16282,"Turner, Kobie",DT,LAR,IDP,400.0,0.05,2317.92,2317.92,98.55,7.344,42.517
2026,13604,"Barkley, Saquon",RB,PHI,NON_IDP,6.083333333333333,0.4054424270396916,15409.26,15409.26,128.09,9.318,8.313
2026,16846,"Bates, Jake",PK,DET,NON_IDP,400.0,0.05,1900.3,1900.3,59.54,5.803,31.332
2026,12616,"Brissett, Jacoby",QB,ARI,NON_IDP,19.416666666666668,0.2269408423416701,8625.12,8625.12,196.5,15.474,22.782
2026,12752,"Byard, Kevin",S,CHI,IDP,400.0,0.05,2317.92,2317.92,98.55,7.344,42.517
2026,15817,"Davis, Jordan",DT,PHI,IDP,400.0,0.05,2317.92,2317.92,98.55,7.344,42.517
2026,15821,"Dean, Nakobe",LB,PHI,IDP,400.0,0.05,2317.92,2317.92,98.55,7.344,42.517
2026,13697,"Edmunds, Tremaine",LB,CHI,IDP,400.0,0.05,2317.92,2317.92,98.55,7.344,42.517
2026,17105,"Helm, Gunnar",TE,TEN,NON_IDP,18.916666666666668,0.22992049957180422,8738.37,8738.37,103.53,7.358,11.848
2026,14910,"Jones, Brandon",S,DEN,IDP,400.0,0.05,2317.92,2317.92,98.55,7.344,42.517
2026,16773,"Jordan, Jawhar",RB,HOU,NON_IDP,400.0,0.05,1900.3,1900.3,76.9,5.91,40.467
2026,11769,"Lawrence, Demarcus",DE,SEA,IDP,400.0,0.05,2317.92,2317.92,98.55,7.344,42.517
2026,17339,"McNamara, Austin",PN,NYJ,NON_IDP,400.0,0.05,1900.3,1900.3,105.44,7.834,55.486
2026,14210,"Pratt, Germaine",LB,IND,IDP,400.0,0.05,2317.92,2317.92,98.55,7.344,42.517
2026,16184,"Reed, Jayden",WR,GBP,NON_IDP,12.583333333333334,0.28190459144096375,10714.08,10714.08,121.0,8.883,11.294
2026,15284,"Waddle, Jaylen",WR,MIA,NON_IDP,6.833333333333333,0.38254602783800296,14539.06,14539.06,142.75,10.409,9.818
2026,15712,"Allgeier, Tyler",RB,ATL,NON_IDP,15.916666666666666,0.2506535958866141,9526.35,9526.35,93.21,6.996,9.784
2026,15355,"Bolton, Nick",LB,KCC,IDP,400.0,0.05,2317.92,2317.92,98.55,7.344,42.517
2026,16193,"Boutte, Kayshon",WR,NEP,NON_IDP,15.25,0.25607375986579195,9732.35,9732.35,115.73,8.514,11.891
2026,16295,"Conner, Chamarri",S,KCC,IDP,400.0,0.05,2317.92,2317.92,98.55,7.344,42.517
2026,13146,"Conner, James",RB,ARI,NON_IDP,17.583333333333332,0.2384785900551493,9063.63,9063.63,90.67,6.827,10.004
2026,13713,"Fitzpatrick, Minkah",S,MIA,IDP,400.0,0.05,2317.92,2317.92,98.55,7.344,42.517
2026,12676,"Henry, Hunter",TE,NEP,NON_IDP,16.416666666666668,0.24680702093691811,9380.16,9380.16,108.65,7.74,11.583
2026,15404,"Jones, Ernest",LB,SEA,IDP,400.0,0.05,2317.92,2317.92,98.55,7.344,42.517
2026,16676,"Kinchens, Kamren",S,LAR,IDP,400.0,0.05,2317.92,2317.92,98.55,7.344,42.517
2026,15727,"Knight, Bam",RB,ARI,NON_IDP,400.0,0.05,1900.3,1900.3,76.9,5.91,40.467
2026,15822,"Lloyd, Devin",LB,JAC,IDP,400.0,0.05,2317.92,2317.92,98.55,7.344,42.517
2026,17222,"Loop, Tyler",PK,BAL,NON_IDP,400.0,0.05,1900.3,1900.3,59.54,5.803,31.332
2026,16252,"McDonald, Will",DE,NYJ,IDP,400.0,0.05,2317.92,2317.92,98.55,7.344,42.517
2026,16189,"Mims, Marvin",WR,DEN,NON_IDP,23.0,0.20851441405707477,7924.81,7924.81,106.3,7.852,13.414
2026,14163,"Simmons, Jeffery",DT,TEN,IDP,400.0,0.05,2317.92,2317.92,98.55,7.344,42.517
2026,15259,"Stevenson, Rhamondre",RB,NEP,NON_IDP,12.5,0.282842712474619,10749.73,10749.73,100.05,7.451,9.307
2026,16036,"Tonges, Jake",TE,SFO,NON_IDP,21.333333333333332,0.21650635094610968,8228.55,8228.55,99.5,7.058,12.092
2026,15051,"Townsend, Tommy",PN,HOU,NON_IDP,400.0,0.05,1900.3,1900.3,105.44,7.834,55.486
2026,14221,"Williams, Quincy",LB,NYJ,IDP,400.0,0.05,2317.92,2317.92,98.55,7.344,42.517
2026,11222,"Allen, Keenan",WR,LAC,NON_IDP,21.916666666666668,0.2136056563526713,8118.3,8118.3,107.29,7.922,13.216
2026,16245,"Battle, Jordan",S,CIN,IDP,400.0,0.05,2317.92,2317.92,98.55,7.344,42.517
2026,16314,"Dennis, SirVocea",LB,TBB,IDP,400.0,0.05,2317.92,2317.92,98.55,7.344,42.517
2026,15979,"Dicker, Cameron",PK,LAC,NON_IDP,400.0,0.05,1900.3,1900.3,59.54,5.803,31.332
2026,12842,"Dixon, Riley",PN,TBB,NON_IDP,400.0,0.05,1900.3,1900.3,105.44,7.834,55.486
2026,12860,"Fairbairn, Ka'imi",PK,HOU,NON_IDP,400.0,0.05,1900.3,1900.3,59.54,5.803,31.332
2026,17213,"Hawes, Jackson",TE,BUF,NON_IDP,400.0,0.05,1900.3,1900.3,86.03,6.054,45.272
2026,14143,"Knox, Dawson",TE,BUF,NON_IDP,400.0,0.05,1900.3,1900.3,86.03,6.054,45.272
2026,13116,"Mahomes, Patrick",QB,KCC,NON_IDP,1.9166666666666665,0.7223151185146153,27452.34,27452.34,265.49,19.514,9.671
2026,15252,"Mills, Davis",QB,HOU,NON_IDP,400.0,0.05,1900.3,1900.3,191.17,15.162,100.6
2026,16703,"Phillips, Andru",CB,NYG,IDP,400.0,0.05,2317.92,2317.92,98.55,7.344,42.517
2026,14896,"Queen, Patrick",LB,PIT,IDP,400.0,0.05,2317.92,2317.92,98.55,7.344,42.517
2026,13629,"Ridley, Calvin",WR,TEN,NON_IDP,21.5,0.21566554640687682,8196.59,8196.59,107.7,7.95,13.14
2026,16231,"Sanders, Drew",LB,DEN,IDP,400.0,0.05,2317.92,2317.92,98.55,7.344,42.517
2026,16221,"Schoonmaker, Luke",TE,DAL,NON_IDP,400.0,0.05,1900.3,1900.3,86.03,6.054,45.272
2026,15428,"Sherwood, Jamien",LB,NYJ,IDP,400.0,0.05,2317.92,2317.92,98.55,7.344,42.517
2026,14080,"Singletary, Devin",RB,NYG,NON_IDP,25.166666666666668,0.19933664825552863,7576.0,7576.0,82.63,6.292,10.907
2026,16228,"Smith, Nolan",DE,PHI,IDP,400.0,0.05,2317.92,2317.92,98.55,7.344,42.517
