player,pos,age,dyn_sf_rank,redraft_rank,win_now,asset,low_k,median_k,top10_k,price_confidence,deal_type,true_cost
Dak Prescott,QB,32.9,QB15,QB11,B,C,31.0,38.0,45.0,model,1-yr / situational,keep it 1-yr; redraft bet with trade optionality
DeVonta Smith,WR,27.6,WR19,WR12,B,C,19.0,21.0,30.0,model,1-yr / situational,keep it 1-yr; redraft bet with trade optionality
Jaylen Waddle,WR,27.6,WR20,WR20,C,C,19.0,21.0,30.0,model,1-yr / situational,keep it 1-yr; redraft bet with trade optionality
Jameson Williams,WR,25.2,WR28,WR30,D,D,19.0,21.0,30.0,model,1-yr / situational,keep it 1-yr; redraft bet with trade optionality
Josh Jacobs,RB,28.4,RB23,RB19,C,C,17.0,21.0,39.0,model,1-yr / situational,keep it 1-yr; redraft bet with trade optionality
D'Andre Swift,RB,27.4,RB25,RB25,D,D,17.0,21.0,39.0,model,1-yr / situational,keep it 1-yr; redraft bet with trade optionality
Jaylen Warren,RB,27.6,RB28,RB27,D,D,17.0,21.0,39.0,model,1-yr / situational,keep it 1-yr; redraft bet with trade optionality
Rhamondre Stevenson,RB,28.3,RB31,RB31,D,D,17.0,21.0,39.0,model,1-yr / situational,keep it 1-yr; redraft bet with trade optionality
Chuba Hubbard,RB,27,RB34,RB26,D,D,17.0,21.0,39.0,model,1-yr / situational,keep it 1-yr; redraft bet with trade optionality
Kyler Murray,QB,28.9,QB17,QB23,C,C,15.0,18.0,50.0,model,1-yr / situational,keep it 1-yr; redraft bet with trade optionality
Jared Goff,QB,31.7,QB19,QB15,C,C,15.0,18.0,50.0,model,1-yr / situational,keep it 1-yr; redraft bet with trade optionality
Malik Willis,QB,27.1,QB24,QB27,D,C,15.0,18.0,50.0,model,1-yr / situational,keep it 1-yr; redraft bet with trade optionality
Matthew Stafford,QB,38.4,QB25,QB18,C,D,15.0,18.0,50.0,model,1-yr rental / flip,"expires clean at roll-forward, or trade penalty-free (§D3) — bounded"
Daniel Jones,QB,29.1,QB27,QB25,D,D,15.0,18.0,50.0,model,1-yr / situational,keep it 1-yr; redraft bet with trade optionality
DK Metcalf,WR,28.5,WR36,WR37,D,D,10.0,16.0,32.0,model,1-yr / situational,keep it 1-yr; redraft bet with trade optionality
Brandon Aiyuk,WR,28.3,WR38,WR59,D,D,10.0,16.0,32.0,model,1-yr / situational,keep it 1-yr; redraft bet with trade optionality
Parker Washington,WR,24.2,WR47,WR42,D,D,10.0,16.0,32.0,model,1-yr / situational,keep it 1-yr; redraft bet with trade optionality
Isaiah Likely,TE,26.2,TE15,TE13,C,C,8.0,9.0,21.0,model,1-yr / situational,keep it 1-yr; redraft bet with trade optionality
Jonathan Taylor,RB,27.4,RB9,RB3,A,B,1.0,4.0,20.0,scarce,cut-free dart,"$0 downside — cut anytime (1-yr ≤$4K, §D2)"
Saquon Barkley,RB,29.4,RB15,RB9,B,C,1.0,4.0,20.0,scarce,cut-free dart,"$0 downside — cut anytime (1-yr ≤$4K, §D2)"
Josh Allen,QB,30.1,QB1,QB1,A,A,1.0,4.0,31.0,scarce,cut-free dart,"$0 downside — cut anytime (1-yr ≤$4K, §D2)"
Lamar Jackson,QB,29.4,QB2,QB2,A,A,1.0,4.0,31.0,scarce,cut-free dart,"$0 downside — cut anytime (1-yr ≤$4K, §D2)"
Patrick Mahomes II,QB,30.8,QB3,QB6,A,A,1.0,4.0,31.0,scarce,cut-free dart,"$0 downside — cut anytime (1-yr ≤$4K, §D2)"
Joe Burrow,QB,29.5,QB4,QB4,A,A,1.0,4.0,31.0,scarce,cut-free dart,"$0 downside — cut anytime (1-yr ≤$4K, §D2)"
Kenneth Gainwell,RB,27.3,RB37,RB35,D,D,1.0,3.0,9.0,model,cut-free dart,"$0 downside — cut anytime (1-yr ≤$4K, §D2)"
Tyler Allgeier,RB,26.2,RB40,RB48,D,D,1.0,3.0,9.0,model,cut-free dart,"$0 downside — cut anytime (1-yr ≤$4K, §D2)"
Rachaad White,RB,27.4,RB44,RB38,D,D,1.0,3.0,9.0,model,cut-free dart,"$0 downside — cut anytime (1-yr ≤$4K, §D2)"
Aaron Jones Sr.,RB,31.5,RB51,RB33,D,D,1.0,3.0,9.0,model,cut-free dart,"$0 downside — cut anytime (1-yr ≤$4K, §D2)"
Isiah Pacheco,RB,27.3,RB52,RB47,D,D,1.0,3.0,9.0,model,cut-free dart,"$0 downside — cut anytime (1-yr ≤$4K, §D2)"
Brian Robinson Jr.,RB,27.2,RB56,RB52,D,D,1.0,3.0,9.0,model,cut-free dart,"$0 downside — cut anytime (1-yr ≤$4K, §D2)"
Alvin Kamara,RB,30.9,RB57,RB40,D,D,1.0,3.0,9.0,model,cut-free dart,"$0 downside — cut anytime (1-yr ≤$4K, §D2)"
James Conner,RB,31.1,RB63,,—,D,1.0,3.0,9.0,model,cut-free dart,"$0 downside — cut anytime (1-yr ≤$4K, §D2)"
Najee Harris,RB,28.3,RB78,,—,D,1.0,3.0,9.0,model,cut-free dart,"$0 downside — cut anytime (1-yr ≤$4K, §D2)"
Brashard Smith,RB,23.2,RB80,,—,D,1.0,3.0,9.0,model,cut-free dart,"$0 downside — cut anytime (1-yr ≤$4K, §D2)"
Chris Brooks,RB,26.4,RB82,,—,D,1.0,3.0,9.0,model,cut-free dart,"$0 downside — cut anytime (1-yr ≤$4K, §D2)"
J'Mari Taylor,RB,NA,RB83,,—,D,1.0,3.0,9.0,model,cut-free dart,"$0 downside — cut anytime (1-yr ≤$4K, §D2)"
Roman Hemby,RB,NA,RB90,,—,D,1.0,3.0,9.0,model,cut-free dart,"$0 downside — cut anytime (1-yr ≤$4K, §D2)"
Jerome Ford,RB,26.8,RB91,,—,D,1.0,3.0,9.0,model,cut-free dart,"$0 downside — cut anytime (1-yr ≤$4K, §D2)"
Justice Hill,RB,28.6,RB92,,—,D,1.0,3.0,9.0,model,cut-free dart,"$0 downside — cut anytime (1-yr ≤$4K, §D2)"
Devin Singletary,RB,28.8,RB93,,—,D,1.0,3.0,9.0,model,cut-free dart,"$0 downside — cut anytime (1-yr ≤$4K, §D2)"
Raheim Sanders,RB,24,RB94,,—,D,1.0,3.0,9.0,model,cut-free dart,"$0 downside — cut anytime (1-yr ≤$4K, §D2)"
George Holani,RB,26.5,RB97,,—,D,1.0,3.0,9.0,model,cut-free dart,"$0 downside — cut anytime (1-yr ≤$4K, §D2)"
Isaac Guerendo,RB,26,RB98,,—,D,1.0,3.0,9.0,model,cut-free dart,"$0 downside — cut anytime (1-yr ≤$4K, §D2)"
Michael Carter,RB,27.1,RB99,,—,D,1.0,3.0,9.0,model,cut-free dart,"$0 downside — cut anytime (1-yr ≤$4K, §D2)"
Joe Mixon,RB,29.9,RB100,,—,D,1.0,3.0,9.0,model,cut-free dart,"$0 downside — cut anytime (1-yr ≤$4K, §D2)"
Kareem Hunt,RB,30.9,RB101,,—,D,1.0,3.0,9.0,model,cut-free dart,"$0 downside — cut anytime (1-yr ≤$4K, §D2)"
Ty Johnson,RB,28.8,RB102,,—,D,1.0,3.0,9.0,model,cut-free dart,"$0 downside — cut anytime (1-yr ≤$4K, §D2)"
Malik Davis,RB,27.6,RB103,,—,D,1.0,3.0,9.0,model,cut-free dart,"$0 downside — cut anytime (1-yr ≤$4K, §D2)"
Audric Estime,RB,22.8,RB104,,—,D,1.0,3.0,9.0,model,cut-free dart,"$0 downside — cut anytime (1-yr ≤$4K, §D2)"
Nick Chubb,RB,NA,RB105,,—,D,1.0,3.0,9.0,model,cut-free dart,"$0 downside — cut anytime (1-yr ≤$4K, §D2)"
Samaje Perine,RB,30.8,RB106,,—,D,1.0,3.0,9.0,model,cut-free dart,"$0 downside — cut anytime (1-yr ≤$4K, §D2)"
Jaleel McLaughlin,RB,25.8,RB108,,—,D,1.0,3.0,9.0,model,cut-free dart,"$0 downside — cut anytime (1-yr ≤$4K, §D2)"
Terion Stewart,RB,NA,RB109,,—,D,1.0,3.0,9.0,model,cut-free dart,"$0 downside — cut anytime (1-yr ≤$4K, §D2)"
Noah Whittington,RB,NA,RB110,,—,D,1.0,3.0,9.0,model,cut-free dart,"$0 downside — cut anytime (1-yr ≤$4K, §D2)"
CJ Donaldson,RB,NA,RB111,,—,D,1.0,3.0,9.0,model,cut-free dart,"$0 downside — cut anytime (1-yr ≤$4K, §D2)"
Dean Connors,RB,NA,RB112,,—,D,1.0,3.0,9.0,model,cut-free dart,"$0 downside — cut anytime (1-yr ≤$4K, §D2)"
Daylan Smothers,RB,NA,RB113,,—,D,1.0,3.0,9.0,model,cut-free dart,"$0 downside — cut anytime (1-yr ≤$4K, §D2)"
Chip Trayanum,RB,NA,RB114,,—,D,1.0,3.0,9.0,model,cut-free dart,"$0 downside — cut anytime (1-yr ≤$4K, §D2)"
Jaydn Ott,RB,NA,RB115,,—,D,1.0,3.0,9.0,model,cut-free dart,"$0 downside — cut anytime (1-yr ≤$4K, §D2)"
Desmond Reid,RB,NA,RB116,,—,D,1.0,3.0,9.0,model,cut-free dart,"$0 downside — cut anytime (1-yr ≤$4K, §D2)"
Rahsul Faison,RB,NA,RB117,,—,D,1.0,3.0,9.0,model,cut-free dart,"$0 downside — cut anytime (1-yr ≤$4K, §D2)"
Phil Mafah,RB,23.7,RB118,,—,D,1.0,3.0,9.0,model,cut-free dart,"$0 downside — cut anytime (1-yr ≤$4K, §D2)"
Mark Fletcher,RB,NA,RB119,,—,D,1.0,3.0,9.0,model,cut-free dart,"$0 downside — cut anytime (1-yr ≤$4K, §D2)"
Damien Martinez,RB,22.4,RB120,,—,D,1.0,3.0,9.0,model,cut-free dart,"$0 downside — cut anytime (1-yr ≤$4K, §D2)"
Emari Demercado,RB,27.4,RB121,,—,D,1.0,3.0,9.0,model,cut-free dart,"$0 downside — cut anytime (1-yr ≤$4K, §D2)"
Antonio Gibson,RB,NA,RB122,,—,D,1.0,3.0,9.0,model,cut-free dart,"$0 downside — cut anytime (1-yr ≤$4K, §D2)"
Bam Knight,RB,25.2,RB123,,—,D,1.0,3.0,9.0,model,cut-free dart,"$0 downside — cut anytime (1-yr ≤$4K, §D2)"
Dameon Pierce,RB,26.3,RB124,,—,D,1.0,3.0,9.0,model,cut-free dart,"$0 downside — cut anytime (1-yr ≤$4K, §D2)"
Miles Sanders,RB,29.1,RB125,,—,D,1.0,3.0,9.0,model,cut-free dart,"$0 downside — cut anytime (1-yr ≤$4K, §D2)"
Raheem Mostert,RB,NA,RB126,,—,D,1.0,3.0,9.0,model,cut-free dart,"$0 downside — cut anytime (1-yr ≤$4K, §D2)"
Ty Chandler,RB,28.1,RB128,,—,D,1.0,3.0,9.0,model,cut-free dart,"$0 downside — cut anytime (1-yr ≤$4K, §D2)"
Tyler Badie,RB,26.4,RB129,,—,D,1.0,3.0,9.0,model,cut-free dart,"$0 downside — cut anytime (1-yr ≤$4K, §D2)"
Austin Ekeler,RB,NA,RB130,,—,D,1.0,3.0,9.0,model,cut-free dart,"$0 downside — cut anytime (1-yr ≤$4K, §D2)"
Jawhar Jordan,RB,26.8,RB131,,—,D,1.0,3.0,9.0,model,cut-free dart,"$0 downside — cut anytime (1-yr ≤$4K, §D2)"
Jeremy McNichols,RB,30.5,RB132,,—,D,1.0,3.0,9.0,model,cut-free dart,"$0 downside — cut anytime (1-yr ≤$4K, §D2)"
Kalel Mullings,RB,23.7,RB133,,—,D,1.0,3.0,9.0,model,cut-free dart,"$0 downside — cut anytime (1-yr ≤$4K, §D2)"
Elijah Mitchell,RB,NA,RB134,,—,D,1.0,3.0,9.0,model,cut-free dart,"$0 downside — cut anytime (1-yr ≤$4K, §D2)"
Zamir White,RB,NA,RB135,,—,D,1.0,3.0,9.0,model,cut-free dart,"$0 downside — cut anytime (1-yr ≤$4K, §D2)"
Khalil Herbert,RB,NA,RB136,,—,D,1.0,3.0,9.0,model,cut-free dart,"$0 downside — cut anytime (1-yr ≤$4K, §D2)"
Tyler Goodson,RB,25.6,RB137,,—,D,1.0,3.0,9.0,model,cut-free dart,"$0 downside — cut anytime (1-yr ≤$4K, §D2)"
Alexander Mattison,RB,28,RB138,,—,D,1.0,3.0,9.0,model,cut-free dart,"$0 downside — cut anytime (1-yr ≤$4K, §D2)"
AJ Dillon,RB,28.1,RB139,,—,D,1.0,3.0,9.0,model,cut-free dart,"$0 downside — cut anytime (1-yr ≤$4K, §D2)"
Hassan Haskins,RB,26.6,RB141,,—,D,1.0,3.0,9.0,model,cut-free dart,"$0 downside — cut anytime (1-yr ≤$4K, §D2)"
Cam Akers,RB,NA,RB142,,—,D,1.0,3.0,9.0,model,cut-free dart,"$0 downside — cut anytime (1-yr ≤$4K, §D2)"
Donovan Edwards,RB,23.3,RB143,,—,D,1.0,3.0,9.0,model,cut-free dart,"$0 downside — cut anytime (1-yr ≤$4K, §D2)"
Ameer Abdullah,RB,NA,RB144,,—,D,1.0,3.0,9.0,model,cut-free dart,"$0 downside — cut anytime (1-yr ≤$4K, §D2)"
Kenny McIntosh,RB,26.3,RB145,,—,D,1.0,3.0,9.0,model,cut-free dart,"$0 downside — cut anytime (1-yr ≤$4K, §D2)"
Gus Edwards,RB,NA,RB146,,—,D,1.0,3.0,9.0,model,cut-free dart,"$0 downside — cut anytime (1-yr ≤$4K, §D2)"
Eric Gray,RB,NA,RB147,,—,D,1.0,3.0,9.0,model,cut-free dart,"$0 downside — cut anytime (1-yr ≤$4K, §D2)"
Dare Ogunbowale,RB,NA,RB148,,—,D,1.0,3.0,9.0,model,cut-free dart,"$0 downside — cut anytime (1-yr ≤$4K, §D2)"
Evan Hull,RB,NA,RB149,,—,D,1.0,3.0,9.0,model,cut-free dart,"$0 downside — cut anytime (1-yr ≤$4K, §D2)"
Zack Moss,RB,NA,RB150,,—,D,1.0,3.0,9.0,model,cut-free dart,"$0 downside — cut anytime (1-yr ≤$4K, §D2)"
Sincere McCormick,RB,NA,RB151,,—,D,1.0,3.0,9.0,model,cut-free dart,"$0 downside — cut anytime (1-yr ≤$4K, §D2)"
Jaret Patterson,RB,NA,RB152,,—,D,1.0,3.0,9.0,model,cut-free dart,"$0 downside — cut anytime (1-yr ≤$4K, §D2)"
Carson Steele,RB,NA,RB153,,—,D,1.0,3.0,9.0,model,cut-free dart,"$0 downside — cut anytime (1-yr ≤$4K, §D2)"
Cody Schrader,RB,NA,RB154,,—,D,1.0,3.0,9.0,model,cut-free dart,"$0 downside — cut anytime (1-yr ≤$4K, §D2)"
Craig Reynolds,RB,NA,RB155,,—,D,1.0,3.0,9.0,model,cut-free dart,"$0 downside — cut anytime (1-yr ≤$4K, §D2)"
Trey Sermon,RB,NA,RB156,,—,D,1.0,3.0,9.0,model,cut-free dart,"$0 downside — cut anytime (1-yr ≤$4K, §D2)"
Marcus Yarns,RB,NA,RB157,,—,D,1.0,3.0,9.0,model,cut-free dart,"$0 downside — cut anytime (1-yr ≤$4K, §D2)"
Israel Abanikanda,RB,23.7,RB158,,—,D,1.0,3.0,9.0,model,cut-free dart,"$0 downside — cut anytime (1-yr ≤$4K, §D2)"
Pierre Strong Jr.,RB,NA,RB159,,—,D,1.0,3.0,9.0,model,cut-free dart,"$0 downside — cut anytime (1-yr ≤$4K, §D2)"
Clyde Edwards-Helaire,RB,NA,RB160,,—,D,1.0,3.0,9.0,model,cut-free dart,"$0 downside — cut anytime (1-yr ≤$4K, §D2)"
Deuce Vaughn,RB,24.6,RB161,,—,D,1.0,3.0,9.0,model,cut-free dart,"$0 downside — cut anytime (1-yr ≤$4K, §D2)"
DeeJay Dallas,RB,NA,RB162,,—,D,1.0,3.0,9.0,model,cut-free dart,"$0 downside — cut anytime (1-yr ≤$4K, §D2)"
Frank Gore Jr.,RB,24.3,RB163,,—,D,1.0,3.0,9.0,model,cut-free dart,"$0 downside — cut anytime (1-yr ≤$4K, §D2)"
Keaontay Ingram,RB,NA,RB164,,—,D,1.0,3.0,9.0,model,cut-free dart,"$0 downside — cut anytime (1-yr ≤$4K, §D2)"
D'Onta Foreman,RB,NA,RB165,,—,D,1.0,3.0,9.0,model,cut-free dart,"$0 downside — cut anytime (1-yr ≤$4K, §D2)"
Keilan Robinson,RB,NA,RB166,,—,D,1.0,3.0,9.0,model,cut-free dart,"$0 downside — cut anytime (1-yr ≤$4K, §D2)"
Blake Watson,RB,NA,RB167,,—,D,1.0,3.0,9.0,model,cut-free dart,"$0 downside — cut anytime (1-yr ≤$4K, §D2)"
Kendall Milton,RB,24.4,RB168,,—,D,1.0,3.0,9.0,model,cut-free dart,"$0 downside — cut anytime (1-yr ≤$4K, §D2)"
Deneric Prince,RB,NA,RB169,,—,D,1.0,3.0,9.0,model,cut-free dart,"$0 downside — cut anytime (1-yr ≤$4K, §D2)"
Cordarrelle Patterson,RB,NA,RB170,,—,D,1.0,3.0,9.0,model,cut-free dart,"$0 downside — cut anytime (1-yr ≤$4K, §D2)"
D'Ernest Johnson,RB,NA,RB171,,—,D,1.0,3.0,9.0,model,cut-free dart,"$0 downside — cut anytime (1-yr ≤$4K, §D2)"
Joshua Kelley,RB,NA,RB172,,—,D,1.0,3.0,9.0,model,cut-free dart,"$0 downside — cut anytime (1-yr ≤$4K, §D2)"
Jeff Wilson Jr.,RB,NA,RB173,,—,D,1.0,3.0,9.0,model,cut-free dart,"$0 downside — cut anytime (1-yr ≤$4K, §D2)"
Dillon Johnson,RB,NA,RB174,,—,D,1.0,3.0,9.0,model,cut-free dart,"$0 downside — cut anytime (1-yr ≤$4K, §D2)"
Dalvin Cook,RB,NA,RB175,,—,D,1.0,3.0,9.0,model,cut-free dart,"$0 downside — cut anytime (1-yr ≤$4K, §D2)"
Daijun Edwards,RB,NA,RB176,,—,D,1.0,3.0,9.0,model,cut-free dart,"$0 downside — cut anytime (1-yr ≤$4K, §D2)"
Salvon Ahmed,RB,NA,RB177,,—,D,1.0,3.0,9.0,model,cut-free dart,"$0 downside — cut anytime (1-yr ≤$4K, §D2)"
Ronnie Rivers,RB,NA,RB178,,—,D,1.0,3.0,9.0,model,cut-free dart,"$0 downside — cut anytime (1-yr ≤$4K, §D2)"
Julius Chestnut,RB,25.6,RB179,,—,D,1.0,3.0,9.0,model,cut-free dart,"$0 downside — cut anytime (1-yr ≤$4K, §D2)"
Chase Edmonds,RB,NA,RB180,,—,D,1.0,3.0,9.0,model,cut-free dart,"$0 downside — cut anytime (1-yr ≤$4K, §D2)"
Darrynton Evans,RB,NA,RB181,,—,D,1.0,3.0,9.0,model,cut-free dart,"$0 downside — cut anytime (1-yr ≤$4K, §D2)"
Kene Nwangwu,RB,NA,RB182,,—,D,1.0,3.0,9.0,model,cut-free dart,"$0 downside — cut anytime (1-yr ≤$4K, §D2)"
Jerick McKinnon,RB,NA,RB183,,—,D,1.0,3.0,9.0,model,cut-free dart,"$0 downside — cut anytime (1-yr ≤$4K, §D2)"
Chris Evans,RB,NA,RB184,,—,D,1.0,3.0,9.0,model,cut-free dart,"$0 downside — cut anytime (1-yr ≤$4K, §D2)"
Jase McClellan,RB,NA,RB185,,—,D,1.0,3.0,9.0,model,cut-free dart,"$0 downside — cut anytime (1-yr ≤$4K, §D2)"
JaMycal Hasty,RB,NA,RB186,,—,D,1.0,3.0,9.0,model,cut-free dart,"$0 downside — cut anytime (1-yr ≤$4K, §D2)"
Kevin Harris,RB,NA,RB187,,—,D,1.0,3.0,9.0,model,cut-free dart,"$0 downside — cut anytime (1-yr ≤$4K, §D2)"
Travis Homer,RB,NA,RB188,,—,D,1.0,3.0,9.0,model,cut-free dart,"$0 downside — cut anytime (1-yr ≤$4K, §D2)"
Trayveon Williams,RB,NA,RB189,,—,D,1.0,3.0,9.0,model,cut-free dart,"$0 downside — cut anytime (1-yr ≤$4K, §D2)"
Tyrion Davis-Price,RB,NA,RB190,,—,D,1.0,3.0,9.0,model,cut-free dart,"$0 downside — cut anytime (1-yr ≤$4K, §D2)"
DeWayne McBride,RB,NA,RB191,,—,D,1.0,3.0,9.0,model,cut-free dart,"$0 downside — cut anytime (1-yr ≤$4K, §D2)"
Nyheim Miller-Hines,RB,NA,RB192,,—,D,1.0,3.0,9.0,model,cut-free dart,"$0 downside — cut anytime (1-yr ≤$4K, §D2)"
Matt Breida,RB,NA,RB193,,—,D,1.0,3.0,9.0,model,cut-free dart,"$0 downside — cut anytime (1-yr ≤$4K, §D2)"
Michael Wiley,RB,NA,RB194,,—,D,1.0,3.0,9.0,model,cut-free dart,"$0 downside — cut anytime (1-yr ≤$4K, §D2)"
Royce Freeman,RB,NA,RB195,,—,D,1.0,3.0,9.0,model,cut-free dart,"$0 downside — cut anytime (1-yr ≤$4K, §D2)"
Gary Brightwell,RB,NA,RB196,,—,D,1.0,3.0,9.0,model,cut-free dart,"$0 downside — cut anytime (1-yr ≤$4K, §D2)"
Emani Bailey,RB,NA,RB197,,—,D,1.0,3.0,9.0,model,cut-free dart,"$0 downside — cut anytime (1-yr ≤$4K, §D2)"
Lew Nichols III,RB,NA,RB198,,—,D,1.0,3.0,9.0,model,cut-free dart,"$0 downside — cut anytime (1-yr ≤$4K, §D2)"
Jashaun Corbin,RB,NA,RB199,,—,D,1.0,3.0,9.0,model,cut-free dart,"$0 downside — cut anytime (1-yr ≤$4K, §D2)"
Romeo Doubs,WR,26.2,WR59,WR57,D,D,1.0,2.0,6.0,model,cut-free dart,"$0 downside — cut anytime (1-yr ≤$4K, §D2)"
Stefon Diggs,WR,32.6,WR70,WR45,D,D,1.0,2.0,6.0,model,cut-free dart,"$0 downside — cut anytime (1-yr ≤$4K, §D2)"
Jalen Nailor,WR,27.3,WR89,WR64,D,D,1.0,2.0,6.0,model,cut-free dart,"$0 downside — cut anytime (1-yr ≤$4K, §D2)"
Calvin Ridley,WR,31.5,WR93,,—,D,1.0,2.0,6.0,model,cut-free dart,"$0 downside — cut anytime (1-yr ≤$4K, §D2)"
Darnell Mooney,WR,28.6,WR94,,—,D,1.0,2.0,6.0,model,cut-free dart,"$0 downside — cut anytime (1-yr ≤$4K, §D2)"
Brenen Thompson,WR,NA,WR101,,—,D,1.0,2.0,6.0,model,cut-free dart,"$0 downside — cut anytime (1-yr ≤$4K, §D2)"
Ryan Flournoy,WR,26.6,WR102,,—,D,1.0,2.0,6.0,model,cut-free dart,"$0 downside — cut anytime (1-yr ≤$4K, §D2)"
Christian Kirk,WR,29.6,WR103,,—,D,1.0,2.0,6.0,model,cut-free dart,"$0 downside — cut anytime (1-yr ≤$4K, §D2)"
Cedric Tillman,WR,26.2,WR104,,—,D,1.0,2.0,6.0,model,cut-free dart,"$0 downside — cut anytime (1-yr ≤$4K, §D2)"
Tez Johnson,WR,24.1,WR107,,—,D,1.0,2.0,6.0,model,cut-free dart,"$0 downside — cut anytime (1-yr ≤$4K, §D2)"
Cooper Kupp,WR,33,WR108,,—,D,1.0,2.0,6.0,model,cut-free dart,"$0 downside — cut anytime (1-yr ≤$4K, §D2)"
Keenan Allen,WR,34.1,WR109,,—,D,1.0,2.0,6.0,model,cut-free dart,"$0 downside — cut anytime (1-yr ≤$4K, §D2)"
Devaughn Vele,WR,28.5,WR110,,—,D,1.0,2.0,6.0,model,cut-free dart,"$0 downside — cut anytime (1-yr ≤$4K, §D2)"
Hollywood Brown,WR,29,WR111,,—,D,1.0,2.0,6.0,model,cut-free dart,"$0 downside — cut anytime (1-yr ≤$4K, §D2)"
DeMario Douglas,WR,25.5,WR112,,—,D,1.0,2.0,6.0,model,cut-free dart,"$0 downside — cut anytime (1-yr ≤$4K, §D2)"
Darius Slayton,WR,29.4,WR113,,—,D,1.0,2.0,6.0,model,cut-free dart,"$0 downside — cut anytime (1-yr ≤$4K, §D2)"
Cyrus Allen,WR,NA,WR116,,—,D,1.0,2.0,6.0,model,cut-free dart,"$0 downside — cut anytime (1-yr ≤$4K, §D2)"
Jalen Tolbert,WR,27.3,WR117,,—,D,1.0,2.0,6.0,model,cut-free dart,"$0 downside — cut anytime (1-yr ≤$4K, §D2)"
Andrei Iosivas,WR,26.7,WR119,,—,D,1.0,2.0,6.0,model,cut-free dart,"$0 downside — cut anytime (1-yr ≤$4K, §D2)"
Zavion Thomas,WR,NA,WR120,,—,D,1.0,2.0,6.0,model,cut-free dart,"$0 downside — cut anytime (1-yr ≤$4K, §D2)"
Joshua Palmer,WR,26.7,WR125,,—,D,1.0,2.0,6.0,model,cut-free dart,"$0 downside — cut anytime (1-yr ≤$4K, §D2)"
Calvin Austin III,WR,27.2,WR127,,—,D,1.0,2.0,6.0,model,cut-free dart,"$0 downside — cut anytime (1-yr ≤$4K, §D2)"
CJ Daniels,WR,NA,WR128,,—,D,1.0,2.0,6.0,model,cut-free dart,"$0 downside — cut anytime (1-yr ≤$4K, §D2)"
Luke McCaffrey,WR,25.2,WR129,,—,D,1.0,2.0,6.0,model,cut-free dart,"$0 downside — cut anytime (1-yr ≤$4K, §D2)"
John Metchie III,WR,25.9,WR130,,—,D,1.0,2.0,6.0,model,cut-free dart,"$0 downside — cut anytime (1-yr ≤$4K, §D2)"
Josh Cameron,WR,NA,WR131,,—,D,1.0,2.0,6.0,model,cut-free dart,"$0 downside — cut anytime (1-yr ≤$4K, §D2)"
Eric McAlister,WR,NA,WR132,,—,D,1.0,2.0,6.0,model,cut-free dart,"$0 downside — cut anytime (1-yr ≤$4K, §D2)"
Jordan Whittington,WR,25.7,WR133,,—,D,1.0,2.0,6.0,model,cut-free dart,"$0 downside — cut anytime (1-yr ≤$4K, §D2)"
Elijah Moore,WR,26.2,WR135,,—,D,1.0,2.0,6.0,model,cut-free dart,"$0 downside — cut anytime (1-yr ≤$4K, §D2)"
Jeff Caldwell,WR,NA,WR136,,—,D,1.0,2.0,6.0,model,cut-free dart,"$0 downside — cut anytime (1-yr ≤$4K, §D2)"
Kendrick Bourne,WR,30.9,WR137,,—,D,1.0,2.0,6.0,model,cut-free dart,"$0 downside — cut anytime (1-yr ≤$4K, §D2)"
Jahan Dotson,WR,26.2,WR138,,—,D,1.0,2.0,6.0,model,cut-free dart,"$0 downside — cut anytime (1-yr ≤$4K, §D2)"
Mack Hollins,WR,32.8,WR139,,—,D,1.0,2.0,6.0,model,cut-free dart,"$0 downside — cut anytime (1-yr ≤$4K, §D2)"
Tyler Lockett,WR,NA,WR141,,—,D,1.0,2.0,6.0,model,cut-free dart,"$0 downside — cut anytime (1-yr ≤$4K, §D2)"
Malik Benson,WR,NA,WR142,,—,D,1.0,2.0,6.0,model,cut-free dart,"$0 downside — cut anytime (1-yr ≤$4K, §D2)"
Eric Rivers Jr.,WR,NA,WR143,,—,D,1.0,2.0,6.0,model,cut-free dart,"$0 downside — cut anytime (1-yr ≤$4K, §D2)"
Tyren Montgomery,WR,NA,WR144,,—,D,1.0,2.0,6.0,model,cut-free dart,"$0 downside — cut anytime (1-yr ≤$4K, §D2)"
Barion Brown,WR,NA,WR145,,—,D,1.0,2.0,6.0,model,cut-free dart,"$0 downside — cut anytime (1-yr ≤$4K, §D2)"
Xavier Hutchinson,WR,26,WR146,,—,D,1.0,2.0,6.0,model,cut-free dart,"$0 downside — cut anytime (1-yr ≤$4K, §D2)"
DeAndre Hopkins,WR,NA,WR147,,—,D,1.0,2.0,6.0,model,cut-free dart,"$0 downside — cut anytime (1-yr ≤$4K, §D2)"
Reggie Virgil,WR,NA,WR148,,—,D,1.0,2.0,6.0,model,cut-free dart,"$0 downside — cut anytime (1-yr ≤$4K, §D2)"
Tutu Atwell,WR,26.7,WR149,,—,D,1.0,2.0,6.0,model,cut-free dart,"$0 downside — cut anytime (1-yr ≤$4K, §D2)"
Dyami Brown,WR,26.6,WR150,,—,D,1.0,2.0,6.0,model,cut-free dart,"$0 downside — cut anytime (1-yr ≤$4K, §D2)"
Treylon Burks,WR,26.2,WR152,,—,D,1.0,2.0,6.0,model,cut-free dart,"$0 downside — cut anytime (1-yr ≤$4K, §D2)"
Tai Felton,WR,23.3,WR153,,—,D,1.0,2.0,6.0,model,cut-free dart,"$0 downside — cut anytime (1-yr ≤$4K, §D2)"
Chase Roberts,WR,NA,WR154,,—,D,1.0,2.0,6.0,model,cut-free dart,"$0 downside — cut anytime (1-yr ≤$4K, §D2)"
Kaden Wetjen,WR,NA,WR155,,—,D,1.0,2.0,6.0,model,cut-free dart,"$0 downside — cut anytime (1-yr ≤$4K, §D2)"
Noah Thomas,WR,NA,WR156,,—,D,1.0,2.0,6.0,model,cut-free dart,"$0 downside — cut anytime (1-yr ≤$4K, §D2)"
Colbie Young,WR,NA,WR157,,—,D,1.0,2.0,6.0,model,cut-free dart,"$0 downside — cut anytime (1-yr ≤$4K, §D2)"
Xavier Restrepo,WR,24.2,WR159,,—,D,1.0,2.0,6.0,model,cut-free dart,"$0 downside — cut anytime (1-yr ≤$4K, §D2)"
Olamide Zaccheaus,WR,28.9,WR161,,—,D,1.0,2.0,6.0,model,cut-free dart,"$0 downside — cut anytime (1-yr ≤$4K, §D2)"
Jimmy Horn Jr.,WR,23.8,WR162,,—,D,1.0,2.0,6.0,model,cut-free dart,"$0 downside — cut anytime (1-yr ≤$4K, §D2)"
KaVontae Turpin,WR,29.9,WR163,,—,D,1.0,2.0,6.0,model,cut-free dart,"$0 downside — cut anytime (1-yr ≤$4K, §D2)"
Jahdae Walker,WR,NA,WR164,,—,D,1.0,2.0,6.0,model,cut-free dart,"$0 downside — cut anytime (1-yr ≤$4K, §D2)"
Kendrick Law,WR,NA,WR165,,—,D,1.0,2.0,6.0,model,cut-free dart,"$0 downside — cut anytime (1-yr ≤$4K, §D2)"
Ja'Lynn Polk,WR,24.2,WR166,,—,D,1.0,2.0,6.0,model,cut-free dart,"$0 downside — cut anytime (1-yr ≤$4K, §D2)"
Nick Westbrook-Ikhine,WR,29.2,WR167,,—,D,1.0,2.0,6.0,model,cut-free dart,"$0 downside — cut anytime (1-yr ≤$4K, §D2)"
Aaron Anderson,WR,NA,WR168,,—,D,1.0,2.0,6.0,model,cut-free dart,"$0 downside — cut anytime (1-yr ≤$4K, §D2)"
Trebor Pena,WR,NA,WR169,,—,D,1.0,2.0,6.0,model,cut-free dart,"$0 downside — cut anytime (1-yr ≤$4K, §D2)"
Jake Bobo,WR,27.9,WR170,,—,D,1.0,2.0,6.0,model,cut-free dart,"$0 downside — cut anytime (1-yr ≤$4K, §D2)"
Trey Palmer,WR,25.2,WR171,,—,D,1.0,2.0,6.0,model,cut-free dart,"$0 downside — cut anytime (1-yr ≤$4K, §D2)"
Greg Dortch,WR,28.1,WR172,,—,D,1.0,2.0,6.0,model,cut-free dart,"$0 downside — cut anytime (1-yr ≤$4K, §D2)"
Brandin Cooks,WR,NA,WR173,,—,D,1.0,2.0,6.0,model,cut-free dart,"$0 downside — cut anytime (1-yr ≤$4K, §D2)"
Jalin Hyatt,WR,24.7,WR174,,—,D,1.0,2.0,6.0,model,cut-free dart,"$0 downside — cut anytime (1-yr ≤$4K, §D2)"
Tyrell Shavers,WR,26.8,WR175,,—,D,1.0,2.0,6.0,model,cut-free dart,"$0 downside — cut anytime (1-yr ≤$4K, §D2)"
Dane Key,WR,NA,WR176,,—,D,1.0,2.0,6.0,model,cut-free dart,"$0 downside — cut anytime (1-yr ≤$4K, §D2)"
Demarcus Robinson,WR,31.7,WR177,,—,D,1.0,2.0,6.0,model,cut-free dart,"$0 downside — cut anytime (1-yr ≤$4K, §D2)"
Jordan Watkins,WR,24.3,WR179,,—,D,1.0,2.0,6.0,model,cut-free dart,"$0 downside — cut anytime (1-yr ≤$4K, §D2)"
Gabe Davis,WR,27.2,WR180,,—,D,1.0,2.0,6.0,model,cut-free dart,"$0 downside — cut anytime (1-yr ≤$4K, §D2)"
JuJu Smith-Schuster,WR,NA,WR181,,—,D,1.0,2.0,6.0,model,cut-free dart,"$0 downside — cut anytime (1-yr ≤$4K, §D2)"
Harrison Wallace III,WR,NA,WR182,,—,D,1.0,2.0,6.0,model,cut-free dart,"$0 downside — cut anytime (1-yr ≤$4K, §D2)"
Romello Brinson,WR,NA,WR183,,—,D,1.0,2.0,6.0,model,cut-free dart,"$0 downside — cut anytime (1-yr ≤$4K, §D2)"
Noah Brown,WR,NA,WR184,,—,D,1.0,2.0,6.0,model,cut-free dart,"$0 downside — cut anytime (1-yr ≤$4K, §D2)"
Kalif Raymond,WR,NA,WR185,,—,D,1.0,2.0,6.0,model,cut-free dart,"$0 downside — cut anytime (1-yr ≤$4K, §D2)"
Sterling Shepard,WR,33.4,WR186,,—,D,1.0,2.0,6.0,model,cut-free dart,"$0 downside — cut anytime (1-yr ≤$4K, §D2)"
Arian Smith,WR,24.7,WR187,,—,D,1.0,2.0,6.0,model,cut-free dart,"$0 downside — cut anytime (1-yr ≤$4K, §D2)"
Van Jefferson,WR,29.9,WR188,,—,D,1.0,2.0,6.0,model,cut-free dart,"$0 downside — cut anytime (1-yr ≤$4K, §D2)"
Jacob Cowing,WR,25.4,WR189,,—,D,1.0,2.0,6.0,model,cut-free dart,"$0 downside — cut anytime (1-yr ≤$4K, §D2)"
Vinny Anthony II,WR,NA,WR190,,—,D,1.0,2.0,6.0,model,cut-free dart,"$0 downside — cut anytime (1-yr ≤$4K, §D2)"
Isaiah Hodgins,WR,27.7,WR191,,—,D,1.0,2.0,6.0,model,cut-free dart,"$0 downside — cut anytime (1-yr ≤$4K, §D2)"
Nick Nash,WR,NA,WR193,,—,D,1.0,2.0,6.0,model,cut-free dart,"$0 downside — cut anytime (1-yr ≤$4K, §D2)"
Marquez Valdes-Scantling,WR,NA,WR195,,—,D,1.0,2.0,6.0,model,cut-free dart,"$0 downside — cut anytime (1-yr ≤$4K, §D2)"
Curtis Samuel,WR,NA,WR196,,—,D,1.0,2.0,6.0,model,cut-free dart,"$0 downside — cut anytime (1-yr ≤$4K, §D2)"
Bo Melton,WR,27.1,WR197,,—,D,1.0,2.0,6.0,model,cut-free dart,"$0 downside — cut anytime (1-yr ≤$4K, §D2)"
Ashton Dulin,WR,NA,WR198,,—,D,1.0,2.0,6.0,model,cut-free dart,"$0 downside — cut anytime (1-yr ≤$4K, §D2)"
Josh Reynolds,WR,NA,WR199,,—,D,1.0,2.0,6.0,model,cut-free dart,"$0 downside — cut anytime (1-yr ≤$4K, §D2)"
Jamari Thrash,WR,25.5,WR200,,—,D,1.0,2.0,6.0,model,cut-free dart,"$0 downside — cut anytime (1-yr ≤$4K, §D2)"
Jonathan Mingo,WR,25.2,WR201,,—,D,1.0,2.0,6.0,model,cut-free dart,"$0 downside — cut anytime (1-yr ≤$4K, §D2)"
Javon Baker,WR,24.3,WR202,,—,D,1.0,2.0,6.0,model,cut-free dart,"$0 downside — cut anytime (1-yr ≤$4K, §D2)"
Henry Ruggs III,WR,NA,WR203,,—,D,1.0,2.0,6.0,model,cut-free dart,"$0 downside — cut anytime (1-yr ≤$4K, §D2)"
Diontae Johnson,WR,NA,WR204,,—,D,1.0,2.0,6.0,model,cut-free dart,"$0 downside — cut anytime (1-yr ≤$4K, §D2)"
Ricky White III,WR,NA,WR205,,—,D,1.0,2.0,6.0,model,cut-free dart,"$0 downside — cut anytime (1-yr ≤$4K, §D2)"
Tim Patrick,WR,NA,WR206,,—,D,1.0,2.0,6.0,model,cut-free dart,"$0 downside — cut anytime (1-yr ≤$4K, §D2)"
Kameron Johnson,WR,24.3,WR207,,—,D,1.0,2.0,6.0,model,cut-free dart,"$0 downside — cut anytime (1-yr ≤$4K, §D2)"
Darius Cooper,WR,NA,WR208,,—,D,1.0,2.0,6.0,model,cut-free dart,"$0 downside — cut anytime (1-yr ≤$4K, §D2)"
Mitch Tinsley,WR,NA,WR209,,—,D,1.0,2.0,6.0,model,cut-free dart,"$0 downside — cut anytime (1-yr ≤$4K, §D2)"
Tyler Scott,WR,24.7,WR210,,—,D,1.0,2.0,6.0,model,cut-free dart,"$0 downside — cut anytime (1-yr ≤$4K, §D2)"
Tahj Washington,WR,25.1,WR211,,—,D,1.0,2.0,6.0,model,cut-free dart,"$0 downside — cut anytime (1-yr ≤$4K, §D2)"
Johnny Wilson,WR,25.2,WR212,,—,D,1.0,2.0,6.0,model,cut-free dart,"$0 downside — cut anytime (1-yr ≤$4K, §D2)"
Zay Jones,WR,NA,WR213,,—,D,1.0,2.0,6.0,model,cut-free dart,"$0 downside — cut anytime (1-yr ≤$4K, §D2)"
David Moore,WR,NA,WR214,,—,D,1.0,2.0,6.0,model,cut-free dart,"$0 downside — cut anytime (1-yr ≤$4K, §D2)"
Allen Lazard,WR,NA,WR215,,—,D,1.0,2.0,6.0,model,cut-free dart,"$0 downside — cut anytime (1-yr ≤$4K, §D2)"
Skyy Moore,WR,25.8,WR216,,—,D,1.0,2.0,6.0,model,cut-free dart,"$0 downside — cut anytime (1-yr ≤$4K, §D2)"
Casey Washington,WR,NA,WR218,,—,D,1.0,2.0,6.0,model,cut-free dart,"$0 downside — cut anytime (1-yr ≤$4K, §D2)"
Charlie Jones,WR,NA,WR219,,—,D,1.0,2.0,6.0,model,cut-free dart,"$0 downside — cut anytime (1-yr ≤$4K, §D2)"
Dominic Lovett,WR,NA,WR220,,—,D,1.0,2.0,6.0,model,cut-free dart,"$0 downside — cut anytime (1-yr ≤$4K, §D2)"
Tyler Johnson,WR,27.8,WR221,,—,D,1.0,2.0,6.0,model,cut-free dart,"$0 downside — cut anytime (1-yr ≤$4K, §D2)"
Justin Watson,WR,NA,WR222,,—,D,1.0,2.0,6.0,model,cut-free dart,"$0 downside — cut anytime (1-yr ≤$4K, §D2)"
Ray-Ray McCloud III,WR,NA,WR223,,—,D,1.0,2.0,6.0,model,cut-free dart,"$0 downside — cut anytime (1-yr ≤$4K, §D2)"
Bub Means,WR,25.4,WR224,,—,D,1.0,2.0,6.0,model,cut-free dart,"$0 downside — cut anytime (1-yr ≤$4K, §D2)"
Cedrick Wilson Jr.,WR,NA,WR225,,—,D,1.0,2.0,6.0,model,cut-free dart,"$0 downside — cut anytime (1-yr ≤$4K, §D2)"
K.J. Osborn,WR,NA,WR226,,—,D,1.0,2.0,6.0,model,cut-free dart,"$0 downside — cut anytime (1-yr ≤$4K, §D2)"
Tylan Wallace,WR,NA,WR227,,—,D,1.0,2.0,6.0,model,cut-free dart,"$0 downside — cut anytime (1-yr ≤$4K, §D2)"
Derius Davis,WR,25.8,WR228,,—,D,1.0,2.0,6.0,model,cut-free dart,"$0 downside — cut anytime (1-yr ≤$4K, §D2)"
A.T. Perry,WR,NA,WR229,,—,D,1.0,2.0,6.0,model,cut-free dart,"$0 downside — cut anytime (1-yr ≤$4K, §D2)"
Hunter Renfrow,WR,NA,WR230,,—,D,1.0,2.0,6.0,model,cut-free dart,"$0 downside — cut anytime (1-yr ≤$4K, §D2)"
Ben Skowronek,WR,NA,WR231,,—,D,1.0,2.0,6.0,model,cut-free dart,"$0 downside — cut anytime (1-yr ≤$4K, §D2)"
Scotty Miller,WR,NA,WR232,,—,D,1.0,2.0,6.0,model,cut-free dart,"$0 downside — cut anytime (1-yr ≤$4K, §D2)"
Quez Watkins,WR,NA,WR233,,—,D,1.0,2.0,6.0,model,cut-free dart,"$0 downside — cut anytime (1-yr ≤$4K, §D2)"
Mecole Hardman Jr.,WR,NA,WR235,,—,D,1.0,2.0,6.0,model,cut-free dart,"$0 downside — cut anytime (1-yr ≤$4K, §D2)"
Braxton Berrios,WR,NA,WR236,,—,D,1.0,2.0,6.0,model,cut-free dart,"$0 downside — cut anytime (1-yr ≤$4K, §D2)"
Velus Jones Jr.,WR,NA,WR237,,—,D,1.0,2.0,6.0,model,cut-free dart,"$0 downside — cut anytime (1-yr ≤$4K, §D2)"
Xavier Gipson,WR,25.3,WR238,,—,D,1.0,2.0,6.0,model,cut-free dart,"$0 downside — cut anytime (1-yr ≤$4K, §D2)"
Terrace Marshall Jr.,WR,NA,WR239,,—,D,1.0,2.0,6.0,model,cut-free dart,"$0 downside — cut anytime (1-yr ≤$4K, §D2)"
Devin Duvernay,WR,NA,WR240,,—,D,1.0,2.0,6.0,model,cut-free dart,"$0 downside — cut anytime (1-yr ≤$4K, §D2)"
Jason Brownlee,WR,NA,WR241,,—,D,1.0,2.0,6.0,model,cut-free dart,"$0 downside — cut anytime (1-yr ≤$4K, §D2)"
Trenton Irwin,WR,NA,WR242,,—,D,1.0,2.0,6.0,model,cut-free dart,"$0 downside — cut anytime (1-yr ≤$4K, §D2)"
Nelson Agholor,WR,NA,WR243,,—,D,1.0,2.0,6.0,model,cut-free dart,"$0 downside — cut anytime (1-yr ≤$4K, §D2)"
Tejhaun Palmer,WR,NA,WR244,,—,D,1.0,2.0,6.0,model,cut-free dart,"$0 downside — cut anytime (1-yr ≤$4K, §D2)"
Danny Gray,WR,NA,WR245,,—,D,1.0,2.0,6.0,model,cut-free dart,"$0 downside — cut anytime (1-yr ≤$4K, §D2)"
Jalen Reagor,WR,NA,WR246,,—,D,1.0,2.0,6.0,model,cut-free dart,"$0 downside — cut anytime (1-yr ≤$4K, §D2)"
Donovan Peoples-Jones,WR,NA,WR247,,—,D,1.0,2.0,6.0,model,cut-free dart,"$0 downside — cut anytime (1-yr ≤$4K, §D2)"
Kyle Philips,WR,NA,WR248,,—,D,1.0,2.0,6.0,model,cut-free dart,"$0 downside — cut anytime (1-yr ≤$4K, §D2)"
Zach Pascal,WR,NA,WR249,,—,D,1.0,2.0,6.0,model,cut-free dart,"$0 downside — cut anytime (1-yr ≤$4K, §D2)"
Justyn Ross,WR,NA,WR250,,—,D,1.0,2.0,6.0,model,cut-free dart,"$0 downside — cut anytime (1-yr ≤$4K, §D2)"
Odell Beckham Jr.,WR,NA,WR251,,—,D,1.0,2.0,6.0,model,cut-free dart,"$0 downside — cut anytime (1-yr ≤$4K, §D2)"
Michael Thomas,WR,NA,WR252,,—,D,1.0,2.0,6.0,model,cut-free dart,"$0 downside — cut anytime (1-yr ≤$4K, §D2)"
Chase Claypool,WR,NA,WR253,,—,D,1.0,2.0,6.0,model,cut-free dart,"$0 downside — cut anytime (1-yr ≤$4K, §D2)"
Kyle Pitts Sr.,TE,25.7,TE8,TE8,B,B,1.0,2.0,9.0,scarce,cut-free dart,"$0 downside — cut anytime (1-yr ≤$4K, §D2)"
Aaron Rodgers,QB,42.5,QB37,QB28,D,D,1.0,1.0,7.0,model,cut-free dart,"$0 downside — cut anytime (1-yr ≤$4K, §D2)"
Mac Jones,QB,27.8,QB38,QB39,D,D,1.0,1.0,7.0,model,cut-free dart,"$0 downside — cut anytime (1-yr ≤$4K, §D2)"
Justin Fields,QB,27.3,QB39,,—,D,1.0,1.0,7.0,model,cut-free dart,"$0 downside — cut anytime (1-yr ≤$4K, §D2)"
Kirk Cousins,QB,37.8,QB41,QB36,D,D,1.0,1.0,7.0,model,cut-free dart,"$0 downside — cut anytime (1-yr ≤$4K, §D2)"
Garrett Nussmeier,QB,NA,QB43,,—,D,1.0,1.0,7.0,model,cut-free dart,"$0 downside — cut anytime (1-yr ≤$4K, §D2)"
Marcus Mariota,QB,32.6,QB44,,—,D,1.0,1.0,7.0,model,cut-free dart,"$0 downside — cut anytime (1-yr ≤$4K, §D2)"
Jameis Winston,QB,32.4,QB45,,—,D,1.0,1.0,7.0,model,cut-free dart,"$0 downside — cut anytime (1-yr ≤$4K, §D2)"
Joe Milton III,QB,26.3,QB51,,—,D,1.0,1.0,7.0,model,cut-free dart,"$0 downside — cut anytime (1-yr ≤$4K, §D2)"
Joe Flacco,QB,41.4,QB55,,—,D,1.0,1.0,7.0,model,cut-free dart,"$0 downside — cut anytime (1-yr ≤$4K, §D2)"
Davis Mills,QB,27.7,QB57,,—,D,1.0,1.0,7.0,model,cut-free dart,"$0 downside — cut anytime (1-yr ≤$4K, §D2)"
Riley Leonard,QB,23.8,QB58,,—,D,1.0,1.0,7.0,model,cut-free dart,"$0 downside — cut anytime (1-yr ≤$4K, §D2)"
Russell Wilson,QB,NA,QB59,,—,D,1.0,1.0,7.0,model,cut-free dart,"$0 downside — cut anytime (1-yr ≤$4K, §D2)"
Trey Lance,QB,26.1,QB62,,—,D,1.0,1.0,7.0,model,cut-free dart,"$0 downside — cut anytime (1-yr ≤$4K, §D2)"
Gardner Minshew II,QB,30.1,QB63,,—,D,1.0,1.0,7.0,model,cut-free dart,"$0 downside — cut anytime (1-yr ≤$4K, §D2)"
Tyler Huntley,QB,28.4,QB64,,—,D,1.0,1.0,7.0,model,cut-free dart,"$0 downside — cut anytime (1-yr ≤$4K, §D2)"
Kenny Pickett,QB,28,QB65,,—,D,1.0,1.0,7.0,model,cut-free dart,"$0 downside — cut anytime (1-yr ≤$4K, §D2)"
Tyrod Taylor,QB,36.9,QB66,,—,D,1.0,1.0,7.0,model,cut-free dart,"$0 downside — cut anytime (1-yr ≤$4K, §D2)"
Haynes King,QB,NA,QB67,,—,D,1.0,1.0,7.0,model,cut-free dart,"$0 downside — cut anytime (1-yr ≤$4K, §D2)"
Aidan O'Connell,QB,27.8,QB68,,—,D,1.0,1.0,7.0,model,cut-free dart,"$0 downside — cut anytime (1-yr ≤$4K, §D2)"
Mason Rudolph,QB,30.9,QB69,,—,D,1.0,1.0,7.0,model,cut-free dart,"$0 downside — cut anytime (1-yr ≤$4K, §D2)"
Zach Wilson,QB,26.9,QB70,,—,D,1.0,1.0,7.0,model,cut-free dart,"$0 downside — cut anytime (1-yr ≤$4K, §D2)"
Diego Pavia,QB,NA,QB72,,—,D,1.0,1.0,7.0,model,cut-free dart,"$0 downside — cut anytime (1-yr ≤$4K, §D2)"
Jake Browning,QB,NA,QB73,,—,D,1.0,1.0,7.0,model,cut-free dart,"$0 downside — cut anytime (1-yr ≤$4K, §D2)"
Philip Rivers,QB,NA,QB74,,—,D,1.0,1.0,7.0,model,cut-free dart,"$0 downside — cut anytime (1-yr ≤$4K, §D2)"
Joey Aguilar,QB,NA,QB75,,—,D,1.0,1.0,7.0,model,cut-free dart,"$0 downside — cut anytime (1-yr ≤$4K, §D2)"
Sam Howell,QB,25.8,QB76,,—,D,1.0,1.0,7.0,model,cut-free dart,"$0 downside — cut anytime (1-yr ≤$4K, §D2)"
Jimmy Garoppolo,QB,NA,QB77,,—,D,1.0,1.0,7.0,model,cut-free dart,"$0 downside — cut anytime (1-yr ≤$4K, §D2)"
Mitchell Trubisky,QB,NA,QB78,,—,D,1.0,1.0,7.0,model,cut-free dart,"$0 downside — cut anytime (1-yr ≤$4K, §D2)"
Jarrett Stidham,QB,NA,QB79,,—,D,1.0,1.0,7.0,model,cut-free dart,"$0 downside — cut anytime (1-yr ≤$4K, §D2)"
Brady Cook,QB,NA,QB80,,—,D,1.0,1.0,7.0,model,cut-free dart,"$0 downside — cut anytime (1-yr ≤$4K, §D2)"
Drew Lock,QB,29.6,QB81,,—,D,1.0,1.0,7.0,model,cut-free dart,"$0 downside — cut anytime (1-yr ≤$4K, §D2)"
Andy Dalton,QB,NA,QB82,,—,D,1.0,1.0,7.0,model,cut-free dart,"$0 downside — cut anytime (1-yr ≤$4K, §D2)"
Kyle McCord,QB,23.7,QB83,,—,D,1.0,1.0,7.0,model,cut-free dart,"$0 downside — cut anytime (1-yr ≤$4K, §D2)"
Joshua Dobbs,QB,NA,QB84,,—,D,1.0,1.0,7.0,model,cut-free dart,"$0 downside — cut anytime (1-yr ≤$4K, §D2)"
Max Brosmer,QB,NA,QB85,,—,D,1.0,1.0,7.0,model,cut-free dart,"$0 downside — cut anytime (1-yr ≤$4K, §D2)"
Nick Mullens,QB,NA,QB86,,—,D,1.0,1.0,7.0,model,cut-free dart,"$0 downside — cut anytime (1-yr ≤$4K, §D2)"
Kurtis Rourke,QB,NA,QB87,,—,D,1.0,1.0,7.0,model,cut-free dart,"$0 downside — cut anytime (1-yr ≤$4K, §D2)"
Cooper Rush,QB,NA,QB88,,—,D,1.0,1.0,7.0,model,cut-free dart,"$0 downside — cut anytime (1-yr ≤$4K, §D2)"
Hendon Hooker,QB,NA,QB89,,—,D,1.0,1.0,7.0,model,cut-free dart,"$0 downside — cut anytime (1-yr ≤$4K, §D2)"
Kyle Allen,QB,NA,QB90,,—,D,1.0,1.0,7.0,model,cut-free dart,"$0 downside — cut anytime (1-yr ≤$4K, §D2)"
Stetson Bennett IV,QB,NA,QB91,,—,D,1.0,1.0,7.0,model,cut-free dart,"$0 downside — cut anytime (1-yr ≤$4K, §D2)"
Dorian Thompson-Robinson,QB,NA,QB92,,—,D,1.0,1.0,7.0,model,cut-free dart,"$0 downside — cut anytime (1-yr ≤$4K, §D2)"
Bailey Zappe,QB,NA,QB93,,—,D,1.0,1.0,7.0,model,cut-free dart,"$0 downside — cut anytime (1-yr ≤$4K, §D2)"
Tommy DeVito,QB,NA,QB94,,—,D,1.0,1.0,7.0,model,cut-free dart,"$0 downside — cut anytime (1-yr ≤$4K, §D2)"
Desmond Ridder,QB,NA,QB95,,—,D,1.0,1.0,7.0,model,cut-free dart,"$0 downside — cut anytime (1-yr ≤$4K, §D2)"
Sam Ehlinger,QB,NA,QB96,,—,D,1.0,1.0,7.0,model,cut-free dart,"$0 downside — cut anytime (1-yr ≤$4K, §D2)"
Josh Johnson,QB,NA,QB97,,—,D,1.0,1.0,7.0,model,cut-free dart,"$0 downside — cut anytime (1-yr ≤$4K, §D2)"
Case Keenum,QB,NA,QB98,,—,D,1.0,1.0,7.0,model,cut-free dart,"$0 downside — cut anytime (1-yr ≤$4K, §D2)"
Sean Clifford,QB,NA,QB99,,—,D,1.0,1.0,7.0,model,cut-free dart,"$0 downside — cut anytime (1-yr ≤$4K, §D2)"
Mark Andrews,TE,30.8,TE18,TE11,B,C,1.0,1.0,5.0,model,cut-free dart,"$0 downside — cut anytime (1-yr ≤$4K, §D2)"
Chig Okonkwo,TE,26.8,TE19,TE20,C,C,1.0,1.0,5.0,model,cut-free dart,"$0 downside — cut anytime (1-yr ≤$4K, §D2)"
Travis Kelce,TE,36.7,TE21,TE9,B,C,1.0,1.0,5.0,model,cut-free dart,"$0 downside — cut anytime (1-yr ≤$4K, §D2)"
Juwan Johnson,TE,29.8,TE24,TE24,C,C,1.0,1.0,5.0,model,cut-free dart,"$0 downside — cut anytime (1-yr ≤$4K, §D2)"
Gunnar Helm,TE,23.8,TE25,TE27,D,D,1.0,1.0,5.0,model,cut-free dart,"$0 downside — cut anytime (1-yr ≤$4K, §D2)"
Hunter Henry,TE,31.5,TE26,TE19,C,D,1.0,1.0,5.0,model,cut-free dart,"$0 downside — cut anytime (1-yr ≤$4K, §D2)"
Pat Freiermuth,TE,27.6,TE33,,—,D,1.0,1.0,5.0,model,cut-free dart,"$0 downside — cut anytime (1-yr ≤$4K, §D2)"
Greg Dulcich,TE,26.2,TE37,,—,D,1.0,1.0,5.0,model,cut-free dart,"$0 downside — cut anytime (1-yr ≤$4K, §D2)"
Jake Tonges,TE,26.9,TE40,,—,D,1.0,1.0,5.0,model,cut-free dart,"$0 downside — cut anytime (1-yr ≤$4K, §D2)"
Evan Engram,TE,31.8,TE42,,—,D,1.0,1.0,5.0,model,cut-free dart,"$0 downside — cut anytime (1-yr ≤$4K, §D2)"
Darnell Washington,TE,24.8,TE45,,—,D,1.0,1.0,5.0,model,cut-free dart,"$0 downside — cut anytime (1-yr ≤$4K, §D2)"
Mike Gesicki,TE,30.7,TE48,,—,D,1.0,1.0,5.0,model,cut-free dart,"$0 downside — cut anytime (1-yr ≤$4K, §D2)"
Marlin Klein,TE,NA,TE49,,—,D,1.0,1.0,5.0,model,cut-free dart,"$0 downside — cut anytime (1-yr ≤$4K, §D2)"
Tanner Koziol,TE,NA,TE50,,—,D,1.0,1.0,5.0,model,cut-free dart,"$0 downside — cut anytime (1-yr ≤$4K, §D2)"
Michael Trigg,TE,NA,TE51,,—,D,1.0,1.0,5.0,model,cut-free dart,"$0 downside — cut anytime (1-yr ≤$4K, §D2)"
Jack Endries,TE,NA,TE52,,—,D,1.0,1.0,5.0,model,cut-free dart,"$0 downside — cut anytime (1-yr ≤$4K, §D2)"
Matt Hibner,TE,NA,TE53,,—,D,1.0,1.0,5.0,model,cut-free dart,"$0 downside — cut anytime (1-yr ≤$4K, §D2)"
Dawson Knox,TE,29.6,TE55,,—,D,1.0,1.0,5.0,model,cut-free dart,"$0 downside — cut anytime (1-yr ≤$4K, §D2)"
Tyler Higbee,TE,33.5,TE56,,—,D,1.0,1.0,5.0,model,cut-free dart,"$0 downside — cut anytime (1-yr ≤$4K, §D2)"
Joe Royer,TE,NA,TE58,,—,D,1.0,1.0,5.0,model,cut-free dart,"$0 downside — cut anytime (1-yr ≤$4K, §D2)"
Luke Musgrave,TE,25.8,TE59,,—,D,1.0,1.0,5.0,model,cut-free dart,"$0 downside — cut anytime (1-yr ≤$4K, §D2)"
Elijah Higgins,TE,25.6,TE62,,—,D,1.0,1.0,5.0,model,cut-free dart,"$0 downside — cut anytime (1-yr ≤$4K, §D2)"
Noah Gray,TE,27.1,TE63,,—,D,1.0,1.0,5.0,model,cut-free dart,"$0 downside — cut anytime (1-yr ≤$4K, §D2)"
Luke Schoonmaker,TE,27.7,TE64,,—,D,1.0,1.0,5.0,model,cut-free dart,"$0 downside — cut anytime (1-yr ≤$4K, §D2)"
Nate Boerkircher,TE,NA,TE65,,—,D,1.0,1.0,5.0,model,cut-free dart,"$0 downside — cut anytime (1-yr ≤$4K, §D2)"
Will Kacmarek,TE,NA,TE66,,—,D,1.0,1.0,5.0,model,cut-free dart,"$0 downside — cut anytime (1-yr ≤$4K, §D2)"
Mitchell Evans,TE,23.3,TE67,,—,D,1.0,1.0,5.0,model,cut-free dart,"$0 downside — cut anytime (1-yr ≤$4K, §D2)"
Dae'Quan Wright,TE,NA,TE68,,—,D,1.0,1.0,5.0,model,cut-free dart,"$0 downside — cut anytime (1-yr ≤$4K, §D2)"
Dallen Bentley,TE,NA,TE69,,—,D,1.0,1.0,5.0,model,cut-free dart,"$0 downside — cut anytime (1-yr ≤$4K, §D2)"
Darren Waller,TE,33.8,TE70,,—,D,1.0,1.0,5.0,model,cut-free dart,"$0 downside — cut anytime (1-yr ≤$4K, §D2)"
Seydou Traore,TE,NA,TE71,,—,D,1.0,1.0,5.0,model,cut-free dart,"$0 downside — cut anytime (1-yr ≤$4K, §D2)"
Riley Nowakowski,TE,NA,TE72,,—,D,1.0,1.0,5.0,model,cut-free dart,"$0 downside — cut anytime (1-yr ≤$4K, §D2)"
Jaren Kanak,TE,NA,TE73,,—,D,1.0,1.0,5.0,model,cut-free dart,"$0 downside — cut anytime (1-yr ≤$4K, §D2)"
RJ Maryland,TE,NA,TE74,,—,D,1.0,1.0,5.0,model,cut-free dart,"$0 downside — cut anytime (1-yr ≤$4K, §D2)"
Josh Cuevas,TE,NA,TE75,,—,D,1.0,1.0,5.0,model,cut-free dart,"$0 downside — cut anytime (1-yr ≤$4K, §D2)"
Tyler Conklin,TE,NA,TE76,,—,D,1.0,1.0,5.0,model,cut-free dart,"$0 downside — cut anytime (1-yr ≤$4K, §D2)"
Carsen Ryan,TE,NA,TE78,,—,D,1.0,1.0,5.0,model,cut-free dart,"$0 downside — cut anytime (1-yr ≤$4K, §D2)"
Tommy Tremble,TE,26,TE79,,—,D,1.0,1.0,5.0,model,cut-free dart,"$0 downside — cut anytime (1-yr ≤$4K, §D2)"
Taysom Hill,TE,NA,TE80,,—,D,1.0,1.0,5.0,model,cut-free dart,"$0 downside — cut anytime (1-yr ≤$4K, §D2)"
Daniel Bellinger,TE,25.7,TE81,,—,D,1.0,1.0,5.0,model,cut-free dart,"$0 downside — cut anytime (1-yr ≤$4K, §D2)"
John Michael Gyllenborg,TE,NA,TE82,,—,D,1.0,1.0,5.0,model,cut-free dart,"$0 downside — cut anytime (1-yr ≤$4K, §D2)"
Jared Wiley,TE,25.6,TE83,,—,D,1.0,1.0,5.0,model,cut-free dart,"$0 downside — cut anytime (1-yr ≤$4K, §D2)"
Adam Trautman,TE,NA,TE84,,—,D,1.0,1.0,5.0,model,cut-free dart,"$0 downside — cut anytime (1-yr ≤$4K, §D2)"
Josh Oliver,TE,NA,TE85,,—,D,1.0,1.0,5.0,model,cut-free dart,"$0 downside — cut anytime (1-yr ≤$4K, §D2)"
Thomas Fidone II,TE,23.7,TE86,,—,D,1.0,1.0,5.0,model,cut-free dart,"$0 downside — cut anytime (1-yr ≤$4K, §D2)"
Austin Hooper,TE,NA,TE87,,—,D,1.0,1.0,5.0,model,cut-free dart,"$0 downside — cut anytime (1-yr ≤$4K, §D2)"
Charlie Kolar,TE,27.4,TE88,,—,D,1.0,1.0,5.0,model,cut-free dart,"$0 downside — cut anytime (1-yr ≤$4K, §D2)"
Davis Allen,TE,25.4,TE89,,—,D,1.0,1.0,5.0,model,cut-free dart,"$0 downside — cut anytime (1-yr ≤$4K, §D2)"
Grant Calcaterra,TE,27.5,TE90,,—,D,1.0,1.0,5.0,model,cut-free dart,"$0 downside — cut anytime (1-yr ≤$4K, §D2)"
Will Dissly,TE,NA,TE91,,—,D,1.0,1.0,5.0,model,cut-free dart,"$0 downside — cut anytime (1-yr ≤$4K, §D2)"
Brock Wright,TE,27.6,TE92,,—,D,1.0,1.0,5.0,model,cut-free dart,"$0 downside — cut anytime (1-yr ≤$4K, §D2)"
Jeremy Ruckert,TE,25.9,TE93,,—,D,1.0,1.0,5.0,model,cut-free dart,"$0 downside — cut anytime (1-yr ≤$4K, §D2)"
Jackson Hawes,TE,NA,TE94,,—,D,1.0,1.0,5.0,model,cut-free dart,"$0 downside — cut anytime (1-yr ≤$4K, §D2)"
Foster Moreau,TE,29.1,TE95,,—,D,1.0,1.0,5.0,model,cut-free dart,"$0 downside — cut anytime (1-yr ≤$4K, §D2)"
Hunter Long,TE,NA,TE96,,—,D,1.0,1.0,5.0,model,cut-free dart,"$0 downside — cut anytime (1-yr ≤$4K, §D2)"
Kylen Granson,TE,NA,TE97,,—,D,1.0,1.0,5.0,model,cut-free dart,"$0 downside — cut anytime (1-yr ≤$4K, §D2)"
Jake Briningstool,TE,NA,TE98,,—,D,1.0,1.0,5.0,model,cut-free dart,"$0 downside — cut anytime (1-yr ≤$4K, §D2)"
Brevin Jordan,TE,25.9,TE99,,—,D,1.0,1.0,5.0,model,cut-free dart,"$0 downside — cut anytime (1-yr ≤$4K, §D2)"
Luke Lachey,TE,NA,TE100,,—,D,1.0,1.0,5.0,model,cut-free dart,"$0 downside — cut anytime (1-yr ≤$4K, §D2)"
Tanner Hudson,TE,NA,TE101,,—,D,1.0,1.0,5.0,model,cut-free dart,"$0 downside — cut anytime (1-yr ≤$4K, §D2)"
Stone Smartt,TE,NA,TE102,,—,D,1.0,1.0,5.0,model,cut-free dart,"$0 downside — cut anytime (1-yr ≤$4K, §D2)"
Harrison Bryant,TE,NA,TE103,,—,D,1.0,1.0,5.0,model,cut-free dart,"$0 downside — cut anytime (1-yr ≤$4K, §D2)"
Jelani Woods,TE,NA,TE104,,—,D,1.0,1.0,5.0,model,cut-free dart,"$0 downside — cut anytime (1-yr ≤$4K, §D2)"
Jalin Conyers,TE,NA,TE105,,—,D,1.0,1.0,5.0,model,cut-free dart,"$0 downside — cut anytime (1-yr ≤$4K, §D2)"
Gavin Bartholomew,TE,NA,TE106,,—,D,1.0,1.0,5.0,model,cut-free dart,"$0 downside — cut anytime (1-yr ≤$4K, §D2)"
Jaheim Bell,TE,NA,TE107,,—,D,1.0,1.0,5.0,model,cut-free dart,"$0 downside — cut anytime (1-yr ≤$4K, §D2)"
Luke Farrell,TE,NA,TE108,,—,D,1.0,1.0,5.0,model,cut-free dart,"$0 downside — cut anytime (1-yr ≤$4K, §D2)"
Tip Reiman,TE,NA,TE109,,—,D,1.0,1.0,5.0,model,cut-free dart,"$0 downside — cut anytime (1-yr ≤$4K, §D2)"
Josh Whyle,TE,NA,TE110,,—,D,1.0,1.0,5.0,model,cut-free dart,"$0 downside — cut anytime (1-yr ≤$4K, §D2)"
Will Mallory,TE,NA,TE111,,—,D,1.0,1.0,5.0,model,cut-free dart,"$0 downside — cut anytime (1-yr ≤$4K, §D2)"
Julian Hill,TE,NA,TE112,,—,D,1.0,1.0,5.0,model,cut-free dart,"$0 downside — cut anytime (1-yr ≤$4K, §D2)"
Devin Culp,TE,NA,TE113,,—,D,1.0,1.0,5.0,model,cut-free dart,"$0 downside — cut anytime (1-yr ≤$4K, §D2)"
John Bates,TE,NA,TE114,,—,D,1.0,1.0,5.0,model,cut-free dart,"$0 downside — cut anytime (1-yr ≤$4K, §D2)"
Lucas Krull,TE,NA,TE115,,—,D,1.0,1.0,5.0,model,cut-free dart,"$0 downside — cut anytime (1-yr ≤$4K, §D2)"
Gerald Everett,TE,NA,TE116,,—,D,1.0,1.0,5.0,model,cut-free dart,"$0 downside — cut anytime (1-yr ≤$4K, §D2)"
Moliki Matavao,TE,NA,TE117,,—,D,1.0,1.0,5.0,model,cut-free dart,"$0 downside — cut anytime (1-yr ≤$4K, §D2)"
Irv Smith Jr.,TE,NA,TE118,,—,D,1.0,1.0,5.0,model,cut-free dart,"$0 downside — cut anytime (1-yr ≤$4K, §D2)"
Brevyn Spann-Ford,TE,NA,TE119,,—,D,1.0,1.0,5.0,model,cut-free dart,"$0 downside — cut anytime (1-yr ≤$4K, §D2)"
Drew Ogletree,TE,NA,TE120,,—,D,1.0,1.0,5.0,model,cut-free dart,"$0 downside — cut anytime (1-yr ≤$4K, §D2)"
Johnny Mundt,TE,NA,TE121,,—,D,1.0,1.0,5.0,model,cut-free dart,"$0 downside — cut anytime (1-yr ≤$4K, §D2)"
Payne Durham,TE,NA,TE122,,—,D,1.0,1.0,5.0,model,cut-free dart,"$0 downside — cut anytime (1-yr ≤$4K, §D2)"
Drew Sample,TE,NA,TE123,,—,D,1.0,1.0,5.0,model,cut-free dart,"$0 downside — cut anytime (1-yr ≤$4K, §D2)"
Mo Alie-Cox,TE,NA,TE124,,—,D,1.0,1.0,5.0,model,cut-free dart,"$0 downside — cut anytime (1-yr ≤$4K, §D2)"
Donald Parham Jr.,TE,NA,TE125,,—,D,1.0,1.0,5.0,model,cut-free dart,"$0 downside — cut anytime (1-yr ≤$4K, §D2)"
Eric Saubert,TE,NA,TE126,,—,D,1.0,1.0,5.0,model,cut-free dart,"$0 downside — cut anytime (1-yr ≤$4K, §D2)"
Jack Stoll,TE,NA,TE127,,—,D,1.0,1.0,5.0,model,cut-free dart,"$0 downside — cut anytime (1-yr ≤$4K, §D2)"
Durham Smythe,TE,NA,TE128,,—,D,1.0,1.0,5.0,model,cut-free dart,"$0 downside — cut anytime (1-yr ≤$4K, §D2)"
James Mitchell,TE,NA,TE129,,—,D,1.0,1.0,5.0,model,cut-free dart,"$0 downside — cut anytime (1-yr ≤$4K, §D2)"
Connor Heyward,TE,NA,TE130,,—,D,1.0,1.0,5.0,model,cut-free dart,"$0 downside — cut anytime (1-yr ≤$4K, §D2)"
Shane Zylstra,TE,NA,TE131,,—,D,1.0,1.0,5.0,model,cut-free dart,"$0 downside — cut anytime (1-yr ≤$4K, §D2)"
Ian Thomas,TE,NA,TE132,,—,D,1.0,1.0,5.0,model,cut-free dart,"$0 downside — cut anytime (1-yr ≤$4K, §D2)"
Teagan Quitoriano,TE,NA,TE133,,—,D,1.0,1.0,5.0,model,cut-free dart,"$0 downside — cut anytime (1-yr ≤$4K, §D2)"
