# EP_MODEL,v5-regime,flag=auto,ship_gate=True
# ARMS,ep=max(floor, affine, dyn_anchor); v5 scales max(affine,dyn_anchor) by m_money*m_pos*m_elite (floor never scaled)
# REGIME,R_now=1.1599,R_bar=2.56783,lambda=0.47699,gamma=0.0,m_money=0.8,m_pos={'QB': 1.0, 'RB': 1.0, 'WR': 1.0, 'TE': 1.0}
# TUNABLES (NOT fitted),m_money_clamp=[0.8, 1.6],m_pos_clamp=[0.85, 1.35],POS_DYN_W={'QB': 1.0, 'WR': 0.9, 'TE': 0.9, 'RB': 0.55},dyn_anchor_$75K,startability_floor_table
# BACKTEST (LOYO 2022-25, credible clears),v4={'mae': 5.595, 'dw_mae': 9.984, 'bias': 0.214, 'n': 126},v5={'mae': 5.421, 'dw_mae': 9.453, 'bias': -0.071, 'n': 126}
# ARM_TRUTH (credible historical clears),{'floor': {'n': 47, 'binding_share': 0.373, 'paid_share': 0.2238, 'mae': 3.426, 'dw_mae': 4.869, 'bias': -0.489}, 'affine': {'n': 76, 'binding_share': 0.6032, 'paid_share': 0.7371, 'mae': 7.0, 'dw_mae': 11.824, 'bias': 0.605}, 'dyn_anchor': {'n': 3, 'binding_share': 0.0238, 'paid_share': 0.039, 'mae': 4.0, 'dw_mae': 4.556, 'bias': 1.333}}
# WARNING,The dynasty-anchor arm binds 73% of the CREDIBLE 2026 board but only 2.4% of credible historical clears (n=3). This is structural, not a sampling accident: franchises do not release high-dynasty players into the FA auction, so the arm that prices most of today's board is essentially UNVALIDATABLE from the archive. POS_DYN_W remains a Keith-tunable judgement call, and the advertised MSE-31/MAE-$3.5K describes the affine arm on ALL clears — a set dominated by $1-2K scrubs — not the number the tool serves on the players you actually bid on.
player,pos,status,owner,dyn_sf_rank,fp_rank,redraft_worth_k,dynasty_worth_k,worth_k,ep_arm_floor_k,ep_arm_affine_k,ep_arm_dyn_anchor_k,ep_arm,m_money,m_pos,m_elite,ep_v4_k,ep_v5_k,ep_k,gap_k,e_apwe_p50,e_apwe_p90,per_apwe,value_ratio,verdict,fit_0008,deal_type,top_competitors
Ja'Marr Chase,WR,rostered,HammerTime 🔨 ⏰,WR1,WR1,83,71,77,30,72.39,63.9,affine,0.8,1.0,1.0,72,58,58,-19,12.7,21.4,4.6,1.33,VALUE,DEPTH,anchor,
Josh Allen,QB,FA,,QB1,QB1,75,75,75,32,65.67,75.0,dyn_anchor,0.8,1.0,1.0,75,60,60,-15,11.6,23.18,5.2,1.25,VALUE,NEED-STUD,anchor,Hawks; CBP; HammerTime 🔨 ⏰
Puka Nacua,WR,rostered,Blake Bombers,WR5,WR2,80,62,71,30,69.87,55.8,affine,0.8,1.0,1.0,70,56,56,-15,12.34,20.94,4.5,1.27,VALUE,DEPTH,multi-year build,
Jaxon Smith-Njigba,WR,rostered,C-Town Chivalry,WR2,WR3,72,67,70,30,63.15,60.3,affine,0.8,1.0,1.0,63,51,51,-19,11.14,20.88,4.6,1.37,VALUE,DEPTH,multi-year build,
Lamar Jackson,QB,FA,,QB2,QB2,74,59,66,32,64.83,59.0,affine,0.8,1.0,1.0,65,52,52,-14,11.41,22.76,4.6,1.27,VALUE,NEED-STUD,anchor,Hawks; CBP; HammerTime 🔨 ⏰
Bijan Robinson,RB,rostered,Cleon Ca$h,RB1,RB2,59,69,64,40,52.23,37.95,affine,0.8,1.0,1.0,52,42,42,-22,9.07,19.34,4.6,1.52,SPLURGE,DEPTH,multi-year build,
Jahmyr Gibbs,RB,rostered,Pure Greatness,RB2,RB1,60,67,64,40,53.07,36.85,affine,0.8,1.0,1.0,53,42,42,-22,9.16,19.38,4.6,1.52,SPLURGE,DEPTH,multi-year build,
Amon-Ra St. Brown,WR,rostered,L.A. Looks,WR6,WR4,72,57,64,30,63.15,51.3,affine,0.8,1.0,1.0,63,51,51,-13,11.14,20.82,4.6,1.25,VALUE,DEPTH,anchor,
Drake Maye,QB,rostered,Pure Greatness,QB9,QB5,63,61,62,32,55.59,61.0,dyn_anchor,0.8,1.0,1.0,61,49,49,-13,9.7,20.77,5.1,1.27,VALUE,NEED-STUD,multi-year build,
Joe Burrow,QB,FA,,QB4,QB3,67,55,61,32,58.95,55.0,affine,0.8,1.0,1.0,59,47,47,-14,10.27,21.98,4.6,1.3,VALUE,NEED-STUD,anchor,Hawks; CBP; HammerTime 🔨 ⏰
Justin Jefferson,WR,rostered,Blake Bombers,WR3,WR6,66,56,61,30,58.11,50.4,affine,0.8,1.0,1.0,58,46,46,-15,10.15,20.24,4.5,1.33,VALUE,DEPTH,anchor,
Caleb Williams,QB,rostered,Sex Manther,QB5,QB6,63,57,60,32,55.59,57.0,dyn_anchor,0.8,1.0,1.0,57,46,46,-14,9.7,20.43,4.7,1.3,VALUE,NEED-STUD,multi-year build,
CeeDee Lamb,WR,rostered,Cleon Ca$h,WR4,WR5,68,53,60,30,59.79,47.7,affine,0.8,1.0,1.0,60,48,48,-12,10.39,20.56,4.6,1.25,VALUE,DEPTH,anchor,
Jayden Daniels,QB,rostered,C-Town Chivalry,QB8,QB4,63,55,59,32,55.59,55.0,affine,0.8,1.0,1.0,56,44,44,-15,9.7,21.21,4.5,1.34,VALUE,NEED-STUD,multi-year build,
Ashton Jeanty,RB,rostered,Pure Greatness,RB3,RB5,59,53,56,40,52.23,29.15,affine,0.8,1.0,1.0,52,42,42,-14,9.07,19.12,4.6,1.33,VALUE,DEPTH,multi-year build,
Drake London,WR,rostered,C-Town Chivalry,WR8,WR7,65,46,56,30,57.27,41.4,affine,0.8,1.0,1.0,57,46,46,-10,9.97,20.24,4.6,1.22,VALUE,DEPTH,multi-year build,
Jalen Hurts,QB,rostered,The Long Haulers,QB6,QB7,58,48,53,32,51.39,48.0,affine,0.8,1.0,1.0,51,41,41,-12,8.93,20.14,4.6,1.29,VALUE,NEED-STUD,1-yr / situational,
James Cook III,RB,rostered,C-Town Chivalry,RB5,RB6,59,41,50,40,52.23,22.55,affine,0.8,1.0,1.0,52,42,42,-8,9.07,18.9,4.6,1.19,FAIR,DEPTH,anchor,
Omarion Hampton,RB,rostered,Blake Bombers,RB6,RB8,55,44,50,20,48.87,24.2,affine,0.8,1.0,1.0,49,39,39,-11,8.43,18.24,4.6,1.28,VALUE,DEPTH,multi-year build,
Justin Herbert,QB,rostered,Cleon Ca$h,QB7,QB9,50,51,50,18,44.67,51.0,dyn_anchor,0.8,1.0,1.0,51,41,41,-9,7.7,14.78,5.3,1.22,VALUE,NEED-STUD,anchor,
De'Von Achane,RB,rostered,Sex Manther,RB7,RB9,54,44,49,20,48.03,24.2,affine,0.8,1.0,1.0,48,38,38,-11,8.28,17.22,4.6,1.29,VALUE,DEPTH,multi-year build,
Jonathan Taylor,RB,FA,,RB9,RB3,59,39,49,40,52.23,21.45,affine,0.8,1.0,1.0,52,42,42,-7,9.07,19.34,4.6,1.17,FAIR,DEPTH,1-yr / situational,CBP; Gride; Hawks
Nico Collins,WR,rostered,CBP,WR13,WR9,59,36,48,30,52.23,32.4,affine,0.8,1.0,1.0,52,42,42,-6,9.03,19.78,4.7,1.14,FAIR,DEPTH,1-yr / situational,
A.J. Brown,WR,rostered,The Long Haulers,WR15,WR8,64,31,48,30,56.43,27.9,affine,0.8,1.0,1.0,56,45,45,-3,9.89,20.24,4.6,1.07,FAIR,DEPTH,1-yr rental / flip,
Christian McCaffrey,RB,FA,,RB10,RB4,59,32,46,40,52.23,17.6,affine,0.8,1.0,1.0,52,42,42,-4,9.07,19.31,4.6,1.1,FAIR,DEPTH,1-yr / situational,CBP; Gride; Hawks
George Pickens,WR,rostered,C-Town Chivalry,WR11,WR10,54,38,46,30,48.03,34.2,affine,0.8,1.0,1.0,48,38,38,-8,8.3,18.0,4.6,1.21,VALUE,DEPTH,multi-year build,
Malik Nabers,WR,rostered,Cleon Ca$h,WR7,WR14,40,50,45,16,36.27,45.0,dyn_anchor,0.8,1.0,1.0,45,36,36,-9,6.21,11.1,5.8,1.25,VALUE,DEPTH,multi-year build,
Trevor Lawrence,QB,rostered,The Long Haulers,QB11,QB10,46,43,44,18,41.31,43.0,dyn_anchor,0.8,1.0,1.0,43,34,34,-10,7.08,14.78,4.8,1.29,VALUE,NEED-STUD,1-yr / situational,
Patrick Mahomes II,QB,FA,,QB3,QB11,40,46,43,18,36.27,46.0,dyn_anchor,0.8,1.0,1.0,46,37,37,-6,6.22,13.12,5.9,1.16,FAIR,NEED-STUD,anchor,Hawks; CBP; HammerTime 🔨 ⏰
Saquon Barkley,RB,FA,,RB15,RB7,59,27,43,20,52.23,14.85,affine,0.8,1.0,1.0,52,42,42,-1,9.07,18.7,4.6,1.02,FAIR,DEPTH,1-yr rental / flip,CBP; Gride; Hawks
Jeremiyah Love,RB,rostered,Cleon Ca$h,RB4,RB13,36,49,42,20,32.91,26.95,affine,0.8,1.0,1.0,33,26,26,-16,5.58,12.4,4.7,1.62,SPLURGE,DEPTH,1-yr / situational,
Kenneth Walker III,RB,rostered,HammerTime 🔨 ⏰,RB11,RB10,48,35,42,20,42.99,19.25,affine,0.8,1.0,1.0,43,34,34,-8,7.31,15.99,4.7,1.24,VALUE,DEPTH,multi-year build,
Jaxson Dart,QB,rostered,Cleon Ca$h,QB10,QB12,40,44,42,18,36.27,44.0,dyn_anchor,0.8,1.0,1.0,44,35,35,-7,6.22,13.12,5.6,1.2,VALUE,NEED-STUD,multi-year build,
Dak Prescott,QB,FA,,QB15,QB8,50,34,42,32,44.67,34.0,affine,0.8,1.0,1.0,45,36,36,-6,7.7,19.08,4.7,1.17,FAIR,NEED-STUD,1-yr / situational,Hawks; CBP; HammerTime 🔨 ⏰
Brock Purdy,QB,rostered,Blake Bombers,QB13,QB13,39,39,39,18,35.43,39.0,dyn_anchor,0.8,1.0,1.0,39,31,31,-8,5.95,13.09,5.2,1.26,VALUE,NEED-STUD,1-yr / situational,
Brock Bowers,TE,rostered,C-Town Chivalry,TE1,TE1,28,50,39,20,26.19,45.0,dyn_anchor,0.8,1.0,1.0,45,36,36,-3,4.3,11.96,8.4,1.08,FAIR,DEPTH,multi-year build,
DeVonta Smith,WR,FA,,WR19,WR11,47,31,39,30,42.15,27.9,affine,0.8,1.0,1.0,42,34,34,-5,7.17,16.61,4.7,1.15,FAIR,DEPTH,1-yr / situational,Gride; Hawks; Sex Manther
Tetairoa McMillan,WR,rostered,Real Deal Creel,WR9,WR18,34,41,38,16,31.23,36.9,dyn_anchor,0.8,1.0,1.0,37,30,30,-8,5.29,10.68,5.7,1.27,VALUE,DEPTH,multi-year build,
Chris Olave,WR,rostered,Pure Greatness,WR12,WR13,43,34,38,16,38.79,30.6,affine,0.8,1.0,1.0,39,31,31,-7,6.58,11.29,4.7,1.23,VALUE,DEPTH,multi-year build,
Chase Brown,RB,rostered,L.A. Looks,RB12,RB11,44,30,37,20,39.63,16.5,affine,0.8,1.0,1.0,40,32,32,-5,6.81,15.28,4.7,1.16,FAIR,DEPTH,1-yr / situational,
Bo Nix,QB,rostered,L.A. Looks,QB12,QB15,33,41,37,18,30.39,41.0,dyn_anchor,0.8,1.0,1.0,41,33,33,-4,5.05,12.32,6.5,1.12,FAIR,NEED-STUD,1-yr / situational,
Rashee Rice,WR,rostered,Sex Manther,WR24,WR12,45,28,36,30,40.47,25.2,affine,0.8,1.0,1.0,40,32,32,-4,6.86,14.39,4.7,1.12,FAIR,DEPTH,1-yr / situational,
Breece Hall,RB,rostered,C-Town Chivalry,RB8,RB14,36,34,35,20,32.91,18.7,affine,0.8,1.0,1.0,33,26,26,-9,5.57,12.4,4.7,1.35,VALUE,DEPTH,multi-year build,
Garrett Wilson,WR,rostered,CBP,WR10,WR19,33,36,34,16,30.39,32.4,dyn_anchor,0.8,1.0,1.0,32,26,26,-8,5.04,10.68,5.2,1.31,VALUE,DEPTH,multi-year build,
Emeka Egbuka,WR,rostered,CBP,WR14,WR20,32,37,34,16,29.55,33.3,dyn_anchor,0.8,1.0,1.0,33,27,27,-7,4.94,10.68,5.5,1.26,VALUE,DEPTH,multi-year build,
Ladd McConkey,WR,rostered,HammerTime 🔨 ⏰,WR18,WR17,34,32,33,16,31.23,28.8,affine,0.8,1.0,1.0,31,25,25,-8,5.29,10.68,4.7,1.32,VALUE,DEPTH,multi-year build,
Luther Burden III,WR,rostered,HammerTime 🔨 ⏰,WR22,WR21,32,34,33,16,29.55,30.6,dyn_anchor,0.8,1.0,1.0,31,24,24,-9,4.94,10.68,4.9,1.38,VALUE,DEPTH,1-yr / situational,
Zay Flowers,WR,rostered,Pure Greatness,WR25,WR15,38,28,33,16,34.59,25.2,affine,0.8,1.0,1.0,35,28,28,-5,5.83,10.83,4.8,1.18,FAIR,DEPTH,1-yr / situational,
Travis Etienne Jr.,RB,rostered,Real Deal Creel,RB14,RB15,36,27,32,20,32.91,14.85,affine,0.8,1.0,1.0,33,26,26,-6,5.57,12.4,4.7,1.23,VALUE,DEPTH,1-yr / situational,
Jordan Love,QB,rostered,CBP,QB14,QB18,26,37,32,13,24.51,37.0,dyn_anchor,0.8,1.0,1.0,37,30,30,-2,3.96,12.12,7.6,1.07,FAIR,NEED-STUD,1-yr / situational,
Trey McBride,TE,rostered,HammerTime 🔨 ⏰,TE2,TE2,20,45,32,20,19.47,40.5,dyn_anchor,0.8,1.0,1.0,40,32,32,0,3.05,11.09,10.5,1.0,FAIR,DEPTH,anchor,
Derrick Henry,RB,rostered,The Long Haulers,RB22,RB12,44,21,32,20,39.63,11.55,affine,0.8,1.0,1.0,40,32,32,0,6.78,12.56,4.7,1.0,FAIR,DEPTH,1-yr rental / flip,
Tee Higgins,WR,rostered,C-Town Chivalry,WR26,WR16,38,27,32,16,34.59,24.3,affine,0.8,1.0,1.0,35,28,28,-4,5.83,10.83,4.8,1.14,FAIR,DEPTH,1-yr / situational,
Kyren Williams,RB,rostered,Hawks,RB17,RB16,36,25,30,20,32.91,13.75,affine,0.8,1.0,1.0,33,26,26,-4,5.57,12.04,4.7,1.15,FAIR,DEPTH,multi-year build,
Jared Goff,QB,FA,,QB19,QB16,31,27,29,18,28.71,27.0,affine,0.8,1.0,1.0,29,23,23,-6,4.84,12.32,4.8,1.26,VALUE,NEED-STUD,1-yr / situational,Hawks; CBP; HammerTime 🔨 ⏰
Carnell Tate,WR,rostered,Hawks,WR16,WR30,22,35,28,8,21.15,31.5,dyn_anchor,0.8,1.0,1.0,32,25,25,-3,3.38,10.13,7.4,1.12,FAIR,DEPTH,1-yr / situational,
Colston Loveland,TE,rostered,Cleon Ca$h,TE3,TE3,20,36,28,20,19.47,32.4,dyn_anchor,0.8,1.0,1.0,32,26,26,-2,3.05,9.63,8.5,1.08,FAIR,DEPTH,multi-year build,
Kyler Murray,QB,FA,,QB17,QB17,31,25,28,13,28.71,25.0,affine,0.8,1.0,1.0,29,23,23,-5,4.84,12.32,4.8,1.22,VALUE,NEED-STUD,1-yr / situational,Hawks; CBP; HammerTime 🔨 ⏰
Jaylen Waddle,WR,FA,,WR20,WR24,27,28,28,16,25.35,25.2,affine,0.8,1.0,1.0,25,20,20,-8,4.08,10.68,4.9,1.4,VALUE,DEPTH,1-yr / situational,Gride; Hawks; Sex Manther
Matthew Stafford,QB,FA,,QB25,QB14,37,19,28,18,33.75,19.0,affine,0.8,1.0,1.0,34,27,27,-1,5.68,12.32,4.8,1.04,FAIR,NEED-STUD,1-yr rental / flip,Hawks; CBP; HammerTime 🔨 ⏰
Javonte Williams,RB,rostered,HammerTime 🔨 ⏰,RB19,RB17,30,23,26,20,27.87,12.65,affine,0.8,1.0,1.0,28,22,22,-4,4.59,11.14,4.8,1.18,FAIR,DEPTH,1-yr / situational,
Rome Odunze,WR,rostered,Sex Manther,WR21,WR29,22,29,26,8,21.15,26.1,dyn_anchor,0.8,1.0,1.0,26,21,21,-5,3.38,10.13,6.2,1.24,VALUE,DEPTH,1-yr / situational,
Baker Mayfield,QB,rostered,Pure Greatness,QB20,QB19,24,27,26,13,22.83,27.0,dyn_anchor,0.8,1.0,1.0,27,22,22,-4,3.76,12.12,5.9,1.18,FAIR,NEED-STUD,1-yr / situational,
Brian Thomas Jr.,WR,rostered,Pure Greatness,WR29,WR31,21,30,26,8,20.31,27.0,dyn_anchor,0.8,1.0,1.0,27,22,22,-4,3.19,9.89,6.9,1.18,FAIR,DEPTH,1-yr / situational,
TreVeyon Henderson,RB,rostered,Real Deal Creel,RB13,RB21,20,28,24,10,19.47,15.4,affine,0.8,1.0,1.0,19,16,16,-8,3.0,8.09,5.3,1.5,SPLURGE,DEPTH,multi-year build,
Cam Skattebo,RB,rostered,Gride,RB20,RB19,23,24,24,10,21.99,13.2,affine,0.8,1.0,1.0,22,18,18,-6,3.49,10.24,5.2,1.33,VALUE,DEPTH,1-yr / situational,
Marvin Harrison Jr.,WR,rostered,Real Deal Creel,WR17,WR33,18,30,24,8,17.79,27.0,dyn_anchor,0.8,1.0,1.0,27,22,22,-2,2.8,9.89,7.9,1.09,FAIR,DEPTH,multi-year build,
Tyler Warren,TE,rostered,The Long Haulers,TE5,TE4,16,32,24,20,16.11,28.8,dyn_anchor,0.8,1.0,1.0,29,23,23,-1,2.41,9.27,9.5,1.04,FAIR,DEPTH,multi-year build,
Jordyn Tyson,WR,rostered,Gride,WR23,WR32,19,30,24,8,18.63,27.0,dyn_anchor,0.8,1.0,1.0,27,22,22,-2,2.92,9.89,7.5,1.09,FAIR,DEPTH,1-yr / situational,
Cam Ward,QB,rostered,Blake Bombers,QB21,QB22,18,29,24,13,17.79,29.0,dyn_anchor,0.8,1.0,1.0,29,23,23,-1,2.84,11.99,8.1,1.04,FAIR,NEED-STUD,1-yr / situational,
Jameson Williams,WR,FA,,WR28,WR25,25,24,24,8,23.67,21.6,affine,0.8,1.0,1.0,24,19,19,-5,3.84,10.68,4.9,1.26,VALUE,DEPTH,1-yr / situational,Gride; Hawks; Sex Manther
Tyler Shough,QB,rostered,CBP,QB22,QB20,24,25,24,13,22.83,25.0,dyn_anchor,0.8,1.0,1.0,25,20,20,-4,3.76,12.12,5.3,1.2,VALUE,NEED-STUD,1-yr / situational,
Terry McLaurin,WR,rostered,Blake Bombers,WR34,WR23,32,17,24,16,29.55,15.3,affine,0.8,1.0,1.0,30,24,24,0,4.94,10.68,4.9,1.0,FAIR,DEPTH,1-yr rental / flip,
Mike Evans,WR,rostered,Hawks,WR43,WR22,32,15,24,16,29.55,13.5,affine,0.8,1.0,1.0,30,24,24,0,4.94,10.68,4.9,1.0,FAIR,DEPTH,1-yr rental / flip,
Josh Jacobs,RB,FA,,RB23,RB18,25,19,22,20,23.67,10.45,affine,0.8,1.0,1.0,24,20,20,-2,3.83,10.92,5.2,1.1,FAIR,DEPTH,1-yr / situational,CBP; Gride; Hawks
Harold Fannin Jr.,TE,rostered,Sex Manther,TE7,TE7,13,31,22,14,13.59,27.9,dyn_anchor,0.8,1.0,1.0,28,22,22,0,2.03,7.81,10.8,1.0,FAIR,DEPTH,multi-year build,
Makai Lemon,WR,rostered,Hawks,WR27,WR35,16,28,22,8,16.11,25.2,dyn_anchor,0.8,1.0,1.0,25,20,20,-2,2.4,7.66,8.3,1.1,FAIR,DEPTH,1-yr / situational,
Quinshon Judkins,RB,rostered,Blake Bombers,RB16,RB24,13,29,21,10,13.59,15.95,dyn_anchor,0.8,1.0,1.0,16,13,13,-8,1.94,6.93,6.7,1.62,SPLURGE,DEPTH,multi-year build,
Tucker Kraft,TE,rostered,Cleon Ca$h,TE6,TE5,16,26,21,20,16.11,23.4,dyn_anchor,0.8,1.0,1.0,23,20,20,-1,2.41,9.27,8.3,1.05,FAIR,DEPTH,multi-year build,
C.J. Stroud,QB,rostered,HammerTime 🔨 ⏰,QB16,QB24,11,30,20,13,11.91,30.0,dyn_anchor,0.8,1.0,1.0,30,24,24,4,1.65,10.02,14.5,0.83,FAIR,NEED-STUD,multi-year build,
Sam LaPorta,TE,rostered,C-Town Chivalry,TE4,TE6,15,26,20,20,15.27,23.4,dyn_anchor,0.8,1.0,1.0,23,20,20,0,2.25,8.9,8.9,1.0,FAIR,DEPTH,multi-year build,
Christian Watson,WR,rostered,Real Deal Creel,WR32,WR28,22,18,20,8,21.15,16.2,affine,0.8,1.0,1.0,21,17,17,-3,3.38,10.38,5.0,1.18,FAIR,DEPTH,1-yr / situational,
DJ Moore,WR,rostered,Gride,WR33,WR27,22,17,20,8,21.15,15.3,affine,0.8,1.0,1.0,21,17,17,-3,3.38,10.68,5.0,1.18,FAIR,DEPTH,1-yr / situational,
Sam Darnold,QB,rostered,Gride,QB23,QB23,17,23,20,13,16.95,23.0,dyn_anchor,0.8,1.0,1.0,23,18,18,-2,2.62,10.37,6.9,1.11,FAIR,NEED-STUD,1-yr / situational,
Malik Willis,QB,FA,,QB24,QB21,22,19,20,13,21.15,19.0,affine,0.8,1.0,1.0,21,17,17,-3,3.32,12.12,5.1,1.18,FAIR,NEED-STUD,1-yr / situational,Hawks; CBP; HammerTime 🔨 ⏰
Bucky Irving,RB,rostered,Pure Greatness,RB18,RB23,14,24,19,10,14.43,13.2,affine,0.8,1.0,1.0,14,12,12,-7,2.17,7.32,5.5,1.58,SPLURGE,DEPTH,multi-year build,
Fernando Mendoza,QB,rostered,The Long Haulers,QB18,QB27,6,32,19,12,7.71,32.0,dyn_anchor,0.8,1.0,1.0,32,26,26,7,0.95,10.02,27.4,0.73,FAIR,NEED-STUD,1-yr / situational,
D'Andre Swift,RB,FA,,RB25,RB22,19,17,18,10,18.63,9.35,affine,0.8,1.0,1.0,19,15,15,-3,2.87,7.42,5.2,1.2,VALUE,DEPTH,1-yr / situational,CBP; Gride; Hawks
David Montgomery,RB,rostered,HammerTime 🔨 ⏰,RB27,RB20,21,16,18,10,20.31,8.8,affine,0.8,1.0,1.0,20,16,16,-2,3.23,8.09,5.0,1.12,FAIR,DEPTH,1-yr / situational,
Kyle Pitts Sr.,TE,FA,,TE8,TE8,10,27,18,14,11.07,24.3,dyn_anchor,0.8,1.0,1.0,24,19,19,1,1.47,7.67,12.9,0.95,FAIR,DEPTH,multi-year build,CBP; Gride; Hawks
Davante Adams,WR,rostered,Pure Greatness,WR41,WR26,22,15,18,8,21.15,13.5,affine,0.8,1.0,1.0,21,17,17,-1,3.38,10.68,5.0,1.06,FAIR,DEPTH,1-yr rental / flip,
Alec Pierce,WR,rostered,L.A. Looks,WR31,WR37,15,19,17,8,15.27,17.1,dyn_anchor,0.8,1.0,1.0,17,14,14,-3,2.28,7.26,6.1,1.21,VALUE,DEPTH,1-yr / situational,
Jadarian Price,RB,rostered,Gride,RB21,RB26,8,24,16,10,9.39,13.2,dyn_anchor,0.8,1.0,1.0,13,11,11,-5,1.29,6.88,8.5,1.45,VALUE,DEPTH,1-yr / situational,
DK Metcalf,WR,FA,,WR36,WR36,16,16,16,8,16.11,14.4,affine,0.8,1.0,1.0,16,13,13,-3,2.4,7.66,5.4,1.23,VALUE,DEPTH,1-yr / situational,Gride; Hawks; Sex Manther
Parker Washington,WR,FA,,WR47,WR34,16,16,16,8,16.11,14.4,affine,0.8,1.0,1.0,16,13,13,-3,2.4,9.68,5.4,1.23,VALUE,DEPTH,1-yr / situational,Gride; Hawks; Sex Manther
Bryce Young,QB,rostered,Gride,QB26,QB26,10,20,15,12,11.07,20.0,dyn_anchor,0.8,1.0,1.0,20,16,16,1,1.55,10.02,10.3,0.94,FAIR,NEED-STUD,1-yr / situational,
Bhayshul Tuten,RB,rostered,Blake Bombers,RB24,RB25,11,18,14,10,11.91,9.9,affine,0.8,1.0,1.0,12,10,10,-4,1.71,6.88,5.8,1.4,VALUE,DEPTH,1-yr / situational,
Courtland Sutton,WR,rostered,L.A. Looks,WR44,WR39,14,14,14,8,14.43,12.6,affine,0.8,1.0,1.0,14,12,12,-2,2.17,7.24,5.5,1.17,FAIR,DEPTH,1-yr rental / flip,
Daniel Jones,QB,FA,,QB27,QB25,10,18,14,12,11.07,18.0,dyn_anchor,0.8,1.0,1.0,18,14,14,0,1.55,10.02,9.0,1.0,FAIR,NEED-STUD,1-yr / situational,Hawks; CBP; HammerTime 🔨 ⏰
Quentin Johnston,WR,rostered,The Long Haulers,WR55,WR38,14,15,14,8,14.43,13.5,affine,0.8,1.0,1.0,14,12,12,-2,2.17,7.24,5.5,1.17,FAIR,DEPTH,cut-free dart,
Jayden Reed,WR,rostered,Blake Bombers,WR53,WR40,12,14,13,8,12.75,12.6,affine,0.8,1.0,1.0,13,10,10,-3,1.79,7.22,5.6,1.3,VALUE,DEPTH,cut-free dart,
KC Concepcion,WR,rostered,Real Deal Creel,WR30,WR52,2,22,12,5,4.35,19.8,dyn_anchor,0.8,1.0,1.0,20,16,16,4,0.25,4.18,64.0,0.75,FAIR,DEPTH,1-yr / situational,
Omar Cooper Jr.,WR,rostered,Real Deal Creel,WR37,WR58,1,22,12,5,3.51,19.8,dyn_anchor,0.8,1.0,1.0,20,16,16,4,0.21,4.18,76.2,0.75,FAIR,DEPTH,1-yr / situational,
Kenyon Sadiq,TE,rostered,CBP,TE10,TE21,3,20,12,2,5.19,18.0,dyn_anchor,0.8,1.0,1.0,18,14,14,2,0.53,3.13,26.4,0.86,FAIR,DEPTH,1-yr / situational,
Oronde Gadsden II,TE,rostered,Sex Manther,TE11,TE16,4,20,12,5,6.03,18.0,dyn_anchor,0.8,1.0,1.0,18,14,14,2,0.6,4.24,23.3,0.86,FAIR,DEPTH,multi-year build,
George Kittle,TE,rostered,Blake Bombers,TE14,TE9,8,15,12,14,9.39,13.5,floor,0.8,1.0,1.0,14,14,14,2,1.29,6.6,10.9,0.86,FAIR,DEPTH,1-yr rental / flip,
Jordan Addison,WR,rostered,HammerTime 🔨 ⏰,WR35,WR41,4,18,11,5,6.03,16.2,dyn_anchor,0.8,1.0,1.0,16,13,13,2,0.63,7.22,20.6,0.85,FAIR,DEPTH,1-yr / situational,
Michael Pittman Jr.,WR,rostered,Gride,WR48,WR48,2,20,11,5,4.35,18.0,dyn_anchor,0.8,1.0,1.0,18,14,14,3,0.27,5.76,51.9,0.79,FAIR,DEPTH,1-yr rental / flip,
RJ Harvey,RB,rostered,Hawks,RB26,RB31,4,15,10,4,6.03,8.25,dyn_anchor,0.8,1.0,1.0,8,7,7,-3,0.69,6.88,10.1,1.43,VALUE,DEPTH,1-yr / situational,
Jaylen Warren,RB,FA,,RB28,RB29,5,14,10,10,6.87,7.7,floor,0.8,1.0,1.0,10,10,10,0,0.74,6.88,13.5,1.0,FAIR,DEPTH,1-yr / situational,CBP; Gride; Hawks
Dalton Kincaid,TE,rostered,Hawks,TE9,TE13,5,16,10,5,6.87,14.4,dyn_anchor,0.8,1.0,1.0,14,12,12,2,0.75,4.5,16.0,0.83,FAIR,DEPTH,1-yr / situational,
Chuba Hubbard,RB,FA,,RB34,RB27,6,14,10,10,7.71,7.7,floor,0.8,1.0,1.0,10,10,10,0,0.98,6.88,10.2,1.0,FAIR,DEPTH,1-yr / situational,CBP; Gride; Hawks
Eli Stowers,TE,rostered,CBP,TE12,TE29,3,17,10,2,5.19,15.3,dyn_anchor,0.8,1.0,1.0,15,12,12,2,0.44,2.09,27.3,0.83,FAIR,DEPTH,1-yr / situational,
Jake Ferguson,TE,rostered,L.A. Looks,TE13,TE12,5,15,10,14,6.87,13.5,floor,0.8,1.0,1.0,14,14,14,4,0.8,4.54,17.5,0.71,FAIR,DEPTH,1-yr / situational,
Isaiah Likely,TE,FA,,TE15,TE14,4,15,10,5,6.03,13.5,dyn_anchor,0.8,1.0,1.0,14,11,11,1,0.64,4.45,17.2,0.91,FAIR,DEPTH,1-yr / situational,CBP; Gride; Hawks
Ty Simpson,QB,rostered,Blake Bombers,QB30,QB44,2,17,10,2,4.35,17.0,dyn_anchor,0.8,1.0,1.0,17,14,14,4,0.3,0.52,46.7,0.71,FAIR,NEED-STUD,1-yr / situational,
Michael Penix Jr.,QB,rostered,HammerTime 🔨 ⏰,QB31,QB33,3,18,10,6,5.19,18.0,dyn_anchor,0.8,1.0,1.0,18,14,14,4,0.39,6.25,35.9,0.71,FAIR,NEED-STUD,cut-free dart,
Chris Godwin Jr.,WR,rostered,Blake Bombers,WR54,WR42,4,17,10,5,6.03,15.3,dyn_anchor,0.8,1.0,1.0,15,12,12,2,0.57,6.66,21.1,0.83,FAIR,DEPTH,cut-free dart,
Kyle Monangai,RB,rostered,Gride,RB29,RB33,4,14,9,4,6.03,7.7,dyn_anchor,0.8,1.0,1.0,8,6,6,-3,0.57,6.88,10.5,1.5,VALUE,DEPTH,1-yr / situational,
Michael Wilson,WR,rostered,Hawks,WR39,WR44,2,16,9,5,4.35,14.4,dyn_anchor,0.8,1.0,1.0,14,12,12,3,0.3,6.42,40.0,0.75,FAIR,DEPTH,1-yr / situational,
Travis Kelce,TE,FA,,TE21,TE10,8,10,9,14,9.39,9.0,floor,0.8,1.0,1.0,14,14,14,5,1.25,5.96,11.2,0.64,FAIR,DEPTH,cut-free dart,CBP; Gride; Hawks
Zach Charbonnet,RB,rostered,L.A. Looks,RB30,RB48,2,14,8,4,4.35,7.7,dyn_anchor,0.8,1.0,1.0,8,6,6,-2,0.27,1.84,22.2,1.33,VALUE,DEPTH,1-yr / situational,
Rhamondre Stevenson,RB,FA,,RB31,RB28,5,12,8,10,6.87,6.6,floor,0.8,1.0,1.0,10,10,10,2,0.74,6.88,13.5,0.8,FAIR,DEPTH,1-yr / situational,CBP; Gride; Hawks
Ricky Pearsall,WR,rostered,CBP,WR40,WR47,2,15,8,5,4.35,13.5,dyn_anchor,0.8,1.0,1.0,14,11,11,3,0.28,5.76,39.3,0.73,FAIR,DEPTH,1-yr / situational,
Rico Dowdle,RB,rostered,Blake Bombers,RB32,RB32,4,13,8,4,6.03,7.15,dyn_anchor,0.8,1.0,1.0,7,6,6,-2,0.69,6.88,8.7,1.33,VALUE,DEPTH,1-yr / situational,
Wan'Dale Robinson,WR,rostered,Cleon Ca$h,WR42,WR50,2,15,8,5,4.35,13.5,dyn_anchor,0.8,1.0,1.0,14,11,11,3,0.26,5.31,42.3,0.73,FAIR,DEPTH,1-yr / situational,
Blake Corum,RB,rostered,Blake Bombers,RB33,RB34,3,13,8,4,5.19,7.15,dyn_anchor,0.8,1.0,1.0,7,6,6,-2,0.41,6.88,14.6,1.33,VALUE,DEPTH,1-yr / situational,
Denzel Boston,WR,rostered,Blake Bombers,WR45,WR63,1,16,8,2,3.51,14.4,dyn_anchor,0.8,1.0,1.0,14,12,12,4,0.19,3.62,63.2,0.67,FAIR,DEPTH,1-yr / situational,
Jonah Coleman,RB,rostered,CBP,RB35,RB47,2,14,8,4,4.35,7.7,dyn_anchor,0.8,1.0,1.0,8,6,6,-2,0.28,1.84,21.4,1.33,VALUE,DEPTH,1-yr / situational,
Xavier Worthy,WR,rostered,Hawks,WR46,WR45,2,15,8,5,4.35,13.5,dyn_anchor,0.8,1.0,1.0,14,11,11,3,0.29,6.42,37.9,0.73,FAIR,DEPTH,1-yr / situational,
Tony Pollard,RB,rostered,C-Town Chivalry,RB36,RB30,4,12,8,10,6.03,6.6,floor,0.8,1.0,1.0,10,10,10,2,0.69,6.88,14.5,0.8,FAIR,DEPTH,1-yr rental / flip,
Tua Tagovailoa,QB,rostered,C-Town Chivalry,QB28,QB31,3,13,8,12,5.19,13.0,dyn_anchor,0.8,1.0,1.0,13,12,12,4,0.41,7.91,29.3,0.67,FAIR,NEED-STUD,1-yr / situational,
Jayden Higgins,WR,rostered,Sex Manther,WR49,WR53,2,15,8,5,4.35,13.5,dyn_anchor,0.8,1.0,1.0,14,11,11,3,0.24,4.18,45.8,0.73,FAIR,DEPTH,1-yr / situational,
Josh Downs,WR,rostered,The Long Haulers,WR50,WR43,2,15,8,5,4.35,13.5,dyn_anchor,0.8,1.0,1.0,14,11,11,3,0.36,6.42,30.6,0.73,FAIR,DEPTH,1-yr / situational,
Jonathon Brooks,RB,rostered,Sex Manther,RB38,RB37,2,13,8,4,4.35,7.15,dyn_anchor,0.8,1.0,1.0,7,6,6,-2,0.36,6.88,16.7,1.33,VALUE,DEPTH,1-yr / situational,
Jakobi Meyers,WR,rostered,Hawks,WR51,WR46,2,13,8,5,4.35,11.7,dyn_anchor,0.8,1.0,1.0,12,9,9,1,0.28,5.93,32.1,0.89,FAIR,DEPTH,1-yr / situational,
Brenton Strange,TE,rostered,Blake Bombers,TE16,TE19,4,12,8,5,6.03,10.8,dyn_anchor,0.8,1.0,1.0,11,9,9,1,0.56,3.13,16.1,0.89,FAIR,DEPTH,multi-year build,
Matthew Golden,WR,rostered,Blake Bombers,WR52,WR49,2,15,8,5,4.35,13.5,dyn_anchor,0.8,1.0,1.0,14,11,11,3,0.26,5.31,42.3,0.73,FAIR,DEPTH,cut-free dart,
Dallas Goedert,TE,rostered,Real Deal Creel,TE17,TE15,4,11,8,5,6.03,9.9,dyn_anchor,0.8,1.0,1.0,10,8,8,0,0.62,4.25,12.9,1.0,FAIR,DEPTH,cut-free dart,
Tyrone Tracy Jr.,RB,rostered,C-Town Chivalry,RB41,RB43,2,15,8,4,4.35,8.25,dyn_anchor,0.8,1.0,1.0,8,7,7,-1,0.31,3.4,22.6,1.14,FAIR,DEPTH,cut-free dart,
Chris Rodriguez Jr.,RB,rostered,Real Deal Creel,RB49,RB42,2,14,8,4,4.35,7.7,dyn_anchor,0.8,1.0,1.0,8,6,6,-2,0.31,6.49,19.4,1.33,VALUE,DEPTH,cut-free dart,
Aaron Jones Sr.,RB,FA,,RB51,RB39,2,13,8,4,4.35,7.15,dyn_anchor,0.8,1.0,1.0,7,6,6,-2,0.34,6.88,17.6,1.33,VALUE,DEPTH,cut-free dart,CBP; Gride; Hawks
Mike Washington Jr.,RB,rostered,The Long Haulers,RB54,RB58,1,14,8,2,3.51,7.7,dyn_anchor,0.8,1.0,1.0,8,6,6,-2,0.21,1.59,28.6,1.33,VALUE,DEPTH,cut-free dart,
Brian Robinson Jr.,RB,FA,,RB56,RB51,2,13,8,2,4.35,7.15,dyn_anchor,0.8,1.0,1.0,7,6,6,-2,0.25,1.61,24.0,1.33,VALUE,DEPTH,cut-free dart,CBP; Gride; Hawks
Mark Andrews,TE,FA,,TE18,TE11,5,12,8,14,6.87,10.8,floor,0.8,1.0,1.0,14,14,14,6,0.8,4.66,17.5,0.57,FAIR,DEPTH,cut-free dart,CBP; Gride; Hawks
Romeo Doubs,WR,FA,,WR59,WR51,2,13,8,5,4.35,11.7,dyn_anchor,0.8,1.0,1.0,12,9,9,1,0.25,5.31,36.0,0.89,FAIR,DEPTH,cut-free dart,Gride; Hawks; Sex Manther
Chris Brazzell II,WR,rostered,Gride,WR67,WR88,1,15,8,2,3.51,13.5,dyn_anchor,0.8,1.0,1.0,14,11,11,3,0.12,0.03,91.7,0.73,FAIR,DEPTH,cut-free dart,
Ted Hurst III,WR,rostered,CBP,WR69,WR78,1,15,8,2,3.51,13.5,dyn_anchor,0.8,1.0,1.0,14,11,11,3,0.13,0.03,84.6,0.73,FAIR,DEPTH,cut-free dart,
Chig Okonkwo,TE,FA,,TE19,TE17,4,11,8,5,6.03,9.9,dyn_anchor,0.8,1.0,1.0,10,8,8,0,0.59,4.24,13.6,1.0,FAIR,DEPTH,cut-free dart,CBP; Gride; Hawks
Jacoby Brissett,QB,FA,,QB33,QB30,5,11,8,12,6.87,11.0,floor,0.8,1.0,1.0,12,12,12,4,0.7,8.06,17.1,0.67,FAIR,NEED-STUD,cut-free dart,Hawks; CBP; HammerTime 🔨 ⏰
Geno Smith,QB,rostered,HammerTime 🔨 ⏰,QB34,QB29,6,10,8,12,7.71,10.0,floor,0.8,1.0,1.0,12,12,12,4,0.86,9.2,14.0,0.67,FAIR,NEED-STUD,cut-free dart,
Aaron Rodgers,QB,FA,,QB37,QB28,6,9,8,12,7.71,9.0,floor,0.8,1.0,1.0,12,12,12,4,0.86,9.2,14.0,0.67,FAIR,NEED-STUD,cut-free dart,Hawks; CBP; HammerTime 🔨 ⏰
Anthony Richardson Sr.,QB,rostered,HammerTime 🔨 ⏰,QB29,QB39,2,12,7,6,4.35,12.0,dyn_anchor,0.8,1.0,1.0,12,10,10,3,0.34,1.05,29.4,0.7,FAIR,NEED-STUD,1-yr / situational,
J.K. Dobbins,RB,rostered,Hawks,RB39,RB35,2,12,7,4,4.35,6.6,dyn_anchor,0.8,1.0,1.0,7,5,5,-2,0.38,6.88,13.2,1.4,VALUE,DEPTH,1-yr / situational,
Jacory Croskey-Merritt,RB,rostered,Sex Manther,RB42,RB40,2,12,7,4,4.35,6.6,dyn_anchor,0.8,1.0,1.0,7,5,5,-2,0.33,6.88,15.2,1.4,VALUE,DEPTH,cut-free dart,
Travis Hunter,WR,rostered,Sex Manther,WR56,,0,14,7,0,2.67,12.6,dyn_anchor,0.8,1.0,1.0,13,10,10,3,0.0,0.0,,0.7,FAIR,DEPTH,cut-free dart,
Antonio Williams,WR,rostered,Gride,WR61,WR66,1,13,7,2,3.51,11.7,dyn_anchor,0.8,1.0,1.0,12,9,9,2,0.17,3.3,52.9,0.78,FAIR,DEPTH,cut-free dart,
Chris Bell,WR,rostered,Gride,WR62,WR89,1,13,7,2,3.51,11.7,dyn_anchor,0.8,1.0,1.0,12,9,9,2,0.12,0.03,75.0,0.78,FAIR,DEPTH,cut-free dart,
J.J. McCarthy,QB,rostered,Cleon Ca$h,QB32,QB37,2,12,7,6,4.35,12.0,dyn_anchor,0.8,1.0,1.0,12,10,10,3,0.36,4.08,27.8,0.7,FAIR,NEED-STUD,cut-free dart,
AJ Barner,TE,rostered,Blake Bombers,TE20,TE24,3,11,7,2,5.19,9.9,dyn_anchor,0.8,1.0,1.0,10,8,8,1,0.49,2.09,16.3,0.88,FAIR,DEPTH,cut-free dart,
T.J. Hockenson,TE,rostered,HammerTime 🔨 ⏰,TE23,TE22,3,11,7,2,5.19,9.9,dyn_anchor,0.8,1.0,1.0,10,8,8,1,0.52,2.09,15.4,0.88,FAIR,DEPTH,cut-free dart,
Brandon Aiyuk,WR,FA,,WR38,WR75,1,11,6,2,3.51,9.9,dyn_anchor,0.8,1.0,1.0,10,8,8,2,0.14,1.28,57.1,0.75,FAIR,DEPTH,1-yr / situational,Gride; Hawks; Sex Manther
Kenneth Gainwell,RB,FA,,RB37,,0,12,6,0,2.67,6.6,dyn_anchor,0.8,1.0,1.0,7,5,5,-1,0.0,0.0,,1.2,VALUE,DEPTH,1-yr / situational,CBP; Gride; Hawks
Tyler Allgeier,RB,FA,,RB40,RB49,2,11,6,2,4.35,6.05,dyn_anchor,0.8,1.0,1.0,6,5,5,-1,0.26,1.84,19.2,1.2,VALUE,DEPTH,cut-free dart,CBP; Gride; Hawks
Woody Marks,RB,rostered,The Long Haulers,RB43,RB45,2,10,6,4,4.35,5.5,dyn_anchor,0.8,1.0,1.0,6,4,4,-2,0.29,1.84,13.8,1.5,VALUE,DEPTH,cut-free dart,
Rachaad White,RB,FA,,RB44,RB38,2,11,6,4,4.35,6.05,dyn_anchor,0.8,1.0,1.0,6,5,5,-1,0.35,6.88,14.3,1.2,VALUE,DEPTH,cut-free dart,CBP; Gride; Hawks
Nicholas Singleton,RB,rostered,Cleon Ca$h,RB45,RB56,1,12,6,2,3.51,6.6,dyn_anchor,0.8,1.0,1.0,7,5,5,-1,0.22,1.59,22.7,1.2,VALUE,DEPTH,cut-free dart,
Jordan Mason,RB,rostered,The Long Haulers,RB46,RB41,2,10,6,4,4.35,5.5,dyn_anchor,0.8,1.0,1.0,6,4,4,-2,0.32,6.88,12.5,1.5,VALUE,DEPTH,cut-free dart,
Emmett Johnson,RB,rostered,Gride,RB47,RB57,1,11,6,2,3.51,6.05,dyn_anchor,0.8,1.0,1.0,6,5,5,-1,0.22,1.59,22.7,1.2,VALUE,DEPTH,cut-free dart,
Dylan Sampson,RB,rostered,L.A. Looks,RB48,RB53,2,10,6,2,4.35,5.5,dyn_anchor,0.8,1.0,1.0,6,4,4,-2,0.24,1.61,16.7,1.5,VALUE,DEPTH,cut-free dart,
Kaytron Allen,RB,rostered,Blake Bombers,RB50,RB59,1,10,6,2,3.51,5.5,dyn_anchor,0.8,1.0,1.0,6,4,4,-2,0.21,1.54,19.0,1.5,VALUE,DEPTH,cut-free dart,
Isiah Pacheco,RB,FA,,RB52,RB46,2,9,6,4,4.35,4.95,dyn_anchor,0.8,1.0,1.0,5,4,4,-2,0.28,1.84,14.3,1.5,VALUE,DEPTH,cut-free dart,CBP; Gride; Hawks
Tyjae Spears,RB,rostered,The Long Haulers,RB53,RB50,2,9,6,2,4.35,4.95,dyn_anchor,0.8,1.0,1.0,5,4,4,-2,0.26,1.82,15.4,1.5,VALUE,DEPTH,cut-free dart,
Braelon Allen,RB,rostered,L.A. Looks,RB55,RB61,1,10,6,2,3.51,5.5,dyn_anchor,0.8,1.0,1.0,6,4,4,-2,0.2,1.24,20.0,1.5,VALUE,DEPTH,cut-free dart,
Keaton Mitchell,RB,rostered,CBP,RB58,RB44,2,9,6,4,4.35,4.95,dyn_anchor,0.8,1.0,1.0,5,4,4,-2,0.3,2.21,13.3,1.5,VALUE,DEPTH,cut-free dart,
Tank Bigsby,RB,rostered,L.A. Looks,RB59,RB52,2,10,6,2,4.35,5.5,dyn_anchor,0.8,1.0,1.0,6,4,4,-2,0.25,1.61,16.0,1.5,VALUE,DEPTH,cut-free dart,
Ollie Gordon II,RB,rostered,The Long Haulers,RB66,RB80,1,12,6,2,3.51,6.6,dyn_anchor,0.8,1.0,1.0,7,5,5,-1,0.12,0.42,41.7,1.2,VALUE,DEPTH,cut-free dart,
LeQuint Allen Jr.,RB,rostered,Hawks,RB86,RB73,1,10,6,2,3.51,5.5,dyn_anchor,0.8,1.0,1.0,6,4,4,-2,0.15,0.84,26.7,1.5,VALUE,DEPTH,cut-free dart,
Khalil Shakir,WR,rostered,Cleon Ca$h,WR58,WR54,1,12,6,5,3.51,10.8,dyn_anchor,0.8,1.0,1.0,11,9,9,3,0.23,4.18,39.1,0.67,FAIR,DEPTH,cut-free dart,
Jalen Coker,WR,rostered,Gride,WR60,WR55,1,12,6,5,3.51,10.8,dyn_anchor,0.8,1.0,1.0,11,9,9,3,0.23,4.18,39.1,0.67,FAIR,DEPTH,cut-free dart,
Rashid Shaheed,WR,rostered,Blake Bombers,WR63,WR57,1,11,6,5,3.51,9.9,dyn_anchor,0.8,1.0,1.0,10,8,8,2,0.22,4.18,36.4,0.75,FAIR,DEPTH,cut-free dart,
Germie Bernard,WR,rostered,The Long Haulers,WR64,WR73,1,12,6,2,3.51,10.8,dyn_anchor,0.8,1.0,1.0,11,9,9,3,0.15,1.28,60.0,0.67,FAIR,DEPTH,cut-free dart,
Jalen McMillan,WR,rostered,Cleon Ca$h,WR65,WR59,1,12,6,5,3.51,10.8,dyn_anchor,0.8,1.0,1.0,11,9,9,3,0.21,4.18,42.9,0.67,FAIR,DEPTH,cut-free dart,
Jauan Jennings,WR,rostered,L.A. Looks,WR66,WR60,1,10,6,5,3.51,9.0,dyn_anchor,0.8,1.0,1.0,9,7,7,1,0.2,4.18,35.0,0.86,FAIR,DEPTH,cut-free dart,
Tre' Harris,WR,rostered,Cleon Ca$h,WR68,WR67,1,11,6,2,3.51,9.9,dyn_anchor,0.8,1.0,1.0,10,8,8,2,0.17,2.5,47.1,0.75,FAIR,DEPTH,cut-free dart,
Elijah Sarratt,WR,rostered,Pure Greatness,WR71,WR82,1,11,6,2,3.51,9.9,dyn_anchor,0.8,1.0,1.0,10,8,8,2,0.12,0.03,66.7,0.75,FAIR,DEPTH,cut-free dart,
Jerry Jeudy,WR,rostered,Cleon Ca$h,WR72,WR71,1,10,6,2,3.51,9.0,dyn_anchor,0.8,1.0,1.0,9,7,7,1,0.15,1.35,46.7,0.86,FAIR,DEPTH,cut-free dart,
Jaylin Noel,WR,rostered,Sex Manther,WR73,WR85,1,10,6,2,3.51,9.0,dyn_anchor,0.8,1.0,1.0,9,7,7,1,0.12,0.03,58.3,0.86,FAIR,DEPTH,cut-free dart,
De'Zhaun Stribling,WR,rostered,Real Deal Creel,WR74,WR68,1,11,6,2,3.51,9.9,dyn_anchor,0.8,1.0,1.0,10,8,8,2,0.16,2.5,50.0,0.75,FAIR,DEPTH,cut-free dart,
Skyler Bell,WR,rostered,HammerTime 🔨 ⏰,WR77,WR98,1,10,6,2,3.51,9.0,dyn_anchor,0.8,1.0,1.0,9,7,7,1,0.12,0.03,58.3,0.86,FAIR,DEPTH,cut-free dart,
Deebo Samuel Sr.,WR,rostered,Gride,WR78,WR65,1,10,6,2,3.51,9.0,dyn_anchor,0.8,1.0,1.0,9,7,7,1,0.18,3.3,38.9,0.86,FAIR,DEPTH,cut-free dart,
Malachi Fields,WR,rostered,The Long Haulers,WR79,WR91,1,11,6,2,3.51,9.9,dyn_anchor,0.8,1.0,1.0,10,8,8,2,0.12,0.03,66.7,0.75,FAIR,DEPTH,cut-free dart,
Zachariah Branch,WR,rostered,Cleon Ca$h,WR80,WR70,1,11,6,2,3.51,9.9,dyn_anchor,0.8,1.0,1.0,10,8,8,2,0.16,1.95,50.0,0.75,FAIR,DEPTH,cut-free dart,
Isaac TeSlaa,WR,rostered,Cleon Ca$h,WR83,WR69,1,10,6,2,3.51,9.0,dyn_anchor,0.8,1.0,1.0,9,7,7,1,0.16,2.5,43.8,0.86,FAIR,DEPTH,cut-free dart,
Kevin Coleman Jr.,WR,rostered,The Long Haulers,WR105,WR121,1,10,6,2,3.51,9.0,dyn_anchor,0.8,1.0,1.0,9,7,7,1,0.12,0.03,58.3,0.86,FAIR,DEPTH,cut-free dart,
Shedeur Sanders,QB,rostered,L.A. Looks,QB35,QB34,2,11,6,6,4.35,11.0,dyn_anchor,0.8,1.0,1.0,11,9,9,3,0.38,6.15,23.7,0.67,FAIR,NEED-STUD,cut-free dart,
Carson Beck,QB,rostered,The Long Haulers,QB36,QB36,2,10,6,6,4.35,10.0,dyn_anchor,0.8,1.0,1.0,10,8,8,2,0.37,4.08,21.6,0.75,FAIR,NEED-STUD,cut-free dart,
Mac Jones,QB,FA,,QB38,QB41,2,10,6,2,4.35,10.0,dyn_anchor,0.8,1.0,1.0,10,8,8,2,0.32,0.78,25.0,0.75,FAIR,NEED-STUD,cut-free dart,Hawks; CBP; HammerTime 🔨 ⏰
Deshaun Watson,QB,rostered,Real Deal Creel,QB40,QB32,3,9,6,12,5.19,9.0,floor,0.8,1.0,1.0,12,12,12,6,0.4,7.91,30.0,0.5,FAIR,NEED-STUD,cut-free dart,
Terrance Ferguson,TE,rostered,Blake Bombers,TE22,TE30,3,10,6,2,5.19,9.0,dyn_anchor,0.8,1.0,1.0,9,7,7,1,0.43,2.02,16.3,0.86,FAIR,DEPTH,cut-free dart,
Juwan Johnson,TE,FA,,TE24,TE20,4,9,6,5,6.03,8.1,dyn_anchor,0.8,1.0,1.0,8,6,6,0,0.55,3.13,10.9,1.0,FAIR,DEPTH,cut-free dart,CBP; Gride; Hawks
Gunnar Helm,TE,FA,,TE25,TE25,3,10,6,2,5.19,9.0,dyn_anchor,0.8,1.0,1.0,9,7,7,1,0.48,2.09,14.6,0.86,FAIR,DEPTH,cut-free dart,CBP; Gride; Hawks
Hunter Henry,TE,FA,,TE26,TE18,4,9,6,5,6.03,8.1,dyn_anchor,0.8,1.0,1.0,8,6,6,0,0.57,3.13,10.5,1.0,FAIR,DEPTH,cut-free dart,CBP; Gride; Hawks
Max Klare,TE,rostered,Pure Greatness,TE27,TE52,2,9,6,2,4.35,8.1,dyn_anchor,0.8,1.0,1.0,8,6,6,0,0.25,0.01,24.0,1.0,FAIR,DEPTH,cut-free dart,
Dalton Schultz,TE,rostered,Pure Greatness,TE30,TE23,3,8,6,2,5.19,7.2,dyn_anchor,0.8,1.0,1.0,7,6,6,0,0.51,2.09,11.8,1.0,FAIR,DEPTH,cut-free dart,
David Njoku,TE,rostered,Gride,TE32,TE31,3,9,6,2,5.19,8.1,dyn_anchor,0.8,1.0,1.0,8,6,6,0,0.41,0.98,14.6,1.0,FAIR,DEPTH,cut-free dart,
Cade Otton,TE,rostered,The Long Haulers,TE34,TE27,3,8,6,2,5.19,7.2,dyn_anchor,0.8,1.0,1.0,7,6,6,0,0.46,2.09,13.0,1.0,FAIR,DEPTH,cut-free dart,
Greg Dulcich,TE,FA,,TE37,TE26,3,8,6,2,5.19,7.2,dyn_anchor,0.8,1.0,1.0,7,6,6,0,0.47,2.09,12.8,1.0,FAIR,DEPTH,cut-free dart,CBP; Gride; Hawks
Kaleb Johnson,RB,rostered,Hawks,RB60,RB86,1,9,5,2,3.51,4.95,dyn_anchor,0.8,1.0,1.0,5,4,4,-1,0.12,0.42,33.3,1.25,VALUE,DEPTH,cut-free dart,
Stefon Diggs,WR,FA,,WR70,WR56,1,9,5,5,3.51,8.1,dyn_anchor,0.8,1.0,1.0,8,6,6,1,0.22,4.18,27.3,0.83,FAIR,DEPTH,cut-free dart,Gride; Hawks; Sex Manther
Kayshon Boutte,WR,rostered,Real Deal Creel,WR75,WR87,1,9,5,2,3.51,8.1,dyn_anchor,0.8,1.0,1.0,8,6,6,1,0.12,0.03,50.0,0.83,FAIR,DEPTH,cut-free dart,
Troy Franklin,WR,FA,,WR76,WR83,1,9,5,2,3.51,8.1,dyn_anchor,0.8,1.0,1.0,8,6,6,1,0.12,0.03,50.0,0.83,FAIR,DEPTH,cut-free dart,Gride; Hawks; Sex Manther
Adonai Mitchell,WR,rostered,The Long Haulers,WR81,WR72,1,9,5,2,3.51,8.1,dyn_anchor,0.8,1.0,1.0,8,6,6,1,0.15,1.28,40.0,0.83,FAIR,DEPTH,cut-free dart,
Ja'Kobi Lane,WR,rostered,Hawks,WR82,WR97,1,9,5,2,3.51,8.1,dyn_anchor,0.8,1.0,1.0,8,6,6,1,0.12,0.03,50.0,0.83,FAIR,DEPTH,cut-free dart,
Pat Bryant,WR,rostered,Blake Bombers,WR84,WR84,1,9,5,2,3.51,8.1,dyn_anchor,0.8,1.0,1.0,8,6,6,1,0.12,0.03,50.0,0.83,FAIR,DEPTH,cut-free dart,
Tank Dell,WR,rostered,Sex Manther,WR86,WR76,1,9,5,2,3.51,8.1,dyn_anchor,0.8,1.0,1.0,8,6,6,1,0.13,1.28,46.2,0.83,FAIR,DEPTH,cut-free dart,
Jalen Nailor,WR,FA,,WR89,WR61,1,9,5,2,3.51,8.1,dyn_anchor,0.8,1.0,1.0,8,6,6,1,0.2,4.18,30.0,0.83,FAIR,DEPTH,cut-free dart,Gride; Hawks; Sex Manther
Jack Bech,WR,rostered,Gride,WR90,WR103,1,9,5,2,3.51,8.1,dyn_anchor,0.8,1.0,1.0,8,6,6,1,0.12,0.03,50.0,0.83,FAIR,DEPTH,cut-free dart,
Keon Coleman,WR,rostered,Real Deal Creel,WR91,WR92,1,9,5,2,3.51,8.1,dyn_anchor,0.8,1.0,1.0,8,6,6,1,0.12,0.03,50.0,0.83,FAIR,DEPTH,cut-free dart,
Tory Horton,WR,rostered,Pure Greatness,WR92,WR90,1,9,5,2,3.51,8.1,dyn_anchor,0.8,1.0,1.0,8,6,6,1,0.12,0.03,50.0,0.83,FAIR,DEPTH,cut-free dart,
Tre Tucker,WR,rostered,The Long Haulers,WR95,WR62,1,9,5,2,3.51,8.1,dyn_anchor,0.8,1.0,1.0,8,6,6,1,0.19,4.18,31.6,0.83,FAIR,DEPTH,cut-free dart,
Malik Washington,WR,rostered,The Long Haulers,WR97,WR77,1,9,5,2,3.51,8.1,dyn_anchor,0.8,1.0,1.0,8,6,6,1,0.13,0.03,46.2,0.83,FAIR,DEPTH,cut-free dart,
Marvin Mims Jr.,WR,rostered,L.A. Looks,WR98,WR136,1,9,5,2,3.51,8.1,dyn_anchor,0.8,1.0,1.0,8,6,6,1,0.12,0.03,50.0,0.83,FAIR,DEPTH,cut-free dart,
Dont'e Thornton Jr.,WR,rostered,Pure Greatness,WR118,WR150,1,9,5,2,3.51,8.1,dyn_anchor,0.8,1.0,1.0,8,6,6,1,0.12,0.03,50.0,0.83,FAIR,DEPTH,cut-free dart,
Justin Fields,QB,FA,,QB39,QB38,2,8,5,6,4.35,8.0,dyn_anchor,0.8,1.0,1.0,8,6,6,1,0.35,1.65,17.1,0.83,FAIR,NEED-STUD,cut-free dart,Hawks; CBP; HammerTime 🔨 ⏰
Mason Taylor,TE,rostered,HammerTime 🔨 ⏰,TE28,TE43,2,8,5,2,4.35,7.2,dyn_anchor,0.8,1.0,1.0,7,6,6,1,0.31,0.01,19.4,0.83,FAIR,DEPTH,cut-free dart,
Pat Freiermuth,TE,FA,,TE33,TE28,3,7,5,2,5.19,6.3,dyn_anchor,0.8,1.0,1.0,6,5,5,0,0.45,2.09,11.1,1.0,FAIR,DEPTH,cut-free dart,CBP; Gride; Hawks
Elijah Arroyo,TE,rostered,Cleon Ca$h,TE35,TE45,2,8,5,2,4.35,7.2,dyn_anchor,0.8,1.0,1.0,7,6,6,1,0.29,0.01,20.7,0.83,FAIR,DEPTH,cut-free dart,
Alvin Kamara,RB,FA,,RB57,RB55,1,8,4,2,3.51,4.4,dyn_anchor,0.8,1.0,1.0,4,4,4,0,0.23,1.61,17.4,1.0,FAIR,DEPTH,cut-free dart,CBP; Gride; Hawks
Trey Benson,RB,FA,,RB61,RB83,1,8,4,2,3.51,4.4,dyn_anchor,0.8,1.0,1.0,4,4,4,0,0.12,0.42,33.3,1.0,FAIR,DEPTH,cut-free dart,CBP; Gride; Hawks
Kimani Vidal,RB,rostered,Gride,RB62,RB69,1,7,4,2,3.51,3.85,dyn_anchor,0.8,1.0,1.0,4,3,3,-1,0.16,0.85,18.8,1.33,VALUE,DEPTH,cut-free dart,
James Conner,RB,FA,,RB63,RB70,1,6,4,2,3.51,3.3,affine,0.8,1.0,1.0,4,3,3,-1,0.16,0.85,18.8,1.33,VALUE,DEPTH,cut-free dart,CBP; Gride; Hawks
Demond Claiborne,RB,rostered,HammerTime 🔨 ⏰,RB64,RB66,1,8,4,2,3.51,4.4,dyn_anchor,0.8,1.0,1.0,4,4,4,0,0.17,0.85,23.5,1.0,FAIR,DEPTH,cut-free dart,
Emanuel Wilson,RB,rostered,Blake Bombers,RB65,RB71,1,6,4,2,3.51,3.3,affine,0.8,1.0,1.0,4,3,3,-1,0.15,0.85,20.0,1.33,VALUE,DEPTH,cut-free dart,
Jaylen Wright,RB,rostered,C-Town Chivalry,RB67,RB74,1,7,4,2,3.51,3.85,dyn_anchor,0.8,1.0,1.0,4,3,3,-1,0.14,0.84,21.4,1.33,VALUE,DEPTH,cut-free dart,
Sean Tucker,RB,rostered,Sex Manther,RB68,RB54,1,7,4,2,3.51,3.85,dyn_anchor,0.8,1.0,1.0,4,3,3,-1,0.23,1.61,13.0,1.33,VALUE,DEPTH,cut-free dart,
Ray Davis,RB,rostered,C-Town Chivalry,RB69,RB60,1,7,4,2,3.51,3.85,dyn_anchor,0.8,1.0,1.0,4,3,3,-1,0.2,1.24,15.0,1.33,VALUE,DEPTH,cut-free dart,
Adam Randall,RB,rostered,Gride,RB70,RB76,1,6,4,2,3.51,3.3,affine,0.8,1.0,1.0,4,3,3,-1,0.13,0.84,23.1,1.33,VALUE,DEPTH,cut-free dart,
Devin Neal,RB,rostered,Gride,RB71,RB92,1,6,4,2,3.51,3.3,affine,0.8,1.0,1.0,4,3,3,-1,0.12,0.42,25.0,1.33,VALUE,DEPTH,cut-free dart,
Kaelon Black,RB,rostered,Hawks,RB72,RB68,1,7,4,2,3.51,3.85,dyn_anchor,0.8,1.0,1.0,4,3,3,-1,0.16,0.85,18.8,1.33,VALUE,DEPTH,cut-free dart,
Jordan James,RB,rostered,Sex Manther,RB73,RB64,1,7,4,2,3.51,3.85,dyn_anchor,0.8,1.0,1.0,4,3,3,-1,0.18,0.85,16.7,1.33,VALUE,DEPTH,cut-free dart,
Jaydon Blue,RB,rostered,The Long Haulers,RB75,RB63,1,7,4,2,3.51,3.85,dyn_anchor,0.8,1.0,1.0,4,3,3,-1,0.19,0.85,15.8,1.33,VALUE,DEPTH,cut-free dart,
MarShawn Lloyd,RB,rostered,Sex Manther,RB77,RB62,1,8,4,2,3.51,4.4,dyn_anchor,0.8,1.0,1.0,4,4,4,0,0.19,0.95,21.1,1.0,FAIR,DEPTH,cut-free dart,
DJ Giddens,RB,rostered,Gride,RB79,RB75,1,7,4,2,3.51,3.85,dyn_anchor,0.8,1.0,1.0,4,3,3,-1,0.14,0.84,21.4,1.33,VALUE,DEPTH,cut-free dart,
Trevor Etienne,RB,rostered,Gride,RB87,RB87,1,6,4,2,3.51,3.3,affine,0.8,1.0,1.0,4,3,3,-1,0.12,0.42,25.0,1.33,VALUE,DEPTH,cut-free dart,
Tyreek Hill,WR,rostered,Sex Manther,WR57,WR86,1,8,4,2,3.51,7.2,dyn_anchor,0.8,1.0,1.0,7,6,6,2,0.12,0.03,50.0,0.67,FAIR,DEPTH,cut-free dart,
Chimere Dike,WR,rostered,Hawks,WR85,WR101,1,8,4,2,3.51,7.2,dyn_anchor,0.8,1.0,1.0,7,6,6,2,0.12,0.03,50.0,0.67,FAIR,DEPTH,cut-free dart,
Elic Ayomanor,WR,rostered,C-Town Chivalry,WR87,WR109,1,8,4,2,3.51,7.2,dyn_anchor,0.8,1.0,1.0,7,6,6,2,0.12,0.03,50.0,0.67,FAIR,DEPTH,cut-free dart,
Kyle Williams,WR,rostered,Sex Manther,WR88,WR114,1,8,4,2,3.51,7.2,dyn_anchor,0.8,1.0,1.0,7,6,6,2,0.12,0.03,50.0,0.67,FAIR,DEPTH,cut-free dart,
Calvin Ridley,WR,FA,,WR93,WR74,1,7,4,2,3.51,6.3,dyn_anchor,0.8,1.0,1.0,6,5,5,1,0.14,1.28,35.7,0.8,FAIR,DEPTH,cut-free dart,Gride; Hawks; Sex Manther
Darnell Mooney,WR,FA,,WR94,WR80,1,7,4,2,3.51,6.3,dyn_anchor,0.8,1.0,1.0,6,5,5,1,0.12,0.03,41.7,0.8,FAIR,DEPTH,cut-free dart,Gride; Hawks; Sex Manther
Dontayvion Wicks,WR,rostered,The Long Haulers,WR96,WR79,1,8,4,2,3.51,7.2,dyn_anchor,0.8,1.0,1.0,7,6,6,2,0.12,0.03,50.0,0.67,FAIR,DEPTH,cut-free dart,
Rashod Bateman,WR,rostered,HammerTime 🔨 ⏰,WR99,WR93,1,6,4,2,3.51,5.4,dyn_anchor,0.8,1.0,1.0,5,4,4,0,0.12,0.03,33.3,1.0,FAIR,DEPTH,cut-free dart,
Bryce Lance,WR,rostered,L.A. Looks,WR100,WR118,1,6,4,2,3.51,5.4,dyn_anchor,0.8,1.0,1.0,5,4,4,0,0.12,0.03,33.3,1.0,FAIR,DEPTH,cut-free dart,
Brenen Thompson,WR,FA,,WR101,WR108,1,6,4,2,3.51,5.4,dyn_anchor,0.8,1.0,1.0,5,4,4,0,0.12,0.03,33.3,1.0,FAIR,DEPTH,cut-free dart,Gride; Hawks; Sex Manther
Ryan Flournoy,WR,FA,,WR102,WR64,1,6,4,2,3.51,5.4,dyn_anchor,0.8,1.0,1.0,5,4,4,0,0.18,3.62,22.2,1.0,FAIR,DEPTH,cut-free dart,Gride; Hawks; Sex Manther
Christian Kirk,WR,FA,,WR103,WR94,1,6,4,2,3.51,5.4,dyn_anchor,0.8,1.0,1.0,5,4,4,0,0.12,0.03,33.3,1.0,FAIR,DEPTH,cut-free dart,Gride; Hawks; Sex Manther
Xavier Legette,WR,rostered,Pure Greatness,WR106,WR111,1,6,4,2,3.51,5.4,dyn_anchor,0.8,1.0,1.0,5,4,4,0,0.12,0.03,33.3,1.0,FAIR,DEPTH,cut-free dart,
Tez Johnson,WR,FA,,WR107,WR124,1,6,4,2,3.51,5.4,dyn_anchor,0.8,1.0,1.0,5,4,4,0,0.12,0.03,33.3,1.0,FAIR,DEPTH,cut-free dart,Gride; Hawks; Sex Manther
Jalen Royals,WR,rostered,Cleon Ca$h,WR114,WR128,1,6,4,2,3.51,5.4,dyn_anchor,0.8,1.0,1.0,5,4,4,0,0.12,0.03,33.3,1.0,FAIR,DEPTH,cut-free dart,
Isaiah Bond,WR,rostered,L.A. Looks,WR115,WR120,1,6,4,2,3.51,5.4,dyn_anchor,0.8,1.0,1.0,5,4,4,0,0.12,0.03,33.3,1.0,FAIR,DEPTH,cut-free dart,
Calvin Austin III,WR,FA,,WR127,WR147,1,6,4,2,3.51,5.4,dyn_anchor,0.8,1.0,1.0,5,4,4,0,0.12,0.03,33.3,1.0,FAIR,DEPTH,cut-free dart,Gride; Hawks; Sex Manther
John Metchie III,WR,FA,,WR130,WR155,1,6,4,2,3.51,5.4,dyn_anchor,0.8,1.0,1.0,5,4,4,0,0.12,0.03,33.3,1.0,FAIR,DEPTH,cut-free dart,Gride; Hawks; Sex Manther
Kirk Cousins,QB,FA,,QB41,QB35,2,7,4,6,4.35,7.0,dyn_anchor,0.8,1.0,1.0,7,6,6,2,0.38,4.08,15.8,0.67,FAIR,NEED-STUD,cut-free dart,Hawks; CBP; HammerTime 🔨 ⏰
Drew Allar,QB,rostered,Hawks,QB42,,0,8,4,0,2.67,8.0,dyn_anchor,0.8,1.0,1.0,8,6,6,2,0.0,0.0,,0.67,FAIR,NEED-STUD,cut-free dart,
Cade Klubnik,QB,rostered,CBP,QB48,QB42,2,7,4,2,4.35,7.0,dyn_anchor,0.8,1.0,1.0,7,6,6,2,0.31,0.56,19.4,0.67,FAIR,NEED-STUD,cut-free dart,
Jalen Milroe,QB,rostered,C-Town Chivalry,QB49,QB49,2,7,4,2,4.35,7.0,dyn_anchor,0.8,1.0,1.0,7,6,6,2,0.26,0.52,23.1,0.67,FAIR,NEED-STUD,cut-free dart,
Joe Milton III,QB,FA,,QB51,QB46,2,7,4,2,4.35,7.0,dyn_anchor,0.8,1.0,1.0,7,6,6,2,0.28,0.52,21.4,0.67,FAIR,NEED-STUD,cut-free dart,Hawks; CBP; HammerTime 🔨 ⏰
Will Howard,QB,rostered,CBP,QB52,QB48,2,6,4,2,4.35,6.0,dyn_anchor,0.8,1.0,1.0,6,5,5,1,0.27,0.52,18.5,0.8,FAIR,NEED-STUD,cut-free dart,
Eli Raridon,TE,rostered,Blake Bombers,TE29,TE42,2,7,4,2,4.35,6.3,dyn_anchor,0.8,1.0,1.0,6,5,5,1,0.31,0.01,16.1,0.8,FAIR,DEPTH,cut-free dart,
Oscar Delp,TE,rostered,Sex Manther,TE31,TE41,2,7,4,2,4.35,6.3,dyn_anchor,0.8,1.0,1.0,6,5,5,1,0.32,0.01,15.6,0.8,FAIR,DEPTH,cut-free dart,
Theo Johnson,TE,rostered,The Long Haulers,TE36,TE38,2,7,4,2,4.35,6.3,dyn_anchor,0.8,1.0,1.0,6,5,5,1,0.35,0.04,14.3,0.8,FAIR,DEPTH,cut-free dart,
Justin Joly,TE,rostered,Gride,TE38,TE48,2,7,4,2,4.35,6.3,dyn_anchor,0.8,1.0,1.0,6,5,5,1,0.27,0.01,18.5,0.8,FAIR,DEPTH,cut-free dart,
Michael Mayer,TE,rostered,Real Deal Creel,TE39,TE37,2,7,4,2,4.35,6.3,dyn_anchor,0.8,1.0,1.0,6,5,5,1,0.36,0.04,13.9,0.8,FAIR,DEPTH,cut-free dart,
Jake Tonges,TE,FA,,TE40,TE36,2,7,4,2,4.35,6.3,dyn_anchor,0.8,1.0,1.0,6,5,5,1,0.37,0.09,13.5,0.8,FAIR,DEPTH,cut-free dart,CBP; Gride; Hawks
Colby Parkinson,TE,rostered,L.A. Looks,TE41,TE33,3,6,4,2,5.19,5.4,dyn_anchor,0.8,1.0,1.0,5,4,4,0,0.39,0.16,10.3,1.0,FAIR,DEPTH,cut-free dart,
Evan Engram,TE,FA,,TE42,TE35,2,6,4,2,4.35,5.4,dyn_anchor,0.8,1.0,1.0,5,4,4,0,0.38,0.09,10.5,1.0,FAIR,DEPTH,cut-free dart,CBP; Gride; Hawks
Cole Kmet,TE,rostered,CBP,TE44,TE46,2,6,4,2,4.35,5.4,dyn_anchor,0.8,1.0,1.0,5,4,4,0,0.28,0.01,14.3,1.0,FAIR,DEPTH,cut-free dart,
Darnell Washington,TE,FA,,TE45,TE34,2,6,4,2,4.35,5.4,dyn_anchor,0.8,1.0,1.0,5,4,4,0,0.38,0.16,10.5,1.0,FAIR,DEPTH,cut-free dart,CBP; Gride; Hawks
Ja'Tavion Sanders,TE,rostered,Real Deal Creel,TE46,TE39,2,6,4,2,4.35,5.4,dyn_anchor,0.8,1.0,1.0,5,4,4,0,0.34,0.01,11.8,1.0,FAIR,DEPTH,cut-free dart,
Mike Gesicki,TE,FA,,TE48,TE32,3,5,4,2,5.19,4.5,affine,0.8,1.0,1.0,5,4,4,0,0.4,0.81,10.0,1.0,FAIR,DEPTH,cut-free dart,CBP; Gride; Hawks
Luke Musgrave,TE,FA,,TE59,TE53,2,5,4,2,4.35,4.5,dyn_anchor,0.8,1.0,1.0,4,4,4,0,0.24,0.01,16.7,1.0,FAIR,DEPTH,cut-free dart,CBP; Gride; Hawks
Erick All Jr.,TE,rostered,Pure Greatness,TE61,TE47,2,5,4,2,4.35,4.5,dyn_anchor,0.8,1.0,1.0,4,4,4,0,0.28,0.01,14.3,1.0,FAIR,DEPTH,cut-free dart,
Eli Heidenreich,RB,rostered,Blake Bombers,RB74,RB88,1,5,3,2,3.51,2.75,affine,0.8,1.0,1.0,4,3,3,0,0.12,0.42,25.0,1.0,FAIR,DEPTH,cut-free dart,
Najee Harris,RB,FA,,RB78,RB81,1,5,3,2,3.51,2.75,affine,0.8,1.0,1.0,4,3,3,0,0.12,0.42,25.0,1.0,FAIR,DEPTH,cut-free dart,CBP; Gride; Hawks
Brashard Smith,RB,FA,,RB80,RB102,1,5,3,2,3.51,2.75,affine,0.8,1.0,1.0,4,3,3,0,0.12,0.42,25.0,1.0,FAIR,DEPTH,cut-free dart,CBP; Gride; Hawks
Isaiah Davis,RB,rostered,C-Town Chivalry,RB81,RB89,1,5,3,2,3.51,2.75,affine,0.8,1.0,1.0,4,3,3,0,0.12,0.42,25.0,1.0,FAIR,DEPTH,cut-free dart,
Jarquez Hunter,RB,rostered,Blake Bombers,RB85,RB104,1,5,3,2,3.51,2.75,affine,0.8,1.0,1.0,4,3,3,0,0.12,0.42,25.0,1.0,FAIR,DEPTH,cut-free dart,
Tahj Brooks,RB,rostered,Sex Manther,RB88,RB84,1,5,3,2,3.51,2.75,affine,0.8,1.0,1.0,4,3,3,0,0.12,0.42,25.0,1.0,FAIR,DEPTH,cut-free dart,
Cedric Tillman,WR,FA,,WR104,WR152,1,5,3,2,3.51,4.5,dyn_anchor,0.8,1.0,1.0,4,4,4,1,0.12,0.03,33.3,0.75,FAIR,DEPTH,cut-free dart,Gride; Hawks; Sex Manther
Cooper Kupp,WR,FA,,WR108,WR81,1,5,3,2,3.51,4.5,dyn_anchor,0.8,1.0,1.0,4,4,4,1,0.12,0.03,33.3,0.75,FAIR,DEPTH,cut-free dart,Gride; Hawks; Sex Manther
DeMario Douglas,WR,FA,,WR112,WR138,1,5,3,2,3.51,4.5,dyn_anchor,0.8,1.0,1.0,4,4,4,1,0.12,0.03,33.3,0.75,FAIR,DEPTH,cut-free dart,Gride; Hawks; Sex Manther
Jalen Tolbert,WR,FA,,WR117,WR107,1,5,3,2,3.51,4.5,dyn_anchor,0.8,1.0,1.0,4,4,4,1,0.12,0.03,33.3,0.75,FAIR,DEPTH,cut-free dart,Gride; Hawks; Sex Manther
Andrei Iosivas,WR,FA,,WR119,WR99,1,5,3,2,3.51,4.5,dyn_anchor,0.8,1.0,1.0,4,4,4,1,0.12,0.03,33.3,0.75,FAIR,DEPTH,cut-free dart,Gride; Hawks; Sex Manther
Zavion Thomas,WR,FA,,WR120,WR100,1,5,3,2,3.51,4.5,dyn_anchor,0.8,1.0,1.0,4,4,4,1,0.12,0.03,33.3,0.75,FAIR,DEPTH,cut-free dart,Gride; Hawks; Sex Manther
Caleb Douglas,WR,rostered,Pure Greatness,WR121,WR105,1,5,3,2,3.51,4.5,dyn_anchor,0.8,1.0,1.0,4,4,4,1,0.12,0.03,33.3,0.75,FAIR,DEPTH,cut-free dart,
Tyquan Thornton,WR,rostered,Real Deal Creel,WR123,WR95,1,5,3,2,3.51,4.5,dyn_anchor,0.8,1.0,1.0,4,4,4,1,0.12,0.03,33.3,0.75,FAIR,DEPTH,cut-free dart,
Jaylin Lane,WR,rostered,Hawks,WR124,WR137,1,5,3,2,3.51,4.5,dyn_anchor,0.8,1.0,1.0,4,4,4,1,0.12,0.03,33.3,0.75,FAIR,DEPTH,cut-free dart,
Savion Williams,WR,rostered,Pure Greatness,WR126,WR110,1,5,3,2,3.51,4.5,dyn_anchor,0.8,1.0,1.0,4,4,4,1,0.12,0.03,33.3,0.75,FAIR,DEPTH,cut-free dart,
Jimmy Horn Jr.,WR,FA,,WR162,,0,6,3,0,2.67,5.4,dyn_anchor,0.8,1.0,1.0,5,4,4,1,0.0,0.0,,0.75,FAIR,DEPTH,cut-free dart,Gride; Hawks; Sex Manther
Garrett Nussmeier,QB,FA,,QB43,,0,6,3,0,2.67,6.0,dyn_anchor,0.8,1.0,1.0,6,5,5,2,0.0,0.0,,0.6,FAIR,NEED-STUD,cut-free dart,Hawks; CBP; HammerTime 🔨 ⏰
Marcus Mariota,QB,FA,,QB44,QB50,2,4,3,2,4.35,4.0,affine,0.8,1.0,1.0,4,3,3,0,0.26,0.52,11.5,1.0,FAIR,NEED-STUD,cut-free dart,Hawks; CBP; HammerTime 🔨 ⏰
Jameis Winston,QB,FA,,QB45,QB43,2,4,3,2,4.35,4.0,affine,0.8,1.0,1.0,4,3,3,0,0.31,0.52,9.7,1.0,FAIR,NEED-STUD,cut-free dart,Hawks; CBP; HammerTime 🔨 ⏰
Taylen Green,QB,rostered,Cleon Ca$h,QB46,QB47,2,4,3,2,4.35,4.0,affine,0.8,1.0,1.0,4,3,3,0,0.28,0.52,10.7,1.0,FAIR,NEED-STUD,cut-free dart,
Tyson Bagent,QB,rostered,Sex Manther,QB47,QB45,2,4,3,2,4.35,4.0,affine,0.8,1.0,1.0,4,3,3,0,0.29,0.52,10.3,1.0,FAIR,NEED-STUD,cut-free dart,
Ben Sinnott,TE,rostered,HammerTime 🔨 ⏰,TE43,TE57,1,5,3,2,3.51,4.5,dyn_anchor,0.8,1.0,1.0,4,4,4,1,0.22,0.01,18.2,0.75,FAIR,DEPTH,cut-free dart,
Michael Trigg,TE,FA,,TE51,TE61,1,5,3,2,3.51,4.5,dyn_anchor,0.8,1.0,1.0,4,4,4,1,0.2,0.01,20.0,0.75,FAIR,DEPTH,cut-free dart,CBP; Gride; Hawks
Dawson Knox,TE,FA,,TE55,TE40,2,4,3,2,4.35,3.6,affine,0.8,1.0,1.0,4,3,3,0,0.33,0.01,9.1,1.0,FAIR,DEPTH,cut-free dart,CBP; Gride; Hawks
Noah Gray,TE,FA,,TE63,TE51,2,4,3,2,4.35,3.6,affine,0.8,1.0,1.0,4,3,3,0,0.25,0.01,12.0,1.0,FAIR,DEPTH,cut-free dart,CBP; Gride; Hawks
Seth McGowan,RB,rostered,Sex Manther,RB76,RB93,1,4,2,2,3.51,2.2,affine,0.8,1.0,1.0,4,3,3,1,0.12,0.42,25.0,0.67,FAIR,DEPTH,cut-free dart,
Chris Brooks,RB,FA,,RB82,RB77,1,4,2,2,3.51,2.2,affine,0.8,1.0,1.0,4,3,3,1,0.13,0.84,23.1,0.67,FAIR,DEPTH,cut-free dart,CBP; Gride; Hawks
J'Mari Taylor,RB,FA,,RB83,RB94,1,4,2,2,3.51,2.2,affine,0.8,1.0,1.0,4,3,3,1,0.12,0.42,25.0,0.67,FAIR,DEPTH,cut-free dart,CBP; Gride; Hawks
Kendre Miller,RB,rostered,Real Deal Creel,RB84,,0,5,2,0,2.67,2.75,dyn_anchor,0.8,1.0,1.0,3,2,2,0,0.0,0.0,,1.0,FAIR,DEPTH,cut-free dart,
Will Shipley,RB,rostered,Sex Manther,RB89,RB98,1,4,2,2,3.51,2.2,affine,0.8,1.0,1.0,4,3,3,1,0.12,0.42,25.0,0.67,FAIR,DEPTH,cut-free dart,
Jerome Ford,RB,FA,,RB91,RB96,1,4,2,2,3.51,2.2,affine,0.8,1.0,1.0,4,3,3,1,0.12,0.42,25.0,0.67,FAIR,DEPTH,cut-free dart,CBP; Gride; Hawks
Justice Hill,RB,FA,,RB92,RB67,1,4,2,2,3.51,2.2,affine,0.8,1.0,1.0,4,3,3,1,0.17,0.85,17.6,0.67,FAIR,DEPTH,cut-free dart,CBP; Gride; Hawks
Devin Singletary,RB,FA,,RB93,RB95,1,3,2,2,3.51,1.65,affine,0.8,1.0,1.0,4,3,3,1,0.12,0.42,25.0,0.67,FAIR,DEPTH,cut-free dart,CBP; Gride; Hawks
Raheim Sanders,RB,FA,,RB94,,0,3,2,0,2.67,1.65,affine,0.8,1.0,1.0,3,2,2,0,0.0,0.0,,1.0,FAIR,DEPTH,cut-free dart,CBP; Gride; Hawks
Jam Miller,RB,rostered,Cleon Ca$h,RB96,RB101,1,3,2,2,3.51,1.65,affine,0.8,1.0,1.0,4,3,3,1,0.12,0.42,25.0,0.67,FAIR,DEPTH,cut-free dart,
George Holani,RB,FA,,RB97,RB65,1,4,2,2,3.51,2.2,affine,0.8,1.0,1.0,4,3,3,1,0.18,0.85,16.7,0.67,FAIR,DEPTH,cut-free dart,CBP; Gride; Hawks
Isaac Guerendo,RB,FA,,RB98,RB100,1,4,2,2,3.51,2.2,affine,0.8,1.0,1.0,4,3,3,1,0.12,0.42,25.0,0.67,FAIR,DEPTH,cut-free dart,CBP; Gride; Hawks
Joe Mixon,RB,FA,,RB100,RB90,1,3,2,2,3.51,1.65,affine,0.8,1.0,1.0,4,3,3,1,0.12,0.42,25.0,0.67,FAIR,DEPTH,cut-free dart,CBP; Gride; Hawks
Ty Johnson,RB,FA,,RB102,RB79,1,3,2,2,3.51,1.65,affine,0.8,1.0,1.0,4,3,3,1,0.12,0.65,25.0,0.67,FAIR,DEPTH,cut-free dart,CBP; Gride; Hawks
Malik Davis,RB,FA,,RB103,RB78,1,4,2,2,3.51,2.2,affine,0.8,1.0,1.0,4,3,3,1,0.13,0.65,23.1,0.67,FAIR,DEPTH,cut-free dart,CBP; Gride; Hawks
Samaje Perine,RB,FA,,RB106,RB72,1,2,2,2,3.51,1.1,affine,0.8,1.0,1.0,4,3,3,1,0.15,0.85,20.0,0.67,FAIR,DEPTH,cut-free dart,CBP; Gride; Hawks
Phil Mafah,RB,FA,,RB118,RB85,1,3,2,2,3.51,1.65,affine,0.8,1.0,1.0,4,3,3,1,0.12,0.42,25.0,0.67,FAIR,DEPTH,cut-free dart,CBP; Gride; Hawks
Damien Martinez,RB,FA,,RB120,,0,4,2,0,2.67,2.2,affine,0.8,1.0,1.0,3,2,2,0,0.0,0.0,,1.0,FAIR,DEPTH,cut-free dart,CBP; Gride; Hawks
Emari Demercado,RB,FA,,RB121,RB82,1,3,2,2,3.51,1.65,affine,0.8,1.0,1.0,4,3,3,1,0.12,0.42,25.0,0.67,FAIR,DEPTH,cut-free dart,CBP; Gride; Hawks
Dameon Pierce,RB,FA,,RB124,,0,3,2,0,2.67,1.65,affine,0.8,1.0,1.0,3,2,2,0,0.0,0.0,,1.0,FAIR,DEPTH,cut-free dart,CBP; Gride; Hawks
Rasheen Ali,RB,FA,,RB127,RB97,1,3,2,2,3.51,1.65,affine,0.8,1.0,1.0,4,3,3,1,0.12,0.42,25.0,0.67,FAIR,DEPTH,cut-free dart,CBP; Gride; Hawks
Keenan Allen,WR,FA,,WR109,WR104,1,4,2,2,3.51,3.6,dyn_anchor,0.8,1.0,1.0,4,3,3,1,0.12,0.03,25.0,0.67,FAIR,DEPTH,cut-free dart,Gride; Hawks; Sex Manther
Devaughn Vele,WR,FA,,WR110,WR96,1,4,2,2,3.51,3.6,dyn_anchor,0.8,1.0,1.0,4,3,3,1,0.12,0.03,25.0,0.67,FAIR,DEPTH,cut-free dart,Gride; Hawks; Sex Manther
Darius Slayton,WR,FA,,WR113,WR102,1,4,2,2,3.51,3.6,dyn_anchor,0.8,1.0,1.0,4,3,3,1,0.12,0.03,25.0,0.67,FAIR,DEPTH,cut-free dart,Gride; Hawks; Sex Manther
Cyrus Allen,WR,FA,,WR116,WR119,1,3,2,2,3.51,2.7,affine,0.8,1.0,1.0,4,3,3,1,0.12,0.03,25.0,0.67,FAIR,DEPTH,cut-free dart,Gride; Hawks; Sex Manther
Deion Burks,WR,rostered,L.A. Looks,WR122,WR143,1,4,2,2,3.51,3.6,dyn_anchor,0.8,1.0,1.0,4,3,3,1,0.12,0.03,25.0,0.67,FAIR,DEPTH,cut-free dart,
Joshua Palmer,WR,FA,,WR125,WR133,1,4,2,2,3.51,3.6,dyn_anchor,0.8,1.0,1.0,4,3,3,1,0.12,0.03,25.0,0.67,FAIR,DEPTH,cut-free dart,Gride; Hawks; Sex Manther
CJ Daniels,WR,FA,,WR128,WR123,1,4,2,2,3.51,3.6,dyn_anchor,0.8,1.0,1.0,4,3,3,1,0.12,0.03,25.0,0.67,FAIR,DEPTH,cut-free dart,Gride; Hawks; Sex Manther
Luke McCaffrey,WR,FA,,WR129,WR134,1,4,2,2,3.51,3.6,dyn_anchor,0.8,1.0,1.0,4,3,3,1,0.12,0.03,25.0,0.67,FAIR,DEPTH,cut-free dart,Gride; Hawks; Sex Manther
Jordan Whittington,WR,FA,,WR133,WR129,1,4,2,2,3.51,3.6,dyn_anchor,0.8,1.0,1.0,4,3,3,1,0.12,0.03,25.0,0.67,FAIR,DEPTH,cut-free dart,Gride; Hawks; Sex Manther
Kendrick Bourne,WR,FA,,WR137,WR122,1,3,2,2,3.51,2.7,affine,0.8,1.0,1.0,4,3,3,1,0.12,0.03,25.0,0.67,FAIR,DEPTH,cut-free dart,Gride; Hawks; Sex Manther
Jahan Dotson,WR,FA,,WR138,WR112,1,4,2,2,3.51,3.6,dyn_anchor,0.8,1.0,1.0,4,3,3,1,0.12,0.03,25.0,0.67,FAIR,DEPTH,cut-free dart,Gride; Hawks; Sex Manther
Mack Hollins,WR,FA,,WR139,WR132,1,3,2,2,3.51,2.7,affine,0.8,1.0,1.0,4,3,3,1,0.12,0.03,25.0,0.67,FAIR,DEPTH,cut-free dart,Gride; Hawks; Sex Manther
KeAndre Lambert-Smith,WR,rostered,The Long Haulers,WR140,WR156,1,4,2,2,3.51,3.6,dyn_anchor,0.8,1.0,1.0,4,3,3,1,0.12,0.03,25.0,0.67,FAIR,DEPTH,cut-free dart,
Xavier Hutchinson,WR,FA,,WR146,WR139,1,4,2,2,3.51,3.6,dyn_anchor,0.8,1.0,1.0,4,3,3,1,0.12,0.03,25.0,0.67,FAIR,DEPTH,cut-free dart,Gride; Hawks; Sex Manther
Tutu Atwell,WR,FA,,WR149,WR140,1,4,2,2,3.51,3.6,dyn_anchor,0.8,1.0,1.0,4,3,3,1,0.12,0.03,25.0,0.67,FAIR,DEPTH,cut-free dart,Gride; Hawks; Sex Manther
Treylon Burks,WR,FA,,WR152,WR116,1,4,2,2,3.51,3.6,dyn_anchor,0.8,1.0,1.0,4,3,3,1,0.12,0.03,25.0,0.67,FAIR,DEPTH,cut-free dart,Gride; Hawks; Sex Manther
Tai Felton,WR,FA,,WR153,WR160,1,3,2,2,3.51,2.7,affine,0.8,1.0,1.0,4,3,3,1,0.12,0.03,25.0,0.67,FAIR,DEPTH,cut-free dart,Gride; Hawks; Sex Manther
Roman Wilson,WR,rostered,CBP,WR158,WR144,1,4,2,2,3.51,3.6,dyn_anchor,0.8,1.0,1.0,4,3,3,1,0.12,0.03,25.0,0.67,FAIR,DEPTH,cut-free dart,
Xavier Restrepo,WR,FA,,WR159,,0,3,2,0,2.67,2.7,dyn_anchor,0.8,1.0,1.0,3,2,2,0,0.0,0.0,,1.0,FAIR,DEPTH,cut-free dart,Gride; Hawks; Sex Manther
Olamide Zaccheaus,WR,FA,,WR161,WR135,1,3,2,2,3.51,2.7,affine,0.8,1.0,1.0,4,3,3,1,0.12,0.03,25.0,0.67,FAIR,DEPTH,cut-free dart,Gride; Hawks; Sex Manther
Ja'Lynn Polk,WR,FA,,WR166,WR154,1,4,2,2,3.51,3.6,dyn_anchor,0.8,1.0,1.0,4,3,3,1,0.12,0.03,25.0,0.67,FAIR,DEPTH,cut-free dart,Gride; Hawks; Sex Manther
Jacob Cowing,WR,FA,,WR189,WR153,1,3,2,2,3.51,2.7,affine,0.8,1.0,1.0,4,3,3,1,0.12,0.03,25.0,0.67,FAIR,DEPTH,cut-free dart,Gride; Hawks; Sex Manther
Odell Beckham Jr.,WR,FA,,WR251,WR113,1,2,2,2,3.51,1.8,affine,0.8,1.0,1.0,4,3,3,1,0.12,0.03,25.0,0.67,FAIR,DEPTH,cut-free dart,Gride; Hawks; Sex Manther
Spencer Rattler,QB,rostered,CBP,QB50,,0,4,2,0,2.67,4.0,dyn_anchor,0.8,1.0,1.0,4,3,3,1,0.0,0.0,,0.67,FAIR,NEED-STUD,cut-free dart,
Quinn Ewers,QB,rostered,The Long Haulers,QB53,,0,5,2,0,2.67,5.0,dyn_anchor,0.8,1.0,1.0,5,4,4,2,0.0,0.0,,0.5,FAIR,NEED-STUD,cut-free dart,
Cole Payton,QB,rostered,Pure Greatness,QB54,,0,3,2,0,2.67,3.0,dyn_anchor,0.8,1.0,1.0,3,2,2,0,0.0,0.0,,1.0,FAIR,NEED-STUD,cut-free dart,
Joe Flacco,QB,FA,,QB55,QB40,2,3,2,6,4.35,3.0,floor,0.8,1.0,1.0,6,6,6,4,0.33,1.05,18.2,0.33,FAIR,NEED-STUD,cut-free dart,Hawks; CBP; HammerTime 🔨 ⏰
Dillon Gabriel,QB,rostered,CBP,QB56,,0,3,2,0,2.67,3.0,dyn_anchor,0.8,1.0,1.0,3,2,2,0,0.0,0.0,,1.0,FAIR,NEED-STUD,cut-free dart,
Davis Mills,QB,FA,,QB57,,0,4,2,0,2.67,4.0,dyn_anchor,0.8,1.0,1.0,4,3,3,1,0.0,0.0,,0.67,FAIR,NEED-STUD,cut-free dart,Hawks; CBP; HammerTime 🔨 ⏰
Riley Leonard,QB,FA,,QB58,,0,5,2,0,2.67,5.0,dyn_anchor,0.8,1.0,1.0,5,4,4,2,0.0,0.0,,0.5,FAIR,NEED-STUD,cut-free dart,Hawks; CBP; HammerTime 🔨 ⏰
Tanner McKee,QB,rostered,Sex Manther,QB60,,0,3,2,0,2.67,3.0,dyn_anchor,0.8,1.0,1.0,3,2,2,0,0.0,0.0,,1.0,FAIR,NEED-STUD,cut-free dart,
Trey Lance,QB,FA,,QB62,,0,3,2,0,2.67,3.0,dyn_anchor,0.8,1.0,1.0,3,2,2,0,0.0,0.0,,1.0,FAIR,NEED-STUD,cut-free dart,Hawks; CBP; HammerTime 🔨 ⏰
Gardner Minshew II,QB,FA,,QB63,,0,5,2,0,2.67,5.0,dyn_anchor,0.8,1.0,1.0,5,4,4,2,0.0,0.0,,0.5,FAIR,NEED-STUD,cut-free dart,Hawks; CBP; HammerTime 🔨 ⏰
Tyler Huntley,QB,FA,,QB64,,0,3,2,0,2.67,3.0,dyn_anchor,0.8,1.0,1.0,3,2,2,0,0.0,0.0,,1.0,FAIR,NEED-STUD,cut-free dart,Hawks; CBP; HammerTime 🔨 ⏰
Tyrod Taylor,QB,FA,,QB66,QB51,2,1,2,2,4.35,1.0,affine,0.8,1.0,1.0,4,3,3,1,0.25,0.52,12.0,0.67,FAIR,NEED-STUD,cut-free dart,Hawks; CBP; HammerTime 🔨 ⏰
Sam Roush,TE,rostered,Sex Manther,TE47,TE70,1,3,2,2,3.51,2.7,affine,0.8,1.0,1.0,4,3,3,1,0.16,0.01,18.8,0.67,FAIR,DEPTH,cut-free dart,
Tanner Koziol,TE,FA,,TE50,TE55,1,2,2,2,3.51,1.8,affine,0.8,1.0,1.0,4,3,3,1,0.23,0.01,13.0,0.67,FAIR,DEPTH,cut-free dart,CBP; Gride; Hawks
Jack Endries,TE,FA,,TE52,TE59,1,3,2,2,3.51,2.7,affine,0.8,1.0,1.0,4,3,3,1,0.21,0.01,14.3,0.67,FAIR,DEPTH,cut-free dart,CBP; Gride; Hawks
Jonnu Smith,TE,rostered,HammerTime 🔨 ⏰,TE54,TE78,1,3,2,2,3.51,2.7,affine,0.8,1.0,1.0,4,3,3,1,0.13,0.01,23.1,0.67,FAIR,DEPTH,cut-free dart,
Noah Fant,TE,FA,,TE57,,0,4,2,0,2.67,3.6,dyn_anchor,0.8,1.0,1.0,4,3,3,1,0.0,0.0,,0.67,FAIR,DEPTH,cut-free dart,CBP; Gride; Hawks
Elijah Higgins,TE,FA,,TE62,TE60,1,3,2,2,3.51,2.7,affine,0.8,1.0,1.0,4,3,3,1,0.2,0.01,15.0,0.67,FAIR,DEPTH,cut-free dart,CBP; Gride; Hawks
Will Kacmarek,TE,FA,,TE66,TE68,1,2,2,2,3.51,1.8,affine,0.8,1.0,1.0,4,3,3,1,0.16,0.01,18.8,0.67,FAIR,DEPTH,cut-free dart,CBP; Gride; Hawks
Mitchell Evans,TE,FA,,TE67,TE62,1,3,2,2,3.51,2.7,affine,0.8,1.0,1.0,4,3,3,1,0.19,0.01,15.8,0.67,FAIR,DEPTH,cut-free dart,CBP; Gride; Hawks
Daniel Bellinger,TE,FA,,TE81,TE69,1,4,2,2,3.51,3.6,dyn_anchor,0.8,1.0,1.0,4,3,3,1,0.16,0.01,18.8,0.67,FAIR,DEPTH,cut-free dart,CBP; Gride; Hawks
Kareem Hunt,RB,FA,,RB101,,0,2,1,0,2.67,1.1,affine,0.8,1.0,1.0,3,2,2,1,0.0,0.0,,0.5,FAIR,DEPTH,cut-free dart,CBP; Gride; Hawks
Jeff Caldwell,WR,FA,,WR136,WR164,1,1,1,2,3.51,0.9,affine,0.8,1.0,1.0,4,3,3,2,0.12,0.03,25.0,0.33,FAIR,DEPTH,cut-free dart,Gride; Hawks; Sex Manther
Malik Benson,WR,FA,,WR142,WR131,1,1,1,2,3.51,0.9,affine,0.8,1.0,1.0,4,3,3,2,0.12,0.03,25.0,0.33,FAIR,DEPTH,cut-free dart,Gride; Hawks; Sex Manther
Mitchell Trubisky,QB,FA,,QB78,QB52,2,0,1,2,4.35,0.0,affine,0.8,1.0,1.0,4,3,3,2,0.25,0.52,12.0,0.33,FAIR,NEED-STUD,cut-free dart,Hawks; CBP; HammerTime 🔨 ⏰
Andy Dalton,QB,FA,,QB82,QB53,2,0,1,1,4.35,0.0,affine,0.8,1.0,1.0,4,3,3,2,0.24,0.52,12.5,0.33,FAIR,NEED-STUD,cut-free dart,Hawks; CBP; HammerTime 🔨 ⏰
Marlin Klein,TE,FA,,TE49,,0,2,1,0,2.67,1.8,affine,0.8,1.0,1.0,3,2,2,1,0.0,0.0,,0.5,FAIR,DEPTH,cut-free dart,CBP; Gride; Hawks
Zach Ertz,TE,FA,,TE60,,0,2,1,0,2.67,1.8,affine,0.8,1.0,1.0,3,2,2,1,0.0,0.0,,0.5,FAIR,DEPTH,cut-free dart,CBP; Gride; Hawks
Nate Boerkircher,TE,FA,,TE65,TE64,1,1,1,2,3.51,0.9,affine,0.8,1.0,1.0,4,3,3,2,0.18,0.01,16.7,0.33,FAIR,DEPTH,cut-free dart,CBP; Gride; Hawks
Charlie Kolar,TE,FA,,TE88,TE44,2,0,1,2,4.35,0.0,affine,0.8,1.0,1.0,4,3,3,2,0.3,0.01,10.0,0.33,FAIR,DEPTH,cut-free dart,CBP; Gride; Hawks
Roman Hemby,RB,FA,,RB90,,0,1,0,0,2.67,0.55,affine,0.8,1.0,1.0,3,2,2,2,0.0,0.0,,0.0,FAIR,DEPTH,cut-free dart,CBP; Gride; Hawks
Michael Carter,RB,FA,,RB99,,0,0,0,0,2.67,0.0,affine,0.8,1.0,1.0,3,2,2,2,0.0,0.0,,0.0,FAIR,DEPTH,cut-free dart,CBP; Gride; Hawks
Audric Estime,RB,FA,,RB104,RB99,1,0,0,2,3.51,0.0,affine,0.8,1.0,1.0,4,3,3,3,0.12,0.42,25.0,0.0,FAIR,DEPTH,cut-free dart,CBP; Gride; Hawks
Nick Chubb,RB,FA,,RB105,,0,0,0,0,2.67,0.0,affine,0.8,1.0,1.0,3,2,2,2,0.0,0.0,,0.0,FAIR,DEPTH,cut-free dart,CBP; Gride; Hawks
Jaleel McLaughlin,RB,FA,,RB108,,0,0,0,0,2.67,0.0,affine,0.8,1.0,1.0,3,2,2,2,0.0,0.0,,0.0,FAIR,DEPTH,cut-free dart,CBP; Gride; Hawks
Terion Stewart,RB,FA,,RB109,,0,0,0,0,2.67,0.0,affine,0.8,1.0,1.0,3,2,2,2,0.0,0.0,,0.0,FAIR,DEPTH,cut-free dart,CBP; Gride; Hawks
Noah Whittington,RB,FA,,RB110,,0,0,0,0,2.67,0.0,affine,0.8,1.0,1.0,3,2,2,2,0.0,0.0,,0.0,FAIR,DEPTH,cut-free dart,CBP; Gride; Hawks
CJ Donaldson,RB,FA,,RB111,,0,0,0,0,2.67,0.0,affine,0.8,1.0,1.0,3,2,2,2,0.0,0.0,,0.0,FAIR,DEPTH,cut-free dart,CBP; Gride; Hawks
Dean Connors,RB,FA,,RB112,,0,0,0,0,2.67,0.0,affine,0.8,1.0,1.0,3,2,2,2,0.0,0.0,,0.0,FAIR,DEPTH,cut-free dart,CBP; Gride; Hawks
Daylan Smothers,RB,FA,,RB113,,0,0,0,0,2.67,0.0,affine,0.8,1.0,1.0,3,2,2,2,0.0,0.0,,0.0,FAIR,DEPTH,cut-free dart,CBP; Gride; Hawks
Chip Trayanum,RB,FA,,RB114,,0,0,0,0,2.67,0.0,affine,0.8,1.0,1.0,3,2,2,2,0.0,0.0,,0.0,FAIR,DEPTH,cut-free dart,CBP; Gride; Hawks
Jaydn Ott,RB,FA,,RB115,RB103,1,0,0,2,3.51,0.0,affine,0.8,1.0,1.0,4,3,3,3,0.12,0.42,25.0,0.0,FAIR,DEPTH,cut-free dart,CBP; Gride; Hawks
Desmond Reid,RB,FA,,RB116,,0,0,0,0,2.67,0.0,affine,0.8,1.0,1.0,3,2,2,2,0.0,0.0,,0.0,FAIR,DEPTH,cut-free dart,CBP; Gride; Hawks
Rahsul Faison,RB,FA,,RB117,,0,0,0,0,2.67,0.0,affine,0.8,1.0,1.0,3,2,2,2,0.0,0.0,,0.0,FAIR,DEPTH,cut-free dart,CBP; Gride; Hawks
Mark Fletcher,RB,FA,,RB119,,0,0,0,0,2.67,0.0,affine,0.8,1.0,1.0,3,2,2,2,0.0,0.0,,0.0,FAIR,DEPTH,cut-free dart,CBP; Gride; Hawks
Antonio Gibson,RB,FA,,RB122,RB91,1,0,0,2,3.51,0.0,affine,0.8,1.0,1.0,4,3,3,3,0.12,0.42,25.0,0.0,FAIR,DEPTH,cut-free dart,CBP; Gride; Hawks
Bam Knight,RB,FA,,RB123,,0,0,0,0,2.67,0.0,affine,0.8,1.0,1.0,3,2,2,2,0.0,0.0,,0.0,FAIR,DEPTH,cut-free dart,CBP; Gride; Hawks
Miles Sanders,RB,FA,,RB125,,0,0,0,0,2.67,0.0,affine,0.8,1.0,1.0,3,2,2,2,0.0,0.0,,0.0,FAIR,DEPTH,cut-free dart,CBP; Gride; Hawks
Raheem Mostert,RB,FA,,RB126,,0,0,0,0,2.67,0.0,affine,0.8,1.0,1.0,3,2,2,2,0.0,0.0,,0.0,FAIR,DEPTH,cut-free dart,CBP; Gride; Hawks
Ty Chandler,RB,FA,,RB128,,0,0,0,0,2.67,0.0,affine,0.8,1.0,1.0,3,2,2,2,0.0,0.0,,0.0,FAIR,DEPTH,cut-free dart,CBP; Gride; Hawks
Tyler Badie,RB,FA,,RB129,,0,0,0,0,2.67,0.0,affine,0.8,1.0,1.0,3,2,2,2,0.0,0.0,,0.0,FAIR,DEPTH,cut-free dart,CBP; Gride; Hawks
Austin Ekeler,RB,FA,,RB130,RB105,1,0,0,2,3.51,0.0,affine,0.8,1.0,1.0,4,3,3,3,0.12,0.42,25.0,0.0,FAIR,DEPTH,cut-free dart,CBP; Gride; Hawks
Jawhar Jordan,RB,FA,,RB131,,0,0,0,0,2.67,0.0,affine,0.8,1.0,1.0,3,2,2,2,0.0,0.0,,0.0,FAIR,DEPTH,cut-free dart,CBP; Gride; Hawks
Jeremy McNichols,RB,FA,,RB132,,0,0,0,0,2.67,0.0,affine,0.8,1.0,1.0,3,2,2,2,0.0,0.0,,0.0,FAIR,DEPTH,cut-free dart,CBP; Gride; Hawks
Kalel Mullings,RB,FA,,RB133,,0,0,0,0,2.67,0.0,affine,0.8,1.0,1.0,3,2,2,2,0.0,0.0,,0.0,FAIR,DEPTH,cut-free dart,CBP; Gride; Hawks
Elijah Mitchell,RB,FA,,RB134,,0,0,0,0,2.67,0.0,affine,0.8,1.0,1.0,3,2,2,2,0.0,0.0,,0.0,FAIR,DEPTH,cut-free dart,CBP; Gride; Hawks
Zamir White,RB,FA,,RB135,,0,0,0,0,2.67,0.0,affine,0.8,1.0,1.0,3,2,2,2,0.0,0.0,,0.0,FAIR,DEPTH,cut-free dart,CBP; Gride; Hawks
Khalil Herbert,RB,FA,,RB136,,0,0,0,0,2.67,0.0,affine,0.8,1.0,1.0,3,2,2,2,0.0,0.0,,0.0,FAIR,DEPTH,cut-free dart,CBP; Gride; Hawks
Tyler Goodson,RB,FA,,RB137,,0,0,0,0,2.67,0.0,affine,0.8,1.0,1.0,3,2,2,2,0.0,0.0,,0.0,FAIR,DEPTH,cut-free dart,CBP; Gride; Hawks
Alexander Mattison,RB,FA,,RB138,,0,0,0,0,2.67,0.0,affine,0.8,1.0,1.0,3,2,2,2,0.0,0.0,,0.0,FAIR,DEPTH,cut-free dart,CBP; Gride; Hawks
AJ Dillon,RB,FA,,RB139,,0,0,0,0,2.67,0.0,affine,0.8,1.0,1.0,3,2,2,2,0.0,0.0,,0.0,FAIR,DEPTH,cut-free dart,CBP; Gride; Hawks
Hassan Haskins,RB,FA,,RB141,,0,0,0,0,2.67,0.0,affine,0.8,1.0,1.0,3,2,2,2,0.0,0.0,,0.0,FAIR,DEPTH,cut-free dart,CBP; Gride; Hawks
Cam Akers,RB,FA,,RB142,,0,0,0,0,2.67,0.0,affine,0.8,1.0,1.0,3,2,2,2,0.0,0.0,,0.0,FAIR,DEPTH,cut-free dart,CBP; Gride; Hawks
Donovan Edwards,RB,FA,,RB143,,0,0,0,0,2.67,0.0,affine,0.8,1.0,1.0,3,2,2,2,0.0,0.0,,0.0,FAIR,DEPTH,cut-free dart,CBP; Gride; Hawks
Ameer Abdullah,RB,FA,,RB144,,0,0,0,0,2.67,0.0,affine,0.8,1.0,1.0,3,2,2,2,0.0,0.0,,0.0,FAIR,DEPTH,cut-free dart,CBP; Gride; Hawks
Kenny McIntosh,RB,FA,,RB145,,0,0,0,0,2.67,0.0,affine,0.8,1.0,1.0,3,2,2,2,0.0,0.0,,0.0,FAIR,DEPTH,cut-free dart,CBP; Gride; Hawks
Gus Edwards,RB,FA,,RB146,,0,0,0,0,2.67,0.0,affine,0.8,1.0,1.0,3,2,2,2,0.0,0.0,,0.0,FAIR,DEPTH,cut-free dart,CBP; Gride; Hawks
Eric Gray,RB,FA,,RB147,,0,0,0,0,2.67,0.0,affine,0.8,1.0,1.0,3,2,2,2,0.0,0.0,,0.0,FAIR,DEPTH,cut-free dart,CBP; Gride; Hawks
Dare Ogunbowale,RB,FA,,RB148,,0,0,0,0,2.67,0.0,affine,0.8,1.0,1.0,3,2,2,2,0.0,0.0,,0.0,FAIR,DEPTH,cut-free dart,CBP; Gride; Hawks
Evan Hull,RB,FA,,RB149,,0,0,0,0,2.67,0.0,affine,0.8,1.0,1.0,3,2,2,2,0.0,0.0,,0.0,FAIR,DEPTH,cut-free dart,CBP; Gride; Hawks
Zack Moss,RB,FA,,RB150,,0,0,0,0,2.67,0.0,affine,0.8,1.0,1.0,3,2,2,2,0.0,0.0,,0.0,FAIR,DEPTH,cut-free dart,CBP; Gride; Hawks
Sincere McCormick,RB,FA,,RB151,,0,0,0,0,2.67,0.0,affine,0.8,1.0,1.0,3,2,2,2,0.0,0.0,,0.0,FAIR,DEPTH,cut-free dart,CBP; Gride; Hawks
Jaret Patterson,RB,FA,,RB152,,0,0,0,0,2.67,0.0,affine,0.8,1.0,1.0,3,2,2,2,0.0,0.0,,0.0,FAIR,DEPTH,cut-free dart,CBP; Gride; Hawks
Carson Steele,RB,FA,,RB153,,0,0,0,0,2.67,0.0,affine,0.8,1.0,1.0,3,2,2,2,0.0,0.0,,0.0,FAIR,DEPTH,cut-free dart,CBP; Gride; Hawks
Cody Schrader,RB,FA,,RB154,,0,0,0,0,2.67,0.0,affine,0.8,1.0,1.0,3,2,2,2,0.0,0.0,,0.0,FAIR,DEPTH,cut-free dart,CBP; Gride; Hawks
Craig Reynolds,RB,FA,,RB155,,0,0,0,0,2.67,0.0,affine,0.8,1.0,1.0,3,2,2,2,0.0,0.0,,0.0,FAIR,DEPTH,cut-free dart,CBP; Gride; Hawks
Trey Sermon,RB,FA,,RB156,,0,0,0,0,2.67,0.0,affine,0.8,1.0,1.0,3,2,2,2,0.0,0.0,,0.0,FAIR,DEPTH,cut-free dart,CBP; Gride; Hawks
Marcus Yarns,RB,FA,,RB157,,0,0,0,0,2.67,0.0,affine,0.8,1.0,1.0,3,2,2,2,0.0,0.0,,0.0,FAIR,DEPTH,cut-free dart,CBP; Gride; Hawks
Israel Abanikanda,RB,FA,,RB158,,0,0,0,0,2.67,0.0,affine,0.8,1.0,1.0,3,2,2,2,0.0,0.0,,0.0,FAIR,DEPTH,cut-free dart,CBP; Gride; Hawks
Pierre Strong Jr.,RB,FA,,RB159,,0,0,0,0,2.67,0.0,affine,0.8,1.0,1.0,3,2,2,2,0.0,0.0,,0.0,FAIR,DEPTH,cut-free dart,CBP; Gride; Hawks
Clyde Edwards-Helaire,RB,FA,,RB160,,0,0,0,0,2.67,0.0,affine,0.8,1.0,1.0,3,2,2,2,0.0,0.0,,0.0,FAIR,DEPTH,cut-free dart,CBP; Gride; Hawks
Deuce Vaughn,RB,FA,,RB161,,0,0,0,0,2.67,0.0,affine,0.8,1.0,1.0,3,2,2,2,0.0,0.0,,0.0,FAIR,DEPTH,cut-free dart,CBP; Gride; Hawks
DeeJay Dallas,RB,FA,,RB162,,0,0,0,0,2.67,0.0,affine,0.8,1.0,1.0,3,2,2,2,0.0,0.0,,0.0,FAIR,DEPTH,cut-free dart,CBP; Gride; Hawks
Frank Gore Jr.,RB,FA,,RB163,,0,0,0,0,2.67,0.0,affine,0.8,1.0,1.0,3,2,2,2,0.0,0.0,,0.0,FAIR,DEPTH,cut-free dart,CBP; Gride; Hawks
Keaontay Ingram,RB,FA,,RB164,,0,0,0,0,2.67,0.0,affine,0.8,1.0,1.0,3,2,2,2,0.0,0.0,,0.0,FAIR,DEPTH,cut-free dart,CBP; Gride; Hawks
D'Onta Foreman,RB,FA,,RB165,,0,0,0,0,2.67,0.0,affine,0.8,1.0,1.0,3,2,2,2,0.0,0.0,,0.0,FAIR,DEPTH,cut-free dart,CBP; Gride; Hawks
Keilan Robinson,RB,FA,,RB166,,0,0,0,0,2.67,0.0,affine,0.8,1.0,1.0,3,2,2,2,0.0,0.0,,0.0,FAIR,DEPTH,cut-free dart,CBP; Gride; Hawks
Blake Watson,RB,FA,,RB167,,0,0,0,0,2.67,0.0,affine,0.8,1.0,1.0,3,2,2,2,0.0,0.0,,0.0,FAIR,DEPTH,cut-free dart,CBP; Gride; Hawks
Kendall Milton,RB,FA,,RB168,,0,0,0,0,2.67,0.0,affine,0.8,1.0,1.0,3,2,2,2,0.0,0.0,,0.0,FAIR,DEPTH,cut-free dart,CBP; Gride; Hawks
Deneric Prince,RB,FA,,RB169,,0,0,0,0,2.67,0.0,affine,0.8,1.0,1.0,3,2,2,2,0.0,0.0,,0.0,FAIR,DEPTH,cut-free dart,CBP; Gride; Hawks
Cordarrelle Patterson,RB,FA,,RB170,,0,0,0,0,2.67,0.0,affine,0.8,1.0,1.0,3,2,2,2,0.0,0.0,,0.0,FAIR,DEPTH,cut-free dart,CBP; Gride; Hawks
D'Ernest Johnson,RB,FA,,RB171,,0,0,0,0,2.67,0.0,affine,0.8,1.0,1.0,3,2,2,2,0.0,0.0,,0.0,FAIR,DEPTH,cut-free dart,CBP; Gride; Hawks
Joshua Kelley,RB,FA,,RB172,,0,0,0,0,2.67,0.0,affine,0.8,1.0,1.0,3,2,2,2,0.0,0.0,,0.0,FAIR,DEPTH,cut-free dart,CBP; Gride; Hawks
Jeff Wilson Jr.,RB,FA,,RB173,,0,0,0,0,2.67,0.0,affine,0.8,1.0,1.0,3,2,2,2,0.0,0.0,,0.0,FAIR,DEPTH,cut-free dart,CBP; Gride; Hawks
Dillon Johnson,RB,FA,,RB174,,0,0,0,0,2.67,0.0,affine,0.8,1.0,1.0,3,2,2,2,0.0,0.0,,0.0,FAIR,DEPTH,cut-free dart,CBP; Gride; Hawks
Dalvin Cook,RB,FA,,RB175,,0,0,0,0,2.67,0.0,affine,0.8,1.0,1.0,3,2,2,2,0.0,0.0,,0.0,FAIR,DEPTH,cut-free dart,CBP; Gride; Hawks
Daijun Edwards,RB,FA,,RB176,,0,0,0,0,2.67,0.0,affine,0.8,1.0,1.0,3,2,2,2,0.0,0.0,,0.0,FAIR,DEPTH,cut-free dart,CBP; Gride; Hawks
Salvon Ahmed,RB,FA,,RB177,,0,0,0,0,2.67,0.0,affine,0.8,1.0,1.0,3,2,2,2,0.0,0.0,,0.0,FAIR,DEPTH,cut-free dart,CBP; Gride; Hawks
Ronnie Rivers,RB,FA,,RB178,,0,0,0,0,2.67,0.0,affine,0.8,1.0,1.0,3,2,2,2,0.0,0.0,,0.0,FAIR,DEPTH,cut-free dart,CBP; Gride; Hawks
Julius Chestnut,RB,FA,,RB179,,0,0,0,0,2.67,0.0,affine,0.8,1.0,1.0,3,2,2,2,0.0,0.0,,0.0,FAIR,DEPTH,cut-free dart,CBP; Gride; Hawks
Chase Edmonds,RB,FA,,RB180,,0,0,0,0,2.67,0.0,affine,0.8,1.0,1.0,3,2,2,2,0.0,0.0,,0.0,FAIR,DEPTH,cut-free dart,CBP; Gride; Hawks
Darrynton Evans,RB,FA,,RB181,,0,0,0,0,2.67,0.0,affine,0.8,1.0,1.0,3,2,2,2,0.0,0.0,,0.0,FAIR,DEPTH,cut-free dart,CBP; Gride; Hawks
Kene Nwangwu,RB,FA,,RB182,,0,0,0,0,2.67,0.0,affine,0.8,1.0,1.0,3,2,2,2,0.0,0.0,,0.0,FAIR,DEPTH,cut-free dart,CBP; Gride; Hawks
Jerick McKinnon,RB,FA,,RB183,,0,0,0,0,2.67,0.0,affine,0.8,1.0,1.0,3,2,2,2,0.0,0.0,,0.0,FAIR,DEPTH,cut-free dart,CBP; Gride; Hawks
Chris Evans,RB,FA,,RB184,,0,0,0,0,2.67,0.0,affine,0.8,1.0,1.0,3,2,2,2,0.0,0.0,,0.0,FAIR,DEPTH,cut-free dart,CBP; Gride; Hawks
Jase McClellan,RB,FA,,RB185,,0,0,0,0,2.67,0.0,affine,0.8,1.0,1.0,3,2,2,2,0.0,0.0,,0.0,FAIR,DEPTH,cut-free dart,CBP; Gride; Hawks
JaMycal Hasty,RB,FA,,RB186,,0,0,0,0,2.67,0.0,affine,0.8,1.0,1.0,3,2,2,2,0.0,0.0,,0.0,FAIR,DEPTH,cut-free dart,CBP; Gride; Hawks
Kevin Harris,RB,FA,,RB187,,0,0,0,0,2.67,0.0,affine,0.8,1.0,1.0,3,2,2,2,0.0,0.0,,0.0,FAIR,DEPTH,cut-free dart,CBP; Gride; Hawks
Travis Homer,RB,FA,,RB188,,0,0,0,0,2.67,0.0,affine,0.8,1.0,1.0,3,2,2,2,0.0,0.0,,0.0,FAIR,DEPTH,cut-free dart,CBP; Gride; Hawks
Trayveon Williams,RB,FA,,RB189,,0,0,0,0,2.67,0.0,affine,0.8,1.0,1.0,3,2,2,2,0.0,0.0,,0.0,FAIR,DEPTH,cut-free dart,CBP; Gride; Hawks
Tyrion Davis-Price,RB,FA,,RB190,,0,0,0,0,2.67,0.0,affine,0.8,1.0,1.0,3,2,2,2,0.0,0.0,,0.0,FAIR,DEPTH,cut-free dart,CBP; Gride; Hawks
DeWayne McBride,RB,FA,,RB191,,0,0,0,0,2.67,0.0,affine,0.8,1.0,1.0,3,2,2,2,0.0,0.0,,0.0,FAIR,DEPTH,cut-free dart,CBP; Gride; Hawks
Nyheim Miller-Hines,RB,FA,,RB192,,0,0,0,0,2.67,0.0,affine,0.8,1.0,1.0,3,2,2,2,0.0,0.0,,0.0,FAIR,DEPTH,cut-free dart,CBP; Gride; Hawks
Matt Breida,RB,FA,,RB193,,0,0,0,0,2.67,0.0,affine,0.8,1.0,1.0,3,2,2,2,0.0,0.0,,0.0,FAIR,DEPTH,cut-free dart,CBP; Gride; Hawks
Michael Wiley,RB,FA,,RB194,,0,0,0,0,2.67,0.0,affine,0.8,1.0,1.0,3,2,2,2,0.0,0.0,,0.0,FAIR,DEPTH,cut-free dart,CBP; Gride; Hawks
Royce Freeman,RB,FA,,RB195,,0,0,0,0,2.67,0.0,affine,0.8,1.0,1.0,3,2,2,2,0.0,0.0,,0.0,FAIR,DEPTH,cut-free dart,CBP; Gride; Hawks
Gary Brightwell,RB,FA,,RB196,,0,0,0,0,2.67,0.0,affine,0.8,1.0,1.0,3,2,2,2,0.0,0.0,,0.0,FAIR,DEPTH,cut-free dart,CBP; Gride; Hawks
Emani Bailey,RB,FA,,RB197,,0,0,0,0,2.67,0.0,affine,0.8,1.0,1.0,3,2,2,2,0.0,0.0,,0.0,FAIR,DEPTH,cut-free dart,CBP; Gride; Hawks
Lew Nichols III,RB,FA,,RB198,,0,0,0,0,2.67,0.0,affine,0.8,1.0,1.0,3,2,2,2,0.0,0.0,,0.0,FAIR,DEPTH,cut-free dart,CBP; Gride; Hawks
Jashaun Corbin,RB,FA,,RB199,,0,0,0,0,2.67,0.0,affine,0.8,1.0,1.0,3,2,2,2,0.0,0.0,,0.0,FAIR,DEPTH,cut-free dart,CBP; Gride; Hawks
Hollywood Brown,WR,FA,,WR111,WR115,1,0,0,2,3.51,0.0,affine,0.8,1.0,1.0,4,3,3,3,0.12,0.03,25.0,0.0,FAIR,DEPTH,cut-free dart,Gride; Hawks; Sex Manther
Josh Cameron,WR,FA,,WR131,,0,1,0,0,2.67,0.9,affine,0.8,1.0,1.0,3,2,2,2,0.0,0.0,,0.0,FAIR,DEPTH,cut-free dart,Gride; Hawks; Sex Manther
Eric McAlister,WR,FA,,WR132,,0,0,0,0,2.67,0.0,affine,0.8,1.0,1.0,3,2,2,2,0.0,0.0,,0.0,FAIR,DEPTH,cut-free dart,Gride; Hawks; Sex Manther
Elijah Moore,WR,FA,,WR135,,0,0,0,0,2.67,0.0,affine,0.8,1.0,1.0,3,2,2,2,0.0,0.0,,0.0,FAIR,DEPTH,cut-free dart,Gride; Hawks; Sex Manther
Tyler Lockett,WR,FA,,WR141,,0,0,0,0,2.67,0.0,affine,0.8,1.0,1.0,3,2,2,2,0.0,0.0,,0.0,FAIR,DEPTH,cut-free dart,Gride; Hawks; Sex Manther
Eric Rivers Jr.,WR,FA,,WR143,,0,0,0,0,2.67,0.0,affine,0.8,1.0,1.0,3,2,2,2,0.0,0.0,,0.0,FAIR,DEPTH,cut-free dart,Gride; Hawks; Sex Manther
Tyren Montgomery,WR,FA,,WR144,,0,0,0,0,2.67,0.0,affine,0.8,1.0,1.0,3,2,2,2,0.0,0.0,,0.0,FAIR,DEPTH,cut-free dart,Gride; Hawks; Sex Manther
Barion Brown,WR,FA,,WR145,,0,0,0,0,2.67,0.0,affine,0.8,1.0,1.0,3,2,2,2,0.0,0.0,,0.0,FAIR,DEPTH,cut-free dart,Gride; Hawks; Sex Manther
DeAndre Hopkins,WR,FA,,WR147,,0,0,0,0,2.67,0.0,affine,0.8,1.0,1.0,3,2,2,2,0.0,0.0,,0.0,FAIR,DEPTH,cut-free dart,Gride; Hawks; Sex Manther
Reggie Virgil,WR,FA,,WR148,,0,0,0,0,2.67,0.0,affine,0.8,1.0,1.0,3,2,2,2,0.0,0.0,,0.0,FAIR,DEPTH,cut-free dart,Gride; Hawks; Sex Manther
Dyami Brown,WR,FA,,WR150,WR127,1,0,0,2,3.51,0.0,affine,0.8,1.0,1.0,4,3,3,3,0.12,0.03,25.0,0.0,FAIR,DEPTH,cut-free dart,Gride; Hawks; Sex Manther
Chase Roberts,WR,FA,,WR154,,0,0,0,0,2.67,0.0,affine,0.8,1.0,1.0,3,2,2,2,0.0,0.0,,0.0,FAIR,DEPTH,cut-free dart,Gride; Hawks; Sex Manther
Kaden Wetjen,WR,FA,,WR155,,0,0,0,0,2.67,0.0,affine,0.8,1.0,1.0,3,2,2,2,0.0,0.0,,0.0,FAIR,DEPTH,cut-free dart,Gride; Hawks; Sex Manther
Noah Thomas,WR,FA,,WR156,,0,0,0,0,2.67,0.0,affine,0.8,1.0,1.0,3,2,2,2,0.0,0.0,,0.0,FAIR,DEPTH,cut-free dart,Gride; Hawks; Sex Manther
Colbie Young,WR,FA,,WR157,WR141,1,0,0,2,3.51,0.0,affine,0.8,1.0,1.0,4,3,3,3,0.12,0.03,25.0,0.0,FAIR,DEPTH,cut-free dart,Gride; Hawks; Sex Manther
KaVontae Turpin,WR,FA,,WR163,WR117,1,0,0,2,3.51,0.0,affine,0.8,1.0,1.0,4,3,3,3,0.12,0.03,25.0,0.0,FAIR,DEPTH,cut-free dart,Gride; Hawks; Sex Manther
Jahdae Walker,WR,FA,,WR164,WR145,1,0,0,2,3.51,0.0,affine,0.8,1.0,1.0,4,3,3,3,0.12,0.03,25.0,0.0,FAIR,DEPTH,cut-free dart,Gride; Hawks; Sex Manther
Kendrick Law,WR,FA,,WR165,,0,0,0,0,2.67,0.0,affine,0.8,1.0,1.0,3,2,2,2,0.0,0.0,,0.0,FAIR,DEPTH,cut-free dart,Gride; Hawks; Sex Manther
Nick Westbrook-Ikhine,WR,FA,,WR167,WR126,1,0,0,2,3.51,0.0,affine,0.8,1.0,1.0,4,3,3,3,0.12,0.03,25.0,0.0,FAIR,DEPTH,cut-free dart,Gride; Hawks; Sex Manther
Aaron Anderson,WR,FA,,WR168,,0,0,0,0,2.67,0.0,affine,0.8,1.0,1.0,3,2,2,2,0.0,0.0,,0.0,FAIR,DEPTH,cut-free dart,Gride; Hawks; Sex Manther
Trebor Pena,WR,FA,,WR169,,0,0,0,0,2.67,0.0,affine,0.8,1.0,1.0,3,2,2,2,0.0,0.0,,0.0,FAIR,DEPTH,cut-free dart,Gride; Hawks; Sex Manther
Jake Bobo,WR,FA,,WR170,,0,0,0,0,2.67,0.0,affine,0.8,1.0,1.0,3,2,2,2,0.0,0.0,,0.0,FAIR,DEPTH,cut-free dart,Gride; Hawks; Sex Manther
Trey Palmer,WR,FA,,WR171,,0,0,0,0,2.67,0.0,affine,0.8,1.0,1.0,3,2,2,2,0.0,0.0,,0.0,FAIR,DEPTH,cut-free dart,Gride; Hawks; Sex Manther
Greg Dortch,WR,FA,,WR172,WR142,1,0,0,2,3.51,0.0,affine,0.8,1.0,1.0,4,3,3,3,0.12,0.03,25.0,0.0,FAIR,DEPTH,cut-free dart,Gride; Hawks; Sex Manther
Brandin Cooks,WR,FA,,WR173,,0,0,0,0,2.67,0.0,affine,0.8,1.0,1.0,3,2,2,2,0.0,0.0,,0.0,FAIR,DEPTH,cut-free dart,Gride; Hawks; Sex Manther
Jalin Hyatt,WR,FA,,WR174,,0,0,0,0,2.67,0.0,affine,0.8,1.0,1.0,3,2,2,2,0.0,0.0,,0.0,FAIR,DEPTH,cut-free dart,Gride; Hawks; Sex Manther
Tyrell Shavers,WR,FA,,WR175,,0,0,0,0,2.67,0.0,affine,0.8,1.0,1.0,3,2,2,2,0.0,0.0,,0.0,FAIR,DEPTH,cut-free dart,Gride; Hawks; Sex Manther
Dane Key,WR,FA,,WR176,,0,0,0,0,2.67,0.0,affine,0.8,1.0,1.0,3,2,2,2,0.0,0.0,,0.0,FAIR,DEPTH,cut-free dart,Gride; Hawks; Sex Manther
Demarcus Robinson,WR,FA,,WR177,,0,0,0,0,2.67,0.0,affine,0.8,1.0,1.0,3,2,2,2,0.0,0.0,,0.0,FAIR,DEPTH,cut-free dart,Gride; Hawks; Sex Manther
Jordan Watkins,WR,FA,,WR179,,0,0,0,0,2.67,0.0,affine,0.8,1.0,1.0,3,2,2,2,0.0,0.0,,0.0,FAIR,DEPTH,cut-free dart,Gride; Hawks; Sex Manther
Gabe Davis,WR,FA,,WR180,,0,0,0,0,2.67,0.0,affine,0.8,1.0,1.0,3,2,2,2,0.0,0.0,,0.0,FAIR,DEPTH,cut-free dart,Gride; Hawks; Sex Manther
JuJu Smith-Schuster,WR,FA,,WR181,WR158,1,0,0,2,3.51,0.0,affine,0.8,1.0,1.0,4,3,3,3,0.12,0.03,25.0,0.0,FAIR,DEPTH,cut-free dart,Gride; Hawks; Sex Manther
Harrison Wallace III,WR,FA,,WR182,,0,0,0,0,2.67,0.0,affine,0.8,1.0,1.0,3,2,2,2,0.0,0.0,,0.0,FAIR,DEPTH,cut-free dart,Gride; Hawks; Sex Manther
Romello Brinson,WR,FA,,WR183,,0,0,0,0,2.67,0.0,affine,0.8,1.0,1.0,3,2,2,2,0.0,0.0,,0.0,FAIR,DEPTH,cut-free dart,Gride; Hawks; Sex Manther
Noah Brown,WR,FA,,WR184,,0,0,0,0,2.67,0.0,affine,0.8,1.0,1.0,3,2,2,2,0.0,0.0,,0.0,FAIR,DEPTH,cut-free dart,Gride; Hawks; Sex Manther
Kalif Raymond,WR,FA,,WR185,WR125,1,0,0,2,3.51,0.0,affine,0.8,1.0,1.0,4,3,3,3,0.12,0.03,25.0,0.0,FAIR,DEPTH,cut-free dart,Gride; Hawks; Sex Manther
Sterling Shepard,WR,FA,,WR186,,0,0,0,0,2.67,0.0,affine,0.8,1.0,1.0,3,2,2,2,0.0,0.0,,0.0,FAIR,DEPTH,cut-free dart,Gride; Hawks; Sex Manther
Arian Smith,WR,FA,,WR187,,0,0,0,0,2.67,0.0,affine,0.8,1.0,1.0,3,2,2,2,0.0,0.0,,0.0,FAIR,DEPTH,cut-free dart,Gride; Hawks; Sex Manther
Van Jefferson,WR,FA,,WR188,WR149,1,0,0,2,3.51,0.0,affine,0.8,1.0,1.0,4,3,3,3,0.12,0.03,25.0,0.0,FAIR,DEPTH,cut-free dart,Gride; Hawks; Sex Manther
Vinny Anthony II,WR,FA,,WR190,,0,0,0,0,2.67,0.0,affine,0.8,1.0,1.0,3,2,2,2,0.0,0.0,,0.0,FAIR,DEPTH,cut-free dart,Gride; Hawks; Sex Manther
Isaiah Hodgins,WR,FA,,WR191,,0,0,0,0,2.67,0.0,affine,0.8,1.0,1.0,3,2,2,2,0.0,0.0,,0.0,FAIR,DEPTH,cut-free dart,Gride; Hawks; Sex Manther
Nick Nash,WR,FA,,WR193,,0,0,0,0,2.67,0.0,affine,0.8,1.0,1.0,3,2,2,2,0.0,0.0,,0.0,FAIR,DEPTH,cut-free dart,Gride; Hawks; Sex Manther
Marquez Valdes-Scantling,WR,FA,,WR195,,0,0,0,0,2.67,0.0,affine,0.8,1.0,1.0,3,2,2,2,0.0,0.0,,0.0,FAIR,DEPTH,cut-free dart,Gride; Hawks; Sex Manther
Curtis Samuel,WR,FA,,WR196,,0,0,0,0,2.67,0.0,affine,0.8,1.0,1.0,3,2,2,2,0.0,0.0,,0.0,FAIR,DEPTH,cut-free dart,Gride; Hawks; Sex Manther
Bo Melton,WR,FA,,WR197,,0,0,0,0,2.67,0.0,affine,0.8,1.0,1.0,3,2,2,2,0.0,0.0,,0.0,FAIR,DEPTH,cut-free dart,Gride; Hawks; Sex Manther
Ashton Dulin,WR,FA,,WR198,WR146,1,0,0,2,3.51,0.0,affine,0.8,1.0,1.0,4,3,3,3,0.12,0.03,25.0,0.0,FAIR,DEPTH,cut-free dart,Gride; Hawks; Sex Manther
Josh Reynolds,WR,FA,,WR199,,0,0,0,0,2.67,0.0,affine,0.8,1.0,1.0,3,2,2,2,0.0,0.0,,0.0,FAIR,DEPTH,cut-free dart,Gride; Hawks; Sex Manther
Jamari Thrash,WR,FA,,WR200,,0,0,0,0,2.67,0.0,affine,0.8,1.0,1.0,3,2,2,2,0.0,0.0,,0.0,FAIR,DEPTH,cut-free dart,Gride; Hawks; Sex Manther
Jonathan Mingo,WR,FA,,WR201,,0,0,0,0,2.67,0.0,affine,0.8,1.0,1.0,3,2,2,2,0.0,0.0,,0.0,FAIR,DEPTH,cut-free dart,Gride; Hawks; Sex Manther
Javon Baker,WR,FA,,WR202,,0,0,0,0,2.67,0.0,affine,0.8,1.0,1.0,3,2,2,2,0.0,0.0,,0.0,FAIR,DEPTH,cut-free dart,Gride; Hawks; Sex Manther
Henry Ruggs III,WR,FA,,WR203,,0,0,0,0,2.67,0.0,affine,0.8,1.0,1.0,3,2,2,2,0.0,0.0,,0.0,FAIR,DEPTH,cut-free dart,Gride; Hawks; Sex Manther
Diontae Johnson,WR,FA,,WR204,,0,0,0,0,2.67,0.0,affine,0.8,1.0,1.0,3,2,2,2,0.0,0.0,,0.0,FAIR,DEPTH,cut-free dart,Gride; Hawks; Sex Manther
Ricky White III,WR,FA,,WR205,,0,0,0,0,2.67,0.0,affine,0.8,1.0,1.0,3,2,2,2,0.0,0.0,,0.0,FAIR,DEPTH,cut-free dart,Gride; Hawks; Sex Manther
Tim Patrick,WR,FA,,WR206,WR151,1,0,0,2,3.51,0.0,affine,0.8,1.0,1.0,4,3,3,3,0.12,0.03,25.0,0.0,FAIR,DEPTH,cut-free dart,Gride; Hawks; Sex Manther
Kameron Johnson,WR,FA,,WR207,,0,0,0,0,2.67,0.0,affine,0.8,1.0,1.0,3,2,2,2,0.0,0.0,,0.0,FAIR,DEPTH,cut-free dart,Gride; Hawks; Sex Manther
Darius Cooper,WR,FA,,WR208,WR161,1,0,0,2,3.51,0.0,affine,0.8,1.0,1.0,4,3,3,3,0.12,0.03,25.0,0.0,FAIR,DEPTH,cut-free dart,Gride; Hawks; Sex Manther
Mitch Tinsley,WR,FA,,WR209,,0,0,0,0,2.67,0.0,affine,0.8,1.0,1.0,3,2,2,2,0.0,0.0,,0.0,FAIR,DEPTH,cut-free dart,Gride; Hawks; Sex Manther
Tyler Scott,WR,FA,,WR210,,0,0,0,0,2.67,0.0,affine,0.8,1.0,1.0,3,2,2,2,0.0,0.0,,0.0,FAIR,DEPTH,cut-free dart,Gride; Hawks; Sex Manther
Tahj Washington,WR,FA,,WR211,,0,0,0,0,2.67,0.0,affine,0.8,1.0,1.0,3,2,2,2,0.0,0.0,,0.0,FAIR,DEPTH,cut-free dart,Gride; Hawks; Sex Manther
Johnny Wilson,WR,FA,,WR212,WR163,1,0,0,2,3.51,0.0,affine,0.8,1.0,1.0,4,3,3,3,0.12,0.03,25.0,0.0,FAIR,DEPTH,cut-free dart,Gride; Hawks; Sex Manther
Zay Jones,WR,FA,,WR213,,0,0,0,0,2.67,0.0,affine,0.8,1.0,1.0,3,2,2,2,0.0,0.0,,0.0,FAIR,DEPTH,cut-free dart,Gride; Hawks; Sex Manther
David Moore,WR,FA,,WR214,,0,0,0,0,2.67,0.0,affine,0.8,1.0,1.0,3,2,2,2,0.0,0.0,,0.0,FAIR,DEPTH,cut-free dart,Gride; Hawks; Sex Manther
Allen Lazard,WR,FA,,WR215,,0,0,0,0,2.67,0.0,affine,0.8,1.0,1.0,3,2,2,2,0.0,0.0,,0.0,FAIR,DEPTH,cut-free dart,Gride; Hawks; Sex Manther
Skyy Moore,WR,FA,,WR216,WR130,1,0,0,2,3.51,0.0,affine,0.8,1.0,1.0,4,3,3,3,0.12,0.03,25.0,0.0,FAIR,DEPTH,cut-free dart,Gride; Hawks; Sex Manther
Casey Washington,WR,FA,,WR218,,0,0,0,0,2.67,0.0,affine,0.8,1.0,1.0,3,2,2,2,0.0,0.0,,0.0,FAIR,DEPTH,cut-free dart,Gride; Hawks; Sex Manther
Charlie Jones,WR,FA,,WR219,,0,0,0,0,2.67,0.0,affine,0.8,1.0,1.0,3,2,2,2,0.0,0.0,,0.0,FAIR,DEPTH,cut-free dart,Gride; Hawks; Sex Manther
Dominic Lovett,WR,FA,,WR220,,0,0,0,0,2.67,0.0,affine,0.8,1.0,1.0,3,2,2,2,0.0,0.0,,0.0,FAIR,DEPTH,cut-free dart,Gride; Hawks; Sex Manther
Tyler Johnson,WR,FA,,WR221,,0,0,0,0,2.67,0.0,affine,0.8,1.0,1.0,3,2,2,2,0.0,0.0,,0.0,FAIR,DEPTH,cut-free dart,Gride; Hawks; Sex Manther
Justin Watson,WR,FA,,WR222,,0,0,0,0,2.67,0.0,affine,0.8,1.0,1.0,3,2,2,2,0.0,0.0,,0.0,FAIR,DEPTH,cut-free dart,Gride; Hawks; Sex Manther
Ray-Ray McCloud III,WR,FA,,WR223,,0,0,0,0,2.67,0.0,affine,0.8,1.0,1.0,3,2,2,2,0.0,0.0,,0.0,FAIR,DEPTH,cut-free dart,Gride; Hawks; Sex Manther
Bub Means,WR,FA,,WR224,,0,0,0,0,2.67,0.0,affine,0.8,1.0,1.0,3,2,2,2,0.0,0.0,,0.0,FAIR,DEPTH,cut-free dart,Gride; Hawks; Sex Manther
Cedrick Wilson Jr.,WR,FA,,WR225,,0,0,0,0,2.67,0.0,affine,0.8,1.0,1.0,3,2,2,2,0.0,0.0,,0.0,FAIR,DEPTH,cut-free dart,Gride; Hawks; Sex Manther
K.J. Osborn,WR,FA,,WR226,,0,0,0,0,2.67,0.0,affine,0.8,1.0,1.0,3,2,2,2,0.0,0.0,,0.0,FAIR,DEPTH,cut-free dart,Gride; Hawks; Sex Manther
Tylan Wallace,WR,FA,,WR227,,0,0,0,0,2.67,0.0,affine,0.8,1.0,1.0,3,2,2,2,0.0,0.0,,0.0,FAIR,DEPTH,cut-free dart,Gride; Hawks; Sex Manther
Derius Davis,WR,FA,,WR228,,0,0,0,0,2.67,0.0,affine,0.8,1.0,1.0,3,2,2,2,0.0,0.0,,0.0,FAIR,DEPTH,cut-free dart,Gride; Hawks; Sex Manther
A.T. Perry,WR,FA,,WR229,,0,0,0,0,2.67,0.0,affine,0.8,1.0,1.0,3,2,2,2,0.0,0.0,,0.0,FAIR,DEPTH,cut-free dart,Gride; Hawks; Sex Manther
Hunter Renfrow,WR,FA,,WR230,,0,0,0,0,2.67,0.0,affine,0.8,1.0,1.0,3,2,2,2,0.0,0.0,,0.0,FAIR,DEPTH,cut-free dart,Gride; Hawks; Sex Manther
Ben Skowronek,WR,FA,,WR231,,0,0,0,0,2.67,0.0,affine,0.8,1.0,1.0,3,2,2,2,0.0,0.0,,0.0,FAIR,DEPTH,cut-free dart,Gride; Hawks; Sex Manther
Scotty Miller,WR,FA,,WR232,,0,0,0,0,2.67,0.0,affine,0.8,1.0,1.0,3,2,2,2,0.0,0.0,,0.0,FAIR,DEPTH,cut-free dart,Gride; Hawks; Sex Manther
Quez Watkins,WR,FA,,WR233,,0,0,0,0,2.67,0.0,affine,0.8,1.0,1.0,3,2,2,2,0.0,0.0,,0.0,FAIR,DEPTH,cut-free dart,Gride; Hawks; Sex Manther
Mecole Hardman Jr.,WR,FA,,WR235,,0,0,0,0,2.67,0.0,affine,0.8,1.0,1.0,3,2,2,2,0.0,0.0,,0.0,FAIR,DEPTH,cut-free dart,Gride; Hawks; Sex Manther
Braxton Berrios,WR,FA,,WR236,,0,0,0,0,2.67,0.0,affine,0.8,1.0,1.0,3,2,2,2,0.0,0.0,,0.0,FAIR,DEPTH,cut-free dart,Gride; Hawks; Sex Manther
Velus Jones Jr.,WR,FA,,WR237,,0,0,0,0,2.67,0.0,affine,0.8,1.0,1.0,3,2,2,2,0.0,0.0,,0.0,FAIR,DEPTH,cut-free dart,Gride; Hawks; Sex Manther
Xavier Gipson,WR,FA,,WR238,,0,0,0,0,2.67,0.0,affine,0.8,1.0,1.0,3,2,2,2,0.0,0.0,,0.0,FAIR,DEPTH,cut-free dart,Gride; Hawks; Sex Manther
Terrace Marshall Jr.,WR,FA,,WR239,,0,0,0,0,2.67,0.0,affine,0.8,1.0,1.0,3,2,2,2,0.0,0.0,,0.0,FAIR,DEPTH,cut-free dart,Gride; Hawks; Sex Manther
Devin Duvernay,WR,FA,,WR240,,0,0,0,0,2.67,0.0,affine,0.8,1.0,1.0,3,2,2,2,0.0,0.0,,0.0,FAIR,DEPTH,cut-free dart,Gride; Hawks; Sex Manther
Jason Brownlee,WR,FA,,WR241,,0,0,0,0,2.67,0.0,affine,0.8,1.0,1.0,3,2,2,2,0.0,0.0,,0.0,FAIR,DEPTH,cut-free dart,Gride; Hawks; Sex Manther
Trenton Irwin,WR,FA,,WR242,,0,0,0,0,2.67,0.0,affine,0.8,1.0,1.0,3,2,2,2,0.0,0.0,,0.0,FAIR,DEPTH,cut-free dart,Gride; Hawks; Sex Manther
Nelson Agholor,WR,FA,,WR243,,0,0,0,0,2.67,0.0,affine,0.8,1.0,1.0,3,2,2,2,0.0,0.0,,0.0,FAIR,DEPTH,cut-free dart,Gride; Hawks; Sex Manther
Tejhaun Palmer,WR,FA,,WR244,,0,0,0,0,2.67,0.0,affine,0.8,1.0,1.0,3,2,2,2,0.0,0.0,,0.0,FAIR,DEPTH,cut-free dart,Gride; Hawks; Sex Manther
Danny Gray,WR,FA,,WR245,,0,0,0,0,2.67,0.0,affine,0.8,1.0,1.0,3,2,2,2,0.0,0.0,,0.0,FAIR,DEPTH,cut-free dart,Gride; Hawks; Sex Manther
Jalen Reagor,WR,FA,,WR246,,0,0,0,0,2.67,0.0,affine,0.8,1.0,1.0,3,2,2,2,0.0,0.0,,0.0,FAIR,DEPTH,cut-free dart,Gride; Hawks; Sex Manther
Donovan Peoples-Jones,WR,FA,,WR247,,0,0,0,0,2.67,0.0,affine,0.8,1.0,1.0,3,2,2,2,0.0,0.0,,0.0,FAIR,DEPTH,cut-free dart,Gride; Hawks; Sex Manther
Kyle Philips,WR,FA,,WR248,,0,0,0,0,2.67,0.0,affine,0.8,1.0,1.0,3,2,2,2,0.0,0.0,,0.0,FAIR,DEPTH,cut-free dart,Gride; Hawks; Sex Manther
Zach Pascal,WR,FA,,WR249,,0,0,0,0,2.67,0.0,affine,0.8,1.0,1.0,3,2,2,2,0.0,0.0,,0.0,FAIR,DEPTH,cut-free dart,Gride; Hawks; Sex Manther
Justyn Ross,WR,FA,,WR250,,0,0,0,0,2.67,0.0,affine,0.8,1.0,1.0,3,2,2,2,0.0,0.0,,0.0,FAIR,DEPTH,cut-free dart,Gride; Hawks; Sex Manther
Michael Thomas,WR,FA,,WR252,,0,0,0,0,2.67,0.0,affine,0.8,1.0,1.0,3,2,2,2,0.0,0.0,,0.0,FAIR,DEPTH,cut-free dart,Gride; Hawks; Sex Manther
Chase Claypool,WR,FA,,WR253,,0,0,0,0,2.67,0.0,affine,0.8,1.0,1.0,3,2,2,2,0.0,0.0,,0.0,FAIR,DEPTH,cut-free dart,Gride; Hawks; Sex Manther
Russell Wilson,QB,FA,,QB59,,0,0,0,0,2.67,0.0,affine,0.8,1.0,1.0,3,2,2,2,0.0,0.0,,0.0,FAIR,NEED-STUD,cut-free dart,Hawks; CBP; HammerTime 🔨 ⏰
Kenny Pickett,QB,FA,,QB65,,0,0,0,0,2.67,0.0,affine,0.8,1.0,1.0,3,2,2,2,0.0,0.0,,0.0,FAIR,NEED-STUD,cut-free dart,Hawks; CBP; HammerTime 🔨 ⏰
Haynes King,QB,FA,,QB67,,0,0,0,0,2.67,0.0,affine,0.8,1.0,1.0,3,2,2,2,0.0,0.0,,0.0,FAIR,NEED-STUD,cut-free dart,Hawks; CBP; HammerTime 🔨 ⏰
Aidan O'Connell,QB,FA,,QB68,,0,0,0,0,2.67,0.0,affine,0.8,1.0,1.0,3,2,2,2,0.0,0.0,,0.0,FAIR,NEED-STUD,cut-free dart,Hawks; CBP; HammerTime 🔨 ⏰
Mason Rudolph,QB,FA,,QB69,,0,0,0,0,2.67,0.0,affine,0.8,1.0,1.0,3,2,2,2,0.0,0.0,,0.0,FAIR,NEED-STUD,cut-free dart,Hawks; CBP; HammerTime 🔨 ⏰
Zach Wilson,QB,FA,,QB70,,0,0,0,0,2.67,0.0,affine,0.8,1.0,1.0,3,2,2,2,0.0,0.0,,0.0,FAIR,NEED-STUD,cut-free dart,Hawks; CBP; HammerTime 🔨 ⏰
Diego Pavia,QB,FA,,QB72,,0,0,0,0,2.67,0.0,affine,0.8,1.0,1.0,3,2,2,2,0.0,0.0,,0.0,FAIR,NEED-STUD,cut-free dart,Hawks; CBP; HammerTime 🔨 ⏰
Jake Browning,QB,FA,,QB73,,0,0,0,0,2.67,0.0,affine,0.8,1.0,1.0,3,2,2,2,0.0,0.0,,0.0,FAIR,NEED-STUD,cut-free dart,Hawks; CBP; HammerTime 🔨 ⏰
Philip Rivers,QB,FA,,QB74,,0,0,0,0,2.67,0.0,affine,0.8,1.0,1.0,3,2,2,2,0.0,0.0,,0.0,FAIR,NEED-STUD,cut-free dart,Hawks; CBP; HammerTime 🔨 ⏰
Joey Aguilar,QB,FA,,QB75,,0,0,0,0,2.67,0.0,affine,0.8,1.0,1.0,3,2,2,2,0.0,0.0,,0.0,FAIR,NEED-STUD,cut-free dart,Hawks; CBP; HammerTime 🔨 ⏰
Sam Howell,QB,FA,,QB76,,0,0,0,0,2.67,0.0,affine,0.8,1.0,1.0,3,2,2,2,0.0,0.0,,0.0,FAIR,NEED-STUD,cut-free dart,Hawks; CBP; HammerTime 🔨 ⏰
Jimmy Garoppolo,QB,FA,,QB77,,0,0,0,0,2.67,0.0,affine,0.8,1.0,1.0,3,2,2,2,0.0,0.0,,0.0,FAIR,NEED-STUD,cut-free dart,Hawks; CBP; HammerTime 🔨 ⏰
Jarrett Stidham,QB,FA,,QB79,,0,0,0,0,2.67,0.0,affine,0.8,1.0,1.0,3,2,2,2,0.0,0.0,,0.0,FAIR,NEED-STUD,cut-free dart,Hawks; CBP; HammerTime 🔨 ⏰
Brady Cook,QB,FA,,QB80,,0,0,0,0,2.67,0.0,affine,0.8,1.0,1.0,3,2,2,2,0.0,0.0,,0.0,FAIR,NEED-STUD,cut-free dart,Hawks; CBP; HammerTime 🔨 ⏰
Drew Lock,QB,FA,,QB81,,0,0,0,0,2.67,0.0,affine,0.8,1.0,1.0,3,2,2,2,0.0,0.0,,0.0,FAIR,NEED-STUD,cut-free dart,Hawks; CBP; HammerTime 🔨 ⏰
Kyle McCord,QB,FA,,QB83,,0,0,0,0,2.67,0.0,affine,0.8,1.0,1.0,3,2,2,2,0.0,0.0,,0.0,FAIR,NEED-STUD,cut-free dart,Hawks; CBP; HammerTime 🔨 ⏰
Joshua Dobbs,QB,FA,,QB84,,0,0,0,0,2.67,0.0,affine,0.8,1.0,1.0,3,2,2,2,0.0,0.0,,0.0,FAIR,NEED-STUD,cut-free dart,Hawks; CBP; HammerTime 🔨 ⏰
Max Brosmer,QB,FA,,QB85,,0,0,0,0,2.67,0.0,affine,0.8,1.0,1.0,3,2,2,2,0.0,0.0,,0.0,FAIR,NEED-STUD,cut-free dart,Hawks; CBP; HammerTime 🔨 ⏰
Nick Mullens,QB,FA,,QB86,,0,0,0,0,2.67,0.0,affine,0.8,1.0,1.0,3,2,2,2,0.0,0.0,,0.0,FAIR,NEED-STUD,cut-free dart,Hawks; CBP; HammerTime 🔨 ⏰
Kurtis Rourke,QB,FA,,QB87,,0,0,0,0,2.67,0.0,affine,0.8,1.0,1.0,3,2,2,2,0.0,0.0,,0.0,FAIR,NEED-STUD,cut-free dart,Hawks; CBP; HammerTime 🔨 ⏰
Cooper Rush,QB,FA,,QB88,,0,0,0,0,2.67,0.0,affine,0.8,1.0,1.0,3,2,2,2,0.0,0.0,,0.0,FAIR,NEED-STUD,cut-free dart,Hawks; CBP; HammerTime 🔨 ⏰
Hendon Hooker,QB,FA,,QB89,,0,0,0,0,2.67,0.0,affine,0.8,1.0,1.0,3,2,2,2,0.0,0.0,,0.0,FAIR,NEED-STUD,cut-free dart,Hawks; CBP; HammerTime 🔨 ⏰
Kyle Allen,QB,FA,,QB90,,0,0,0,0,2.67,0.0,affine,0.8,1.0,1.0,3,2,2,2,0.0,0.0,,0.0,FAIR,NEED-STUD,cut-free dart,Hawks; CBP; HammerTime 🔨 ⏰
Stetson Bennett IV,QB,FA,,QB91,,0,0,0,0,2.67,0.0,affine,0.8,1.0,1.0,3,2,2,2,0.0,0.0,,0.0,FAIR,NEED-STUD,cut-free dart,Hawks; CBP; HammerTime 🔨 ⏰
Dorian Thompson-Robinson,QB,FA,,QB92,,0,0,0,0,2.67,0.0,affine,0.8,1.0,1.0,3,2,2,2,0.0,0.0,,0.0,FAIR,NEED-STUD,cut-free dart,Hawks; CBP; HammerTime 🔨 ⏰
Bailey Zappe,QB,FA,,QB93,,0,0,0,0,2.67,0.0,affine,0.8,1.0,1.0,3,2,2,2,0.0,0.0,,0.0,FAIR,NEED-STUD,cut-free dart,Hawks; CBP; HammerTime 🔨 ⏰
Tommy DeVito,QB,FA,,QB94,,0,0,0,0,2.67,0.0,affine,0.8,1.0,1.0,3,2,2,2,0.0,0.0,,0.0,FAIR,NEED-STUD,cut-free dart,Hawks; CBP; HammerTime 🔨 ⏰
Desmond Ridder,QB,FA,,QB95,,0,0,0,0,2.67,0.0,affine,0.8,1.0,1.0,3,2,2,2,0.0,0.0,,0.0,FAIR,NEED-STUD,cut-free dart,Hawks; CBP; HammerTime 🔨 ⏰
Sam Ehlinger,QB,FA,,QB96,,0,0,0,0,2.67,0.0,affine,0.8,1.0,1.0,3,2,2,2,0.0,0.0,,0.0,FAIR,NEED-STUD,cut-free dart,Hawks; CBP; HammerTime 🔨 ⏰
Josh Johnson,QB,FA,,QB97,,0,0,0,0,2.67,0.0,affine,0.8,1.0,1.0,3,2,2,2,0.0,0.0,,0.0,FAIR,NEED-STUD,cut-free dart,Hawks; CBP; HammerTime 🔨 ⏰
Case Keenum,QB,FA,,QB98,,0,0,0,0,2.67,0.0,affine,0.8,1.0,1.0,3,2,2,2,0.0,0.0,,0.0,FAIR,NEED-STUD,cut-free dart,Hawks; CBP; HammerTime 🔨 ⏰
Sean Clifford,QB,FA,,QB99,,0,0,0,0,2.67,0.0,affine,0.8,1.0,1.0,3,2,2,2,0.0,0.0,,0.0,FAIR,NEED-STUD,cut-free dart,Hawks; CBP; HammerTime 🔨 ⏰
Matt Hibner,TE,FA,,TE53,TE56,1,0,0,2,3.51,0.0,affine,0.8,1.0,1.0,4,3,3,3,0.22,0.01,13.6,0.0,FAIR,DEPTH,cut-free dart,CBP; Gride; Hawks
Tyler Higbee,TE,FA,,TE56,TE54,1,0,0,2,3.51,0.0,affine,0.8,1.0,1.0,4,3,3,3,0.23,0.01,13.0,0.0,FAIR,DEPTH,cut-free dart,CBP; Gride; Hawks
Joe Royer,TE,FA,,TE58,,0,0,0,0,2.67,0.0,affine,0.8,1.0,1.0,3,2,2,2,0.0,0.0,,0.0,FAIR,DEPTH,cut-free dart,CBP; Gride; Hawks
Luke Schoonmaker,TE,FA,,TE64,TE71,1,0,0,2,3.51,0.0,affine,0.8,1.0,1.0,4,3,3,3,0.15,0.01,20.0,0.0,FAIR,DEPTH,cut-free dart,CBP; Gride; Hawks
Dae'Quan Wright,TE,FA,,TE68,,0,0,0,0,2.67,0.0,affine,0.8,1.0,1.0,3,2,2,2,0.0,0.0,,0.0,FAIR,DEPTH,cut-free dart,CBP; Gride; Hawks
Dallen Bentley,TE,FA,,TE69,,0,0,0,0,2.67,0.0,affine,0.8,1.0,1.0,3,2,2,2,0.0,0.0,,0.0,FAIR,DEPTH,cut-free dart,CBP; Gride; Hawks
Darren Waller,TE,FA,,TE70,TE67,1,0,0,2,3.51,0.0,affine,0.8,1.0,1.0,4,3,3,3,0.17,0.01,17.6,0.0,FAIR,DEPTH,cut-free dart,CBP; Gride; Hawks
Seydou Traore,TE,FA,,TE71,,0,0,0,0,2.67,0.0,affine,0.8,1.0,1.0,3,2,2,2,0.0,0.0,,0.0,FAIR,DEPTH,cut-free dart,CBP; Gride; Hawks
Riley Nowakowski,TE,FA,,TE72,,0,0,0,0,2.67,0.0,affine,0.8,1.0,1.0,3,2,2,2,0.0,0.0,,0.0,FAIR,DEPTH,cut-free dart,CBP; Gride; Hawks
Jaren Kanak,TE,FA,,TE73,,0,1,0,0,2.67,0.9,affine,0.8,1.0,1.0,3,2,2,2,0.0,0.0,,0.0,FAIR,DEPTH,cut-free dart,CBP; Gride; Hawks
RJ Maryland,TE,FA,,TE74,,0,0,0,0,2.67,0.0,affine,0.8,1.0,1.0,3,2,2,2,0.0,0.0,,0.0,FAIR,DEPTH,cut-free dart,CBP; Gride; Hawks
Josh Cuevas,TE,FA,,TE75,,0,0,0,0,2.67,0.0,affine,0.8,1.0,1.0,3,2,2,2,0.0,0.0,,0.0,FAIR,DEPTH,cut-free dart,CBP; Gride; Hawks
Tyler Conklin,TE,FA,,TE76,,0,0,0,0,2.67,0.0,affine,0.8,1.0,1.0,3,2,2,2,0.0,0.0,,0.0,FAIR,DEPTH,cut-free dart,CBP; Gride; Hawks
Carsen Ryan,TE,FA,,TE78,,0,0,0,0,2.67,0.0,affine,0.8,1.0,1.0,3,2,2,2,0.0,0.0,,0.0,FAIR,DEPTH,cut-free dart,CBP; Gride; Hawks
Tommy Tremble,TE,FA,,TE79,TE63,1,0,0,2,3.51,0.0,affine,0.8,1.0,1.0,4,3,3,3,0.19,0.01,15.8,0.0,FAIR,DEPTH,cut-free dart,CBP; Gride; Hawks
Taysom Hill,TE,FA,,TE80,,0,0,0,0,2.67,0.0,affine,0.8,1.0,1.0,3,2,2,2,0.0,0.0,,0.0,FAIR,DEPTH,cut-free dart,CBP; Gride; Hawks
John Michael Gyllenborg,TE,FA,,TE82,,0,1,0,0,2.67,0.9,affine,0.8,1.0,1.0,3,2,2,2,0.0,0.0,,0.0,FAIR,DEPTH,cut-free dart,CBP; Gride; Hawks
Jared Wiley,TE,FA,,TE83,,0,0,0,0,2.67,0.0,affine,0.8,1.0,1.0,3,2,2,2,0.0,0.0,,0.0,FAIR,DEPTH,cut-free dart,CBP; Gride; Hawks
Adam Trautman,TE,FA,,TE84,TE74,1,0,0,2,3.51,0.0,affine,0.8,1.0,1.0,4,3,3,3,0.14,0.01,21.4,0.0,FAIR,DEPTH,cut-free dart,CBP; Gride; Hawks
Josh Oliver,TE,FA,,TE85,TE72,1,0,0,2,3.51,0.0,affine,0.8,1.0,1.0,4,3,3,3,0.15,0.01,20.0,0.0,FAIR,DEPTH,cut-free dart,CBP; Gride; Hawks
Thomas Fidone II,TE,FA,,TE86,,0,0,0,0,2.67,0.0,affine,0.8,1.0,1.0,3,2,2,2,0.0,0.0,,0.0,FAIR,DEPTH,cut-free dart,CBP; Gride; Hawks
Austin Hooper,TE,FA,,TE87,,0,0,0,0,2.67,0.0,affine,0.8,1.0,1.0,3,2,2,2,0.0,0.0,,0.0,FAIR,DEPTH,cut-free dart,CBP; Gride; Hawks
Davis Allen,TE,FA,,TE89,,0,0,0,0,2.67,0.0,affine,0.8,1.0,1.0,3,2,2,2,0.0,0.0,,0.0,FAIR,DEPTH,cut-free dart,CBP; Gride; Hawks
Grant Calcaterra,TE,FA,,TE90,,0,0,0,0,2.67,0.0,affine,0.8,1.0,1.0,3,2,2,2,0.0,0.0,,0.0,FAIR,DEPTH,cut-free dart,CBP; Gride; Hawks
Will Dissly,TE,FA,,TE91,,0,0,0,0,2.67,0.0,affine,0.8,1.0,1.0,3,2,2,2,0.0,0.0,,0.0,FAIR,DEPTH,cut-free dart,CBP; Gride; Hawks
Brock Wright,TE,FA,,TE92,,0,0,0,0,2.67,0.0,affine,0.8,1.0,1.0,3,2,2,2,0.0,0.0,,0.0,FAIR,DEPTH,cut-free dart,CBP; Gride; Hawks
Jeremy Ruckert,TE,FA,,TE93,,0,0,0,0,2.67,0.0,affine,0.8,1.0,1.0,3,2,2,2,0.0,0.0,,0.0,FAIR,DEPTH,cut-free dart,CBP; Gride; Hawks
Jackson Hawes,TE,FA,,TE94,,0,0,0,0,2.67,0.0,affine,0.8,1.0,1.0,3,2,2,2,0.0,0.0,,0.0,FAIR,DEPTH,cut-free dart,CBP; Gride; Hawks
Foster Moreau,TE,FA,,TE95,TE65,1,0,0,2,3.51,0.0,affine,0.8,1.0,1.0,4,3,3,3,0.18,0.01,16.7,0.0,FAIR,DEPTH,cut-free dart,CBP; Gride; Hawks
Hunter Long,TE,FA,,TE96,,0,0,0,0,2.67,0.0,affine,0.8,1.0,1.0,3,2,2,2,0.0,0.0,,0.0,FAIR,DEPTH,cut-free dart,CBP; Gride; Hawks
Kylen Granson,TE,FA,,TE97,,0,0,0,0,2.67,0.0,affine,0.8,1.0,1.0,3,2,2,2,0.0,0.0,,0.0,FAIR,DEPTH,cut-free dart,CBP; Gride; Hawks
Jake Briningstool,TE,FA,,TE98,,0,0,0,0,2.67,0.0,affine,0.8,1.0,1.0,3,2,2,2,0.0,0.0,,0.0,FAIR,DEPTH,cut-free dart,CBP; Gride; Hawks
Brevin Jordan,TE,FA,,TE99,TE76,1,0,0,2,3.51,0.0,affine,0.8,1.0,1.0,4,3,3,3,0.13,0.01,23.1,0.0,FAIR,DEPTH,cut-free dart,CBP; Gride; Hawks
Luke Lachey,TE,FA,,TE100,,0,0,0,0,2.67,0.0,affine,0.8,1.0,1.0,3,2,2,2,0.0,0.0,,0.0,FAIR,DEPTH,cut-free dart,CBP; Gride; Hawks
Tanner Hudson,TE,FA,,TE101,TE66,1,0,0,2,3.51,0.0,affine,0.8,1.0,1.0,4,3,3,3,0.17,0.01,17.6,0.0,FAIR,DEPTH,cut-free dart,CBP; Gride; Hawks
Stone Smartt,TE,FA,,TE102,,0,0,0,0,2.67,0.0,affine,0.8,1.0,1.0,3,2,2,2,0.0,0.0,,0.0,FAIR,DEPTH,cut-free dart,CBP; Gride; Hawks
Harrison Bryant,TE,FA,,TE103,,0,0,0,0,2.67,0.0,affine,0.8,1.0,1.0,3,2,2,2,0.0,0.0,,0.0,FAIR,DEPTH,cut-free dart,CBP; Gride; Hawks
Jelani Woods,TE,FA,,TE104,,0,0,0,0,2.67,0.0,affine,0.8,1.0,1.0,3,2,2,2,0.0,0.0,,0.0,FAIR,DEPTH,cut-free dart,CBP; Gride; Hawks
Jalin Conyers,TE,FA,,TE105,,0,0,0,0,2.67,0.0,affine,0.8,1.0,1.0,3,2,2,2,0.0,0.0,,0.0,FAIR,DEPTH,cut-free dart,CBP; Gride; Hawks
Gavin Bartholomew,TE,FA,,TE106,,0,0,0,0,2.67,0.0,affine,0.8,1.0,1.0,3,2,2,2,0.0,0.0,,0.0,FAIR,DEPTH,cut-free dart,CBP; Gride; Hawks
Jaheim Bell,TE,FA,,TE107,,0,0,0,0,2.67,0.0,affine,0.8,1.0,1.0,3,2,2,2,0.0,0.0,,0.0,FAIR,DEPTH,cut-free dart,CBP; Gride; Hawks
Luke Farrell,TE,FA,,TE108,,0,0,0,0,2.67,0.0,affine,0.8,1.0,1.0,3,2,2,2,0.0,0.0,,0.0,FAIR,DEPTH,cut-free dart,CBP; Gride; Hawks
Tip Reiman,TE,FA,,TE109,,0,0,0,0,2.67,0.0,affine,0.8,1.0,1.0,3,2,2,2,0.0,0.0,,0.0,FAIR,DEPTH,cut-free dart,CBP; Gride; Hawks
Josh Whyle,TE,FA,,TE110,TE75,1,0,0,2,3.51,0.0,affine,0.8,1.0,1.0,4,3,3,3,0.14,0.01,21.4,0.0,FAIR,DEPTH,cut-free dart,CBP; Gride; Hawks
Will Mallory,TE,FA,,TE111,,0,0,0,0,2.67,0.0,affine,0.8,1.0,1.0,3,2,2,2,0.0,0.0,,0.0,FAIR,DEPTH,cut-free dart,CBP; Gride; Hawks
Julian Hill,TE,FA,,TE112,,0,0,0,0,2.67,0.0,affine,0.8,1.0,1.0,3,2,2,2,0.0,0.0,,0.0,FAIR,DEPTH,cut-free dart,CBP; Gride; Hawks
Devin Culp,TE,FA,,TE113,,0,0,0,0,2.67,0.0,affine,0.8,1.0,1.0,3,2,2,2,0.0,0.0,,0.0,FAIR,DEPTH,cut-free dart,CBP; Gride; Hawks
John Bates,TE,FA,,TE114,,0,0,0,0,2.67,0.0,affine,0.8,1.0,1.0,3,2,2,2,0.0,0.0,,0.0,FAIR,DEPTH,cut-free dart,CBP; Gride; Hawks
Lucas Krull,TE,FA,,TE115,,0,0,0,0,2.67,0.0,affine,0.8,1.0,1.0,3,2,2,2,0.0,0.0,,0.0,FAIR,DEPTH,cut-free dart,CBP; Gride; Hawks
Gerald Everett,TE,FA,,TE116,,0,0,0,0,2.67,0.0,affine,0.8,1.0,1.0,3,2,2,2,0.0,0.0,,0.0,FAIR,DEPTH,cut-free dart,CBP; Gride; Hawks
Moliki Matavao,TE,FA,,TE117,,0,0,0,0,2.67,0.0,affine,0.8,1.0,1.0,3,2,2,2,0.0,0.0,,0.0,FAIR,DEPTH,cut-free dart,CBP; Gride; Hawks
Irv Smith Jr.,TE,FA,,TE118,,0,0,0,0,2.67,0.0,affine,0.8,1.0,1.0,3,2,2,2,0.0,0.0,,0.0,FAIR,DEPTH,cut-free dart,CBP; Gride; Hawks
Brevyn Spann-Ford,TE,FA,,TE119,TE73,1,0,0,2,3.51,0.0,affine,0.8,1.0,1.0,4,3,3,3,0.15,0.01,20.0,0.0,FAIR,DEPTH,cut-free dart,CBP; Gride; Hawks
Drew Ogletree,TE,FA,,TE120,,0,0,0,0,2.67,0.0,affine,0.8,1.0,1.0,3,2,2,2,0.0,0.0,,0.0,FAIR,DEPTH,cut-free dart,CBP; Gride; Hawks
Johnny Mundt,TE,FA,,TE121,,0,0,0,0,2.67,0.0,affine,0.8,1.0,1.0,3,2,2,2,0.0,0.0,,0.0,FAIR,DEPTH,cut-free dart,CBP; Gride; Hawks
Payne Durham,TE,FA,,TE122,,0,0,0,0,2.67,0.0,affine,0.8,1.0,1.0,3,2,2,2,0.0,0.0,,0.0,FAIR,DEPTH,cut-free dart,CBP; Gride; Hawks
Drew Sample,TE,FA,,TE123,,0,0,0,0,2.67,0.0,affine,0.8,1.0,1.0,3,2,2,2,0.0,0.0,,0.0,FAIR,DEPTH,cut-free dart,CBP; Gride; Hawks
Mo Alie-Cox,TE,FA,,TE124,,0,0,0,0,2.67,0.0,affine,0.8,1.0,1.0,3,2,2,2,0.0,0.0,,0.0,FAIR,DEPTH,cut-free dart,CBP; Gride; Hawks
Donald Parham Jr.,TE,FA,,TE125,,0,0,0,0,2.67,0.0,affine,0.8,1.0,1.0,3,2,2,2,0.0,0.0,,0.0,FAIR,DEPTH,cut-free dart,CBP; Gride; Hawks
Eric Saubert,TE,FA,,TE126,,0,0,0,0,2.67,0.0,affine,0.8,1.0,1.0,3,2,2,2,0.0,0.0,,0.0,FAIR,DEPTH,cut-free dart,CBP; Gride; Hawks
Jack Stoll,TE,FA,,TE127,,0,0,0,0,2.67,0.0,affine,0.8,1.0,1.0,3,2,2,2,0.0,0.0,,0.0,FAIR,DEPTH,cut-free dart,CBP; Gride; Hawks
Durham Smythe,TE,FA,,TE128,TE58,1,0,0,2,3.51,0.0,affine,0.8,1.0,1.0,4,3,3,3,0.21,0.01,14.3,0.0,FAIR,DEPTH,cut-free dart,CBP; Gride; Hawks
James Mitchell,TE,FA,,TE129,,0,0,0,0,2.67,0.0,affine,0.8,1.0,1.0,3,2,2,2,0.0,0.0,,0.0,FAIR,DEPTH,cut-free dart,CBP; Gride; Hawks
Connor Heyward,TE,FA,,TE130,,0,0,0,0,2.67,0.0,affine,0.8,1.0,1.0,3,2,2,2,0.0,0.0,,0.0,FAIR,DEPTH,cut-free dart,CBP; Gride; Hawks
Shane Zylstra,TE,FA,,TE131,,0,0,0,0,2.67,0.0,affine,0.8,1.0,1.0,3,2,2,2,0.0,0.0,,0.0,FAIR,DEPTH,cut-free dart,CBP; Gride; Hawks
Ian Thomas,TE,FA,,TE132,,0,0,0,0,2.67,0.0,affine,0.8,1.0,1.0,3,2,2,2,0.0,0.0,,0.0,FAIR,DEPTH,cut-free dart,CBP; Gride; Hawks
Teagan Quitoriano,TE,FA,,TE133,,0,0,0,0,2.67,0.0,affine,0.8,1.0,1.0,3,2,2,2,0.0,0.0,,0.0,FAIR,DEPTH,cut-free dart,CBP; Gride; Hawks
