season,mfl_id,name,pos,fp_pos_rank,fp_id
2022,13589,Josh Allen,QB,1,17298
2022,13116,Patrick Mahomes II,QB,2,16413
2022,14779,Justin Herbert,QB,3,18635
2022,13593,Lamar Jackson,QB,4,17233
2022,14056,Kyler Murray,QB,5,18600
2022,14783,Jalen Hurts,QB,6,19275
2022,14777,Joe Burrow,QB,7,19196
2022,5848,Tom Brady,QB,8,9603
2022,7836,Aaron Rodgers,QB,9,9001
2022,10703,Russell Wilson,QB,10,11180
2022,12620,Dak Prescott,QB,11,15600
2022,9431,Matthew Stafford,QB,12,9451
2022,15240,Trey Lance,QB,13,20082
2022,11644,Derek Carr,QB,14,12092
2022,10700,Kirk Cousins,QB,15,11177
2022,14778,Tua Tagovailoa,QB,16,19198
2022,15238,Justin Fields,QB,17,19781
2022,15237,Trevor Lawrence,QB,18,19780
2022,15241,Mac Jones,QB,19,20156
2022,10697,Ryan Tannehill,QB,20,11174
2022,12140,Jameis Winston,QB,21,13891
2022,9099,Matt Ryan,QB,22,9444
2022,13590,Baker Mayfield,QB,23,17237
2022,12610,Carson Wentz,QB,24,15520
2022,13113,Deshaun Watson,QB,25,16398
2022,15692,Kenny Pickett,QB,26,22722
2022,12611,Jared Goff,QB,27,15501
2022,14059,Daniel Jones,QB,28,18232
2022,13424,Taysom Hill,QB,29,17115
2022,15239,Zach Wilson,QB,30,22679
2022,15252,Davis Mills,QB,31,22799
2022,12141,Marcus Mariota,QB,32,13890
2022,13115,Mitchell Trubisky,QB,33,16381
2022,12616,Jacoby Brissett,QB,34,15642
2022,11150,Geno Smith,QB,35,11687
2022,11760,Jimmy Garoppolo,QB,36,12208
2022,15697,Desmond Ridder,QB,37,20080
2022,15694,Malik Willis,QB,38,23499
2022,14057,Drew Lock,QB,39,18225
2022,14802,Jonathan Taylor,RB,1,19217
2022,13130,Christian McCaffrey,RB,2,16393
2022,13404,Austin Ekeler,RB,3,16483
2022,12626,Derrick Henry,RB,4,15514
2022,15254,Najee Harris,RB,5,19302
2022,13128,Dalvin Cook,RB,6,16374
2022,13131,Joe Mixon,RB,7,16420
2022,14797,D'Andre Swift,RB,8,19210
2022,13132,Alvin Kamara,RB,9,16421
2022,13610,Nick Chubb,RB,10,17246
2022,13604,Saquon Barkley,RB,11,17240
2022,15256,Javonte Williams,RB,12,22739
2022,13319,Aaron Jones Sr.,RB,13,16673
2022,13129,Leonard Fournette,RB,14,16378
2022,12625,Ezekiel Elliott,RB,15,15498
2022,13146,James Conner,RB,16,16447
2022,14799,Cam Akers,RB,17,19268
2022,14071,David Montgomery,RB,18,18239
2022,15253,Travis Etienne Jr.,RB,19,19231
2022,15708,Breece Hall,RB,20,22982
2022,15263,Elijah Mitchell,RB,21,22813
2022,14073,Josh Jacobs,RB,22,18269
2022,14800,J.K. Dobbins,RB,23,19245
2022,14805,AJ Dillon,RB,24,19358
2022,14852,Antonio Gibson,RB,25,19624
2022,15717,Dameon Pierce,RB,26,22947
2022,14803,Clyde Edwards-Helaire,RB,27,19325
2022,13726,Chase Edmonds,RB,28,17496
2022,14075,Damien Harris,RB,29,18230
2022,13608,Rashaad Penny,RB,30,17308
2022,14079,Miles Sanders,RB,31,18283
2022,13138,Kareem Hunt,RB,32,16425
2022,11225,Cordarrelle Patterson,RB,33,11613
2022,14080,Devin Singletary,RB,34,18280
2022,14085,Tony Pollard,RB,35,18705
2022,15259,Rhamondre Stevenson,RB,36,22726
2022,15711,Kenneth Walker III,RB,37,23021
2022,15715,James Cook III,RB,38,22958
2022,12151,Melvin Gordon III,RB,39,13903
2022,14813,James Robinson,RB,40,19631
2022,14087,Darrell Henderson Jr.,RB,41,18588
2022,15258,Michael Carter,RB,42,22728
2022,13622,Nyheim Miller-Hines,RB,43,17297
2022,14223,Alexander Mattison,RB,44,18621
2022,15255,Kenny Gainwell,RB,45,23310
2022,12447,Raheem Mostert,RB,46,14338
2022,15712,Tyler Allgeier,RB,47,24172
2022,15716,Brian Robinson Jr.,RB,48,20094
2022,15721,Rachaad White,RB,49,23891
2022,15271,Khalil Herbert,RB,50,22763
2022,15709,Isaiah Spiller,RB,51,23143
2022,13139,Jamaal Williams,RB,52,16424
2022,15714,Zamir White,RB,53,20095
2022,13108,J.D. McKissic,RB,54,16230
2022,10276,Mark Ingram II,RB,55,9872
2022,13134,D'Onta Foreman,RB,56,16407
2022,14017,Jeff Wilson Jr.,RB,57,18026
2022,13623,Darrel Williams,RB,58,17514
2022,12164,Mike Davis,RB,59,13943
2022,15746,Tyrion Davis-Price,RB,60,22992
2022,15261,Chuba Hubbard,RB,61,19792
2022,12630,Kenyan Drake,RB,62,15637
2022,14801,Eno Benjamin,RB,63,19361
2022,13871,Dontrell Hilliard,RB,64,18037
2022,13606,Ronald Jones II,RB,65,17243
2022,15749,Isiah Pacheco,RB,66,24333
2022,13607,Sony Michel,RB,67,17309
2022,13850,Gus Edwards,RB,68,17687
2022,13234,Marlon Mack,RB,69,16444
2022,12155,Ameer Abdullah,RB,70,13924
2022,11761,Jerick McKinnon,RB,71,12209
2022,15720,Hassan Haskins,RB,72,23798
2022,14081,Myles Gaskin,RB,73,17251
2022,11182,Rex Burkhead,RB,74,11655
2022,14810,Ke'Shawn Vaughn,RB,75,19351
2022,13136,Corey Clement,RB,76,16446
2022,11886,Damien Williams,RB,77,12334
2022,,Lenard Tillery,RB,78,17089
2022,,Rajion Neal,RB,79,12117
2022,13378,Matt Breida,RB,80,17058
2022,,I'Tavius Mathers,RB,81,16867
2022,13814,Boston Scott,RB,82,17612
2022,11964,Senorise Perry,RB,83,13333
2022,14331,D'Ernest Johnson,RB,84,19111
2022,14077,Mike Weber,RB,85,18619
2022,14807,Joshua Kelley,RB,86,19445
2022,11894,David Fluellen,RB,87,12342
2022,15742,Jaylen Warren,RB,88,24209
2022,7942,Darren Sproles,RB,89,9155
2022,13133,Samaje Perine,RB,90,16423
2022,15274,Trey Ragas,RB,91,20160
2022,,Garrett Groshek,RB,92,23424
2022,15972,Jordan Mason,RB,93,22969
2022,10708,Lamar Miller,RB,94,11185
2022,14827,J.J. Taylor,RB,95,19438
2022,15275,Chris Evans,RB,96,22797
2022,15724,Leddie Brown,RB,97,23953
2022,,Gerald Holmes,RB,98,18172
2022,15710,Kyren Williams,RB,99,23059
2022,15272,Larry Rountree III,RB,100,19537
2022,14798,Zack Moss,RB,101,19263
2022,8658,Adrian Peterson,RB,102,9006
2022,11367,Kyle Juszczyk,RB,103,11798
2022,13359,Khalfani Muhammad,RB,104,16597
2022,15220,Antonio Williams,RB,105,19843
2022,11390,Latavius Murray,RB,106,11821
2022,15277,Deon Jackson,RB,107,20097
2022,,Adam Choice,RB,108,19005
2022,15965,Julius Chestnut,RB,109,24689
2022,11192,Le'Veon Bell,RB,110,11645
2022,,Malik Williams,RB,111,17839
2022,14314,Bruce Anderson III,RB,112,18720
2022,,Kobe McCrary,RB,113,18182
2022,11657,Carlos Hyde,RB,114,12105
2022,14011,Godwin Igwebuike,RB,115,17352
2022,,Stephen Carr,RB,116,20093
2022,13240,Brian Hill,RB,117,16448
2022,12629,Devontae Booker,RB,118,15555
2022,12150,Todd Gurley II,RB,119,13912
2022,,A.J. Ouellette,RB,120,19079
2022,15729,Jashaun Corbin,RB,121,22948
2022,15480,Jake Funk,RB,122,23190
2022,14072,Benny Snell Jr.,RB,123,18609
2022,15279,CJ Marable,RB,124,22819
2022,14083,Travis Homer,RB,125,18616
2022,14727,Craig Reynolds,RB,126,19074
2022,13142,T.J. Logan,RB,127,16481
2022,15532,Sandro Platzgummer,RB,128,20166
2022,15735,Max Borghi,RB,129,20099
2022,15257,Trey Sermon,RB,130,19425
2022,14804,Anthony McFarland Jr.,RB,131,19366
2022,15713,Jerome Ford,RB,132,22921
2022,15748,Trestan Ebner,RB,133,24047
2022,15266,Pooka Williams Jr.,RB,134,20090
2022,14811,Salvon Ahmed,RB,135,19449
2022,15723,Ty Chandler,RB,136,19471
2022,11193,Giovani Bernard,RB,137,11644
2022,13868,Mike Boone,RB,138,17813
2022,10714,Robert Turbin,RB,139,11191
2022,15042,Jonathan Ward,RB,140,19974
2022,12261,Ty Montgomery II,RB,141,13977
2022,14086,Justice Hill,RB,142,18256
2022,10870,Alfred Morris,RB,143,11347
2022,13612,Kerryon Johnson,RB,144,17247
2022,,De'Montre Tuggle,RB,145,24208
2022,11660,Devonta Freeman,RB,146,12108
2022,8670,Marshawn Lynch,RB,147,9428
2022,15953,Brittain Brown,RB,148,24572
2022,15262,Jermar Jefferson,RB,149,20088
2022,15533,Derrick Gore,RB,150,19113
2022,15260,Jaret Patterson,RB,151,20155
2022,13613,Jaylen Samuels,RB,152,17271
2022,12845,Dwayne Washington,RB,153,15850
2022,14815,DeeJay Dallas,RB,154,19521
2022,13135,Wayne Gallman Jr.,RB,155,16422
2022,15736,Kennedy Brooks,RB,156,20161
2022,13148,Dare Ogunbowale,RB,157,16879
2022,15726,Ronnie Rivers,RB,158,23986
2022,15719,Kevin Harris,RB,159,23117
2022,15718,Tyler Badie,RB,160,23812
2022,15734,Keaontay Ingram,RB,161,23162
2022,12153,T.J. Yeldon,RB,162,13941
2022,12157,Duke Johnson Jr.,RB,163,13939
2022,15725,Snoop Conner,RB,164,23027
2022,15733,Pierre Strong Jr.,RB,165,24173
2022,14084,Elijah Holyfield,RB,166,18292
2022,13614,Phillip Lindsay,RB,167,17498
2022,14828,Tony Jones Jr.,RB,168,19482
2022,15264,Rakeem Boyd,RB,169,20096
2022,14095,Ty Johnson,RB,170,18406
2022,10932,Brandon Bolden,RB,171,11410
2022,15740,Ricky Person Jr.,RB,172,23037
2022,15270,Demetric Felton Jr.,RB,173,20105
2022,15960,Zander Horvath,RB,174,23933
2022,13164,Cooper Kupp,WR,1,16433
2022,14836,Justin Jefferson,WR,2,19236
2022,15281,Ja'Marr Chase,WR,3,19788
2022,11675,Davante Adams,WR,4,12123
2022,12186,Stefon Diggs,WR,5,13981
2022,14832,CeeDee Lamb,WR,6,19202
2022,14136,Deebo Samuel Sr.,WR,7,18244
2022,12801,Tyreek Hill,WR,8,15802
2022,11671,Mike Evans,WR,9,12119
2022,14104,A.J. Brown,WR,10,18218
2022,14842,Michael Pittman Jr.,WR,11,19278
2022,11222,Keenan Allen,WR,12,11616
2022,14835,Tee Higgins,WR,13,19211
2022,13635,DJ Moore,WR,14,17265
2022,14109,Terry McLaurin,WR,15,18466
2022,13630,Courtland Sutton,WR,16,17253
2022,13154,Mike Williams,WR,17,16377
2022,14208,Diontae Johnson,WR,18,18615
2022,15284,Jaylen Waddle,WR,19,19790
2022,14102,DK Metcalf,WR,20,18219
2022,11678,Allen Robinson II,WR,21,12126
2022,15287,Amon-Ra St. Brown,WR,22,19799
2022,11674,Brandin Cooks,WR,23,12122
2022,14105,Hollywood Brown,WR,24,18226
2022,14845,Gabe Davis,WR,25,19398
2022,13163,Chris Godwin Jr.,WR,26,16406
2022,14833,Jerry Jeudy,WR,27,19201
2022,14974,Darnell Mooney,WR,28,19810
2022,12652,Michael Thomas,WR,29,15528
2022,12175,Amari Cooper,WR,30,13894
2022,11938,Adam Thielen,WR,31,13429
2022,13156,JuJu Smith-Schuster,WR,32,16427
2022,15293,Rashod Bateman,WR,33,19794
2022,11232,DeAndre Hopkins,WR,34,11606
2022,15282,DeVonta Smith,WR,35,19222
2022,13632,Allen Lazard,WR,36,17301
2022,15288,Elijah Moore,WR,37,20114
2022,14123,Hunter Renfrow,WR,38,18345
2022,14840,Brandon Aiyuk,WR,39,19252
2022,13633,Christian Kirk,WR,40,17268
2022,15751,Drake London,WR,41,23163
2022,15754,Chris Olave,WR,42,20111
2022,11228,Robert Woods,WR,43,11610
2022,15752,Treylon Burks,WR,44,22905
2022,12187,Tyler Lockett,WR,45,13971
2022,15762,George Pickens,WR,46,22963
2022,14841,Chase Claypool,WR,47,18627
2022,15289,Kadarius Toney,WR,48,20119
2022,15766,Skyy Moore,WR,49,23905
2022,13646,Michael Gallup,WR,50,17259
2022,12650,Tyler Boyd,WR,51,15547
2022,10271,Julio Jones,WR,52,9867
2022,15753,Garrett Wilson,WR,53,23072
2022,13793,Marquez Valdes-Scantling,WR,54,17528
2022,11680,Jarvis Landry,WR,55,12128
2022,13668,DJ Chark Jr.,WR,56,17292
2022,15779,Romeo Doubs,WR,57,23794
2022,15755,Jahan Dotson,WR,58,23101
2022,13809,Russell Gage Jr.,WR,59,17606
2022,12176,DeVante Parker,WR,60,13897
2022,14127,Jakobi Meyers,WR,61,18598
2022,13313,Isaiah McKenzie,WR,62,16604
2022,14113,Mecole Hardman Jr.,WR,63,18587
2022,15789,Christian Watson,WR,64,23886
2022,15319,Joshua Palmer,WR,65,22845
2022,15757,Wan'Dale Robinson,WR,66,22985
2022,15290,Nico Collins,WR,67,20130
2022,15756,Jameson Williams,WR,68,23677
2022,15768,Alec Pierce,WR,69,23791
2022,15788,Jalen Tolbert,WR,70,23770
2022,11679,Odell Beckham Jr.,WR,71,12127
2022,11670,Sammy Watkins,WR,72,12118
2022,13277,Kenny Golladay,WR,73,16488
2022,14112,Parris Campbell,WR,74,18463
2022,14977,K.J. Osborn,WR,75,19708
2022,14837,KJ Hamler,WR,76,19267
2022,10738,Marvin Jones Jr.,WR,77,11215
2022,12930,Robbie Chosen,WR,78,15688
2022,15758,David Bell,WR,79,23108
2022,14857,Donovan Peoples-Jones,WR,80,19298
2022,14858,Van Jefferson,WR,81,19483
2022,10308,Randall Cobb,WR,82,9902
2022,10261,A.J. Green,WR,83,9857
2022,13153,Corey Davis,WR,84,16385
2022,13418,Kendrick Bourne,WR,85,17066
2022,13638,Braxton Berrios,WR,86,17289
2022,,Jake Wieneke,WR,87,17294
2022,14838,Laviska Shenault Jr.,WR,88,19221
2022,,Davon Grayson,WR,89,17581
2022,,Terrell Sinkfield,WR,90,12591
2022,13176,Zay Jones,WR,91,16431
2022,12443,Jake Kumerow,WR,92,14083
2022,14847,Devin Duvernay,WR,93,19270
2022,15313,Racey McMath,WR,94,23270
2022,12658,Sterling Shepard,WR,95,15569
2022,9662,Julian Edelman,WR,96,9332
2022,14992,Quez Watkins,WR,97,19715
2022,,T.J. Simmons,WR,98,23410
2022,15034,Marquez Callaway,WR,99,19505
2022,,Kolby Listenbee,WR,100,15676
2022,13157,Curtis Samuel,WR,101,16434
2022,9075,DeSean Jackson,WR,102,9186
2022,15901,Kyle Philips,WR,103,23896
2022,10722,Alshon Jeffery,WR,104,11199
2022,15308,Terrace Marshall Jr.,WR,105,23242
2022,8673,Ted Ginn Jr.,WR,106,9588
2022,10737,Travis Benjamin,WR,107,11214
2022,13863,Byron Pringle,WR,108,17739
2022,15407,Dez Fitzpatrick,WR,109,20112
2022,10734,Jarius Wright,WR,110,11211
2022,12647,William Fuller V,WR,111,15629
2022,12645,Laquon Treadwell,WR,112,15495
2022,12184,Jamison Crowder,WR,113,13976
2022,15328,Tarik Black,WR,114,19534
2022,13652,Cedrick Wilson Jr.,WR,115,17262
2022,11213,Tavon Austin,WR,116,11625
2022,14592,Olamide Zaccheaus,WR,117,18864
2022,,Garrett Scantling,WR,118,23233
2022,12181,Nelson Agholor,WR,119,13969
2022,12646,Corey Coleman,WR,120,15506
2022,10729,T.Y. Hilton,WR,121,11206
2022,,Francis Owusu,WR,122,17125
2022,15767,Velus Jones Jr.,WR,123,24214
2022,15841,Samori Toure,WR,124,23883
2022,14844,Bryan Edwards,WR,125,18634
2022,15307,T.J. Vasher,WR,126,20117
2022,15786,Jalen Nailor,WR,127,24177
2022,16096,Stanley Berryhill III,WR,128,24217
2022,12177,Kevin White,WR,129,13899
2022,15116,Isaiah Zuber,WR,130,19855
2022,,Marcus Green,WR,131,18715
2022,9918,Emmanuel Sanders,WR,132,9707
2022,15311,Dillon Stoner,WR,133,23430
2022,14558,Deonte Harty,WR,134,18876
2022,14128,Tyre Brady,WR,135,18402
2022,15478,Michael Strachan,WR,136,23395
2022,11104,Josh Bellamy,WR,137,11575
2022,10983,Chris Hogan,WR,138,11477
2022,15298,Shi Smith,WR,139,20127
2022,,Damon Sheehy-Guiseppi,WR,140,18671
2022,14131,Stanley Morgan Jr.,WR,141,18624
2022,12464,Damiere Byrd,WR,142,14222
2022,15844,Devon Allen,WR,143,24470
2022,14839,Jalen Reagor,WR,144,19219
2022,15993,Lance McCutcheon,WR,145,24812
2022,13864,Greg Ward,WR,146,17130
2022,,Bryce Bobo,WR,147,18155
2022,14101,N'Keal Harry,WR,148,18222
2022,13637,Equanimeous St. Brown,WR,149,17307
2022,15425,Jacob Harris,WR,150,23251
2022,15981,KaVontae Turpin,WR,151,18520
2022,15977,Deven Thompkins,WR,152,24134
2022,14545,Jason Moore Jr.,WR,153,18933
2022,14846,Denzel Mims,WR,154,19344
2022,,Donte Sylencieux,WR,155,23506
2022,9823,Dez Bryant,WR,156,9681
2022,12656,Rashard Higgins,WR,157,15586
2022,15513,Damon Hazelton,WR,158,22835
2022,13235,Josh Malone,WR,159,16539
2022,7393,Larry Fitzgerald,WR,160,9383
2022,13158,Dede Westbrook,WR,161,16436
2022,11239,Marquise Goodwin,WR,162,11599
2022,15301,Tutu Atwell,WR,163,20126
2022,15306,Tre Nixon,WR,164,23305
2022,13172,Noah Brown,WR,165,16443
2022,14865,Freddie Swain,WR,166,19729
2022,9988,Antonio Brown,WR,167,9808
2022,15997,Danny Davis,WR,168,24636
2022,10960,Josh Gordon,WR,169,11440
2022,15039,Aaron Parker,WR,170,19707
2022,,Kai Locksley,WR,171,23195
2022,13166,Amara Darboh,WR,172,16435
2022,13183,Chad Hansen,WR,173,16430
2022,13662,Keke Coutee,WR,174,17490
2022,12785,Demarcus Robinson,WR,175,15665
2022,15302,Dee Eskridge,WR,176,22785
2022,15776,Charleston Rambo,WR,177,19457
2022,15782,Danny Gray,WR,178,24178
2022,13641,Ray-Ray McCloud III,WR,179,17530
2022,14864,Tyler Johnson,WR,180,18633
2022,15643,Maurice Ffrench,WR,181,20048
2022,13169,Jehu Chesson,WR,182,16490
2022,,Malik Henry,WR,183,18881
2022,12657,Tajae Sharpe,WR,184,15587
2022,15773,Makai Polk,WR,185,23032
2022,,Amba Etta-Tawo,WR,186,16589
2022,,Dorian Baker,WR,187,18385
2022,14538,Rashard Davis,WR,188,17203
2022,13280,Chad Williams,WR,189,16728
2022,13289,Mack Hollins,WR,190,16489
2022,13776,Justin Watson,WR,191,17603
2022,,Richard Mullaney,WR,192,16049
2022,14481,Ventell Bryant,WR,193,19045
2022,16001,Jared Bernhardt,WR,194,24670
2022,15781,Ty Fryfogle,WR,195,22974
2022,15314,Josh Imatorbhebhe,WR,196,20128
2022,12913,Alex Erickson,WR,197,15706
2022,13167,Taywan Taylor,WR,198,16426
2022,15900,Montrell Washington,WR,199,24554
2022,15785,Bo Melton,WR,200,24049
2022,9427,Michael Crabtree,WR,201,9460
2022,,Pig Howard,WR,202,17189
2022,15792,Michael Woods II,WR,203,23893
2022,15296,Anthony Schwartz,WR,204,20125
2022,15780,Erik Ezukanma,WR,205,23755
2022,13488,Zach Pascal,WR,206,16972
2022,13412,Keelan Cole Sr.,WR,207,16864
2022,15297,Amari Rodgers,WR,208,20132
2022,14848,James Proche II,WR,209,19359
2022,14503,Tom Kennedy,WR,210,19052
2022,10973,Cole Beasley,WR,211,11459
2022,15772,Britain Covey,WR,212,24234
2022,13645,Tre'Quan Smith,WR,213,17261
2022,12505,Adam Humphries,WR,214,14498
2022,14315,Ashton Dulin,WR,215,18656
2022,15109,Nick Westbrook-Ikhine,WR,216,19747
2022,15497,Kawaan Baker,WR,217,23313
2022,15317,Marquez Stevenson,WR,218,20133
2022,15777,Calvin Austin III,WR,219,23739
2022,15761,Khalil Shakir,WR,220,23748
2022,15787,Tyquan Thornton,WR,221,22913
2022,15759,John Metchie III,WR,222,22895
2022,15995,DJ Turner,WR,223,23423
2022,9921,Andre Roberts,WR,224,9696
2022,,Xavier Ubosi,WR,225,18745
2022,14860,Jauan Jennings,WR,226,19590
2022,15763,Justyn Ross,WR,227,19798
2022,8375,Kyle Williams,WR,228,10437
2022,14337,Jalen Guyton,WR,229,18941
2022,,Kevin Shaa,WR,230,24777
2022,11244,Travis Kelce,TE,1,11594
2022,13671,Mark Andrews,TE,2,17269
2022,15329,Kyle Pitts Sr.,TE,3,20164
2022,13299,George Kittle,TE,4,16499
2022,12263,Darren Waller,TE,5,14104
2022,13772,Dalton Schultz,TE,6,17349
2022,14138,T.J. Hockenson,TE,7,18290
2022,13674,Dallas Goedert,TE,8,17270
2022,11247,Zach Ertz,TE,9,11689
2022,14143,Dawson Knox,TE,10,18631
2022,15331,Pat Freiermuth,TE,11,20163
2022,14867,Cole Kmet,TE,12,19229
2022,12676,Hunter Henry,TE,13,15561
2022,13672,Mike Gesicki,TE,14,17272
2022,14141,Irv Smith Jr.,TE,15,18610
2022,13427,Robert Tonyan,TE,16,16502
2022,14873,Albert Okwuegbunam Jr.,TE,17,18246
2022,13192,David Njoku,TE,18,16399
2022,12678,Tyler Higbee,TE,19,15623
2022,14137,Noah Fant,TE,20,17527
2022,13236,Gerald Everett,TE,21,16459
2022,15798,Isaiah Likely,TE,22,23781
2022,12677,Austin Hooper,TE,23,15581
2022,13189,Evan Engram,TE,24,16411
2022,13680,Hayden Hurst,TE,25,17283
2022,13424,Taysom Hill,TE,26,17115
2022,12110,Cameron Brate,TE,27,13470
2022,11647,Logan Thomas,TE,28,12095
2022,10312,Kyle Rudolph,TE,29,9906
2022,15330,Brevin Jordan,TE,30,20162
2022,,Dominick Wood-Anderson,TE,31,19650
2022,13246,Mo Alie-Cox,TE,32,16579
2022,11257,Vance McDonald,TE,33,11699
2022,9925,Jimmy Graham,TE,34,9712
2022,12317,C.J. Uzomah,TE,35,14084
2022,,Kehinde Oginni,TE,36,24773
2022,13193,Jonnu Smith,TE,37,16460
2022,,Leroy Watson IV,TE,38,24675
2022,15873,Daniel Bellinger,TE,39,24238
2022,15333,Tre' McKitty,TE,40,22807
2022,14870,Adam Trautman,TE,41,19423
2022,10838,Rhett Ellison,TE,42,11315
2022,11007,Garrett Celek,TE,43,11507
2022,6997,Jason Witten,TE,44,9275
2022,15905,Teagan Quitoriano,TE,45,24182
2022,13678,Ian Thomas,TE,46,17387
2022,,Nick Guggemos,TE,47,23458
2022,15506,Matt Bushman,TE,48,22865
2022,11705,Trey Burton,TE,49,12153
2022,15244,Feleipe Franks,TE,50,20081
2022,13191,Temuchin Hodges,TE,51,16412
2022,15800,Connor Heyward,TE,52,24562
2022,13190,Jake Butt,TE,53,16456
2022,,Jake Burt,TE,54,19848
2022,9862,Tim Tebow,TE,55,9690
2022,13988,Ross Dwelley,TE,56,17886
2022,14231,Trevon Wesco,TE,57,18567
2022,13919,Anthony Firkser,TE,58,16787
2022,12213,Blake Bell,TE,59,13966
2022,15332,Tommy Tremble,TE,60,22795
2022,15795,Charlie Kolar,TE,61,22756
2022,8269,Marcedes Lewis,TE,62,9413
2022,14875,Harrison Bryant,TE,63,19389
2022,15672,Paul Quessenberry,TE,64,22670
2022,15793,Jalen Wydermyer,TE,65,23145
2022,15070,Jody Fortson Jr.,TE,66,18831
2022,17439,Sal Cannella,TE,67,23548
2022,14984,Charlie Woerner,TE,68,19665
2022,15334,Hunter Long,TE,69,22783
2022,15840,Jelani Woods,TE,70,23829
2022,13675,Tyler Conklin,TE,71,17598
2022,12378,Geoff Swaim,TE,72,14164
2022,13763,Will Dissly,TE,73,18049
2022,15797,Greg Dulcich,TE,74,23153
2022,15794,Trey McBride,TE,75,22936
2022,15889,Chig Okonkwo,TE,76,23982
2022,14876,Josiah Deguara,TE,77,19456
2022,9474,Jared Cook,TE,78,9265
2022,13188,O.J. Howard,TE,79,16380
2022,15796,Jeremy Ruckert,TE,80,23742
2022,15802,Cade Otton,TE,81,23181
2022,14239,Foster Moreau,TE,82,18397
2022,8247,Vernon Davis,TE,83,9621
2022,15340,Tony Poljan,TE,84,22840
2023,13116,Patrick Mahomes II,QB,1,16413
2023,14783,Jalen Hurts,QB,2,19275
2023,13589,Josh Allen,QB,3,17298
2023,13593,Lamar Jackson,QB,4,17233
2023,14777,Joe Burrow,QB,5,19196
2023,14779,Justin Herbert,QB,6,18635
2023,15238,Justin Fields,QB,7,19781
2023,15237,Trevor Lawrence,QB,8,19780
2023,13113,Deshaun Watson,QB,9,16398
2023,12620,Dak Prescott,QB,10,15600
2023,14778,Tua Tagovailoa,QB,11,19198
2023,7836,Aaron Rodgers,QB,12,9001
2023,14059,Daniel Jones,QB,13,18232
2023,10700,Kirk Cousins,QB,14,11177
2023,11150,Geno Smith,QB,15,11687
2023,16152,Anthony Richardson Sr.,QB,16,24347
2023,12611,Jared Goff,QB,17,15501
2023,10703,Russell Wilson,QB,18,11180
2023,15698,Brock Purdy,QB,19,19797
2023,15692,Kenny Pickett,QB,20,22722
2023,11644,Derek Carr,QB,21,12092
2023,16148,Bryce Young,QB,22,22900
2023,9431,Matthew Stafford,QB,23,9451
2023,16150,C.J. Stroud,QB,24,23071
2023,14056,Kyler Murray,QB,25,18600
2023,14782,Jordan Love,QB,26,19246
2023,11760,Jimmy Garoppolo,QB,27,12208
2023,15693,Sam Howell,QB,28,23045
2023,15241,Mac Jones,QB,29,20156
2023,10697,Ryan Tannehill,QB,30,11174
2023,13590,Baker Mayfield,QB,31,17237
2023,15697,Desmond Ridder,QB,32,20080
2023,15240,Trey Lance,QB,33,20082
2023,7480,Matt Schaub,QB,34,9445
2023,5848,Tom Brady,QB,35,9603
2023,16441,Tommy DeVito,QB,36,25746
2023,16157,Malik Cunningham,QB,37,22988
2023,16159,Aidan O'Connell,QB,38,24330
2023,13119,Joshua Dobbs,QB,39,16417
2023,13879,Kyle Allen,QB,40,17869
2023,7401,Ben Roethlisberger,QB,41,9039
2023,15242,Kyle Trask,QB,42,19800
2023,15239,Zach Wilson,QB,43,22679
2023,16155,Max Duggan,QB,44,23121
2023,16160,Clayton Tune,QB,45,25227
2023,9073,Chad Henne,QB,46,9101
2023,13592,Sam Darnold,QB,47,17236
2023,9099,Matt Ryan,QB,48,9444
2023,13598,Mike White,QB,49,17447
2023,16153,Stetson Bennett IV,QB,50,23927
2023,13591,Josh Rosen,QB,51,17235
2023,11152,Mike Glennon,QB,52,11685
2023,12141,Marcus Mariota,QB,53,13890
2023,8062,Ryan Fitzpatrick,QB,54,9545
2023,11151,Matt Barkley,QB,55,11686
2023,13115,Mitchell Trubisky,QB,56,16381
2023,7394,Philip Rivers,QB,57,9509
2023,14358,Jake Browning,QB,58,18557
2023,10262,Blaine Gabbert,QB,59,9858
2023,13124,Cooper Rush,QB,60,16477
2023,14061,Trace McSorley,QB,61,18475
2023,14793,Jake Luton,QB,62,19618
2023,10273,Cam Newton,QB,63,9869
2023,13389,Kyle Sloter,QB,64,16902
2023,11640,Teddy Bridgewater,QB,65,12088
2023,14057,Drew Lock,QB,66,18225
2023,16313,Sean Clifford,QB,67,20073
2023,16151,Hendon Hooker,QB,68,24332
2023,13130,Christian McCaffrey,RB,1,16393
2023,13404,Austin Ekeler,RB,2,16483
2023,16161,Bijan Robinson,RB,3,23133
2023,13610,Nick Chubb,RB,4,17246
2023,13604,Saquon Barkley,RB,5,17240
2023,12626,Derrick Henry,RB,6,15514
2023,14073,Josh Jacobs,RB,7,18269
2023,14085,Tony Pollard,RB,8,18705
2023,13131,Joe Mixon,RB,9,16420
2023,15253,Travis Etienne Jr.,RB,10,19231
2023,15254,Najee Harris,RB,11,19302
2023,15259,Rhamondre Stevenson,RB,12,22726
2023,16162,Jahmyr Gibbs,RB,13,22968
2023,13319,Aaron Jones Sr.,RB,14,16673
2023,15717,Dameon Pierce,RB,15,22947
2023,15711,Kenneth Walker III,RB,16,23021
2023,14223,Alexander Mattison,RB,17,18621
2023,15708,Breece Hall,RB,18,22982
2023,14802,Jonathan Taylor,RB,19,19217
2023,14079,Miles Sanders,RB,20,18283
2023,13146,James Conner,RB,21,16447
2023,14799,Cam Akers,RB,22,19268
2023,15715,James Cook III,RB,23,22958
2023,13132,Alvin Kamara,RB,24,16421
2023,15749,Isiah Pacheco,RB,25,24333
2023,13128,Dalvin Cook,RB,26,16374
2023,14071,David Montgomery,RB,27,18239
2023,15721,Rachaad White,RB,28,23891
2023,15256,Javonte Williams,RB,29,22739
2023,14797,D'Andre Swift,RB,30,19210
2023,15716,Brian Robinson Jr.,RB,31,20094
2023,15271,Khalil Herbert,RB,32,22763
2023,14805,AJ Dillon,RB,33,19358
2023,14852,Antonio Gibson,RB,34,19624
2023,13139,Jamaal Williams,RB,35,16424
2023,16169,Zach Charbonnet,RB,36,23152
2023,13133,Samaje Perine,RB,37,16423
2023,16167,De'Von Achane,RB,38,23136
2023,13608,Rashaad Penny,RB,39,17308
2023,12447,Raheem Mostert,RB,40,14338
2023,15263,Elijah Mitchell,RB,41,22813
2023,15742,Jaylen Warren,RB,42,24209
2023,12625,Ezekiel Elliott,RB,43,15498
2023,14075,Damien Harris,RB,44,18230
2023,16164,Tank Bigsby,RB,45,22908
2023,11761,Jerick McKinnon,RB,46,12209
2023,15712,Tyler Allgeier,RB,47,24172
2023,13134,D'Onta Foreman,RB,48,16407
2023,16175,Roschon Johnson,RB,49,25322
2023,15255,Kenny Gainwell,RB,50,23310
2023,13138,Kareem Hunt,RB,51,16425
2023,16176,Deuce Vaughn,RB,52,22984
2023,14080,Devin Singletary,RB,53,18280
2023,16171,Kendre Miller,RB,54,24360
2023,16165,Tyjae Spears,RB,55,25323
2023,15277,Deon Jackson,RB,56,20097
2023,15261,Chuba Hubbard,RB,57,19792
2023,14798,Zack Moss,RB,58,19263
2023,13850,Gus Edwards,RB,59,17687
2023,14803,Clyde Edwards-Helaire,RB,60,19325
2023,14807,Joshua Kelley,RB,61,19445
2023,11225,Cordarrelle Patterson,RB,62,11613
2023,16181,Chase Brown,RB,63,25324
2023,15714,Zamir White,RB,64,20095
2023,15723,Ty Chandler,RB,65,19471
2023,15713,Jerome Ford,RB,66,22921
2023,16166,Sean Tucker,RB,67,23679
2023,16180,Evan Hull,RB,68,25325
2023,13129,Leonard Fournette,RB,69,16378
2023,15710,Kyren Williams,RB,70,23059
2023,16179,DeWayne McBride,RB,71,25265
2023,14017,Jeff Wilson Jr.,RB,72,18026
2023,16163,Zach Evans,RB,73,23122
2023,13726,Chase Edmonds,RB,74,17496
2023,16168,Israel Abanikanda,RB,75,24352
2023,15734,Keaontay Ingram,RB,76,23162
2023,,Charles McClelland,RB,77,25593
2023,16390,Jaleel McLaughlin,RB,78,25876
2023,14084,Elijah Holyfield,RB,79,18292
2023,11390,Latavius Murray,RB,80,11821
2023,,Isaiah Bowser,RB,81,25871
2023,14823,Rico Dowdle,RB,82,19647
2023,15258,Michael Carter,RB,83,22728
2023,14811,Salvon Ahmed,RB,84,19449
2023,15275,Chris Evans,RB,85,22797
2023,12832,Darius Jackson,RB,86,15813
2023,15733,Pierre Strong Jr.,RB,87,24173
2023,13378,Matt Breida,RB,88,17058
2023,16174,Chris Rodriguez Jr.,RB,89,22986
2023,15973,Raheem Blackshear,RB,90,20100
2023,16387,Chris Brooks,RB,91,25823
2023,14836,Justin Jefferson,WR,1,19236
2023,15281,Ja'Marr Chase,WR,2,19788
2023,12801,Tyreek Hill,WR,3,15802
2023,12186,Stefon Diggs,WR,4,13981
2023,14104,A.J. Brown,WR,5,18218
2023,14832,CeeDee Lamb,WR,6,19202
2023,13164,Cooper Kupp,WR,7,16433
2023,11675,Davante Adams,WR,8,12123
2023,15753,Garrett Wilson,WR,9,23072
2023,15287,Amon-Ra St. Brown,WR,10,19799
2023,15284,Jaylen Waddle,WR,11,19790
2023,15754,Chris Olave,WR,12,20111
2023,15282,DeVonta Smith,WR,13,19222
2023,14136,Deebo Samuel Sr.,WR,14,18244
2023,14835,Tee Higgins,WR,15,19211
2023,13629,Calvin Ridley,WR,16,17258
2023,14102,DK Metcalf,WR,17,18219
2023,12175,Amari Cooper,WR,18,13894
2023,13635,DJ Moore,WR,19,17265
2023,15789,Christian Watson,WR,20,23886
2023,11222,Keenan Allen,WR,21,11616
2023,11232,DeAndre Hopkins,WR,22,11606
2023,15751,Drake London,WR,23,23163
2023,15762,George Pickens,WR,24,22963
2023,14109,Terry McLaurin,WR,25,18466
2023,13633,Christian Kirk,WR,26,17268
2023,13154,Mike Williams,WR,27,16377
2023,14840,Brandon Aiyuk,WR,28,19252
2023,12187,Tyler Lockett,WR,29,13971
2023,14833,Jerry Jeudy,WR,30,19201
2023,15755,Jahan Dotson,WR,31,23101
2023,13163,Chris Godwin Jr.,WR,32,16406
2023,11671,Mike Evans,WR,33,12119
2023,16186,Jordan Addison,WR,34,23107
2023,14208,Diontae Johnson,WR,35,18615
2023,14842,Michael Pittman Jr.,WR,36,19278
2023,14105,Hollywood Brown,WR,37,18226
2023,16185,Jaxon Smith-Njigba,WR,38,23070
2023,14845,Gabe Davis,WR,39,19398
2023,11674,Brandin Cooks,WR,40,12122
2023,16190,Zay Flowers,WR,41,22916
2023,13630,Courtland Sutton,WR,42,17253
2023,12652,Michael Thomas,WR,43,15528
2023,15289,Kadarius Toney,WR,44,20119
2023,11679,Odell Beckham Jr.,WR,45,12127
2023,13156,JuJu Smith-Schuster,WR,46,16427
2023,15766,Skyy Moore,WR,47,23905
2023,15288,Elijah Moore,WR,48,20114
2023,15752,Treylon Burks,WR,49,22905
2023,16188,Quentin Johnston,WR,50,23123
2023,11938,Adam Thielen,WR,51,13429
2023,13632,Allen Lazard,WR,52,17301
2023,15779,Romeo Doubs,WR,53,23794
2023,15293,Rashod Bateman,WR,54,19794
2023,15756,Jameson Williams,WR,55,23677
2023,16183,Jalin Hyatt,WR,56,25251
2023,15290,Nico Collins,WR,57,20130
2023,14127,Jakobi Meyers,WR,58,18598
2023,12650,Tyler Boyd,WR,59,15547
2023,16194,Rashee Rice,WR,60,23113
2023,16189,Marvin Mims Jr.,WR,61,23080
2023,14974,Darnell Mooney,WR,62,19810
2023,13176,Zay Jones,WR,63,16431
2023,16197,Jonathan Mingo,WR,64,23030
2023,14858,Van Jefferson,WR,65,19483
2023,14857,Donovan Peoples-Jones,WR,66,19298
2023,13646,Michael Gallup,WR,67,17259
2023,14977,K.J. Osborn,WR,68,19708
2023,16184,Jayden Reed,WR,69,23020
2023,13793,Marquez Valdes-Scantling,WR,70,17528
2023,15768,Alec Pierce,WR,71,23791
2023,16204,Tank Dell,WR,72,25361
2023,13668,DJ Chark Jr.,WR,73,17292
2023,15763,Justyn Ross,WR,74,19798
2023,14849,Isaiah Hodgins,WR,75,19375
2023,12176,DeVante Parker,WR,76,13897
2023,14123,Hunter Renfrow,WR,77,18345
2023,13157,Curtis Samuel,WR,78,16434
2023,15759,John Metchie III,WR,79,22895
2023,14113,Mecole Hardman Jr.,WR,80,18587
2023,16080,Rashid Shaheed,WR,81,24687
2023,14112,Parris Campbell,WR,82,18463
2023,13724,Richie James Jr.,WR,83,17303
2023,15757,Wan'Dale Robinson,WR,84,22985
2023,16187,Josh Downs,WR,85,24706
2023,15319,Joshua Palmer,WR,86,22845
2023,14122,Darius Slayton,WR,87,18706
2023,16206,Michael Wilson,WR,88,25333
2023,14841,Chase Claypool,WR,89,18627
2023,16211,Puka Nacua,WR,90,23180
2023,,Xavier Ubosi,WR,91,18745
2023,11228,Robert Woods,WR,92,11610
2023,14280,Scotty Miller,WR,93,18714
2023,15776,Charleston Rambo,WR,94,19457
2023,11678,Allen Robinson II,WR,95,12126
2023,15761,Khalil Shakir,WR,96,23748
2023,15308,Terrace Marshall Jr.,WR,97,23242
2023,16191,Cedric Tillman,WR,98,25287
2023,15787,Tyquan Thornton,WR,99,22913
2023,13776,Justin Watson,WR,100,17603
2023,,Jazz Ferguson,WR,101,18657
2023,13168,Josh Reynolds,WR,102,16439
2023,13289,Mack Hollins,WR,103,16489
2023,10738,Marvin Jones Jr.,WR,104,11215
2023,16199,Trey Palmer,WR,105,25331
2023,11244,Travis Kelce,TE,1,11594
2023,13671,Mark Andrews,TE,2,17269
2023,14138,T.J. Hockenson,TE,3,18290
2023,13299,George Kittle,TE,4,16499
2023,12263,Darren Waller,TE,5,14104
2023,13674,Dallas Goedert,TE,6,17270
2023,15329,Kyle Pitts Sr.,TE,7,20164
2023,15331,Pat Freiermuth,TE,8,20163
2023,13189,Evan Engram,TE,9,16411
2023,13192,David Njoku,TE,10,16399
2023,16213,Dalton Kincaid,TE,11,25247
2023,13772,Dalton Schultz,TE,12,17349
2023,12678,Tyler Higbee,TE,13,15623
2023,14867,Cole Kmet,TE,14,19229
2023,15889,Chig Okonkwo,TE,15,23982
2023,16214,Sam LaPorta,TE,16,22978
2023,14861,Juwan Johnson,TE,17,19562
2023,15797,Greg Dulcich,TE,18,23153
2023,16215,Luke Musgrave,TE,19,25282
2023,13236,Gerald Everett,TE,20,16459
2023,13424,Taysom Hill,TE,21,17115
2023,14141,Irv Smith Jr.,TE,22,18610
2023,15799,Jake Ferguson,TE,23,22718
2023,16212,Michael Mayer,TE,24,23056
2023,13672,Mike Gesicki,TE,25,17272
2023,11247,Zach Ertz,TE,26,11689
2023,14143,Dawson Knox,TE,27,18631
2023,13675,Tyler Conklin,TE,28,17598
2023,15798,Isaiah Likely,TE,29,23781
2023,12676,Hunter Henry,TE,30,15561
2023,13680,Hayden Hurst,TE,31,17283
2023,15794,Trey McBride,TE,32,22936
2023,10312,Kyle Rudolph,TE,33,9906
2023,14137,Noah Fant,TE,34,17527
2023,16367,Brayden Willis,TE,35,25469
2023,15802,Cade Otton,TE,36,23181
2023,11647,Logan Thomas,TE,37,12095
2023,15840,Jelani Woods,TE,38,23829
2023,16219,Davis Allen,TE,39,23761
2023,16400,Noah Gindorff,TE,40,24339
2023,16221,Luke Schoonmaker,TE,41,25267
2023,,Leroy Watson IV,TE,42,24675
2023,13188,O.J. Howard,TE,43,16380
2023,7422,Benjamin Watson,TE,44,9040
2023,6997,Jason Witten,TE,45,9275
2024,13589,Josh Allen,QB,1,17298
2024,13116,Patrick Mahomes II,QB,2,16413
2024,14783,Jalen Hurts,QB,3,19275
2024,13593,Lamar Jackson,QB,4,17233
2024,16150,C.J. Stroud,QB,5,23071
2024,16152,Anthony Richardson Sr.,QB,6,24347
2024,14777,Joe Burrow,QB,7,19196
2024,14056,Kyler Murray,QB,8,18600
2024,14782,Jordan Love,QB,9,19246
2024,12620,Dak Prescott,QB,10,15600
2024,15698,Brock Purdy,QB,11,19797
2024,16581,Jayden Daniels,QB,12,22902
2024,16579,Caleb Williams,QB,13,23084
2024,14778,Tua Tagovailoa,QB,14,19198
2024,12611,Jared Goff,QB,15,15501
2024,15237,Trevor Lawrence,QB,16,19780
2024,14779,Justin Herbert,QB,17,18635
2024,7836,Aaron Rodgers,QB,18,9001
2024,10700,Kirk Cousins,QB,19,11177
2024,9431,Matthew Stafford,QB,20,9451
2024,13590,Baker Mayfield,QB,21,17237
2024,13113,Deshaun Watson,QB,22,16398
2024,16582,Bo Nix,QB,23,22910
2024,11150,Geno Smith,QB,24,11687
2024,16149,Will Levis,QB,25,22987
2024,10703,Russell Wilson,QB,26,11180
2024,15238,Justin Fields,QB,27,19781
2024,11644,Derek Carr,QB,28,12092
2024,16148,Bryce Young,QB,29,22900
2024,16580,Drake Maye,QB,30,23046
2024,13592,Sam Darnold,QB,31,17236
2024,14059,Daniel Jones,QB,32,18232
2024,14067,Gardner Minshew II,QB,33,18562
2024,16159,Aidan O'Connell,QB,34,24330
2024,12616,Jacoby Brissett,QB,35,15642
2024,9064,Joe Flacco,QB,36,9300
2024,16583,Michael Penix Jr.,QB,37,22973
2024,15692,Kenny Pickett,QB,38,22722
2024,13119,Joshua Dobbs,QB,39,16417
2024,13424,Taysom Hill,QB,40,17115
2024,5848,Tom Brady,QB,41,9603
2024,12610,Carson Wentz,QB,42,15520
2024,11760,Jimmy Garoppolo,QB,43,12208
2024,16151,Hendon Hooker,QB,44,24332
2024,,Davis Cheek,QB,45,24609
2024,16588,Michael Pratt,QB,46,25226
2024,16441,Tommy DeVito,QB,47,25746
2024,,Peewee Jarrett,QB,48,26800
2024,,Austin Aune,QB,49,25927
2024,14061,Trace McSorley,QB,50,18475
2024,15693,Sam Howell,QB,51,23045
2024,15239,Zach Wilson,QB,52,22679
2024,16154,Jaren Hall,QB,53,24073
2024,15240,Trey Lance,QB,54,20082
2024,16591,Devin Leary,QB,55,24698
2024,14063,Jarrett Stidham,QB,56,18604
2024,16412,Nathan Rourke,QB,57,25319
2024,11151,Matt Barkley,QB,58,11686
2024,16586,Spencer Rattler,QB,59,23081
2024,16384,Tyson Bagent,QB,60,25321
2024,12140,Jameis Winston,QB,61,13891
2024,16155,Max Duggan,QB,62,23121
2024,13124,Cooper Rush,QB,63,16477
2024,15699,Skylar Thompson,QB,64,24170
2024,14358,Jake Browning,QB,65,18557
2024,16585,Joe Milton III,QB,66,25967
2024,10697,Ryan Tannehill,QB,67,11174
2024,13879,Kyle Allen,QB,68,17869
2024,14057,Drew Lock,QB,69,18225
2024,10313,Andy Dalton,QB,70,9907
2024,10413,Tyrod Taylor,QB,71,10007
2024,12141,Marcus Mariota,QB,72,13890
2024,12621,Brandon Allen,QB,73,15745
2024,13115,Mitchell Trubisky,QB,74,16381
2024,13416,P.J. Walker,QB,75,16841
2024,15241,Mac Jones,QB,76,20156
2024,15696,Bailey Zappe,QB,77,24027
2024,16022,Anthony Brown Jr.,QB,78,24113
2024,16158,Dorian Thompson-Robinson,QB,79,20086
2024,9207,Josh Johnson,QB,80,9326
2024,12476,Taylor Heinicke,QB,81,13932
2024,12623,Jeff Driskel,QB,82,15615
2024,13125,C.J. Beathard,QB,83,16419
2024,13127,Nathan Peterman,QB,84,16414
2024,13968,Nick Mullens,QB,85,16726
2024,13595,Mason Rudolph,QB,86,17234
2024,13598,Mike White,QB,87,17447
2024,13846,Logan Woodside,QB,88,17239
2024,15035,John Wolford,QB,89,18185
2024,14065,Brett Rypien,QB,90,18323
2024,14069,Easton Stick,QB,91,18446
2024,14789,Tyler Huntley,QB,92,19297
2024,14781,Jake Fromm,QB,93,19243
2024,15008,Ben DiNucci,QB,94,19827
2024,15252,Davis Mills,QB,95,22799
2024,15250,Sam Ehlinger,QB,96,19803
2024,15246,Ian Book,QB,97,20159
2024,15242,Kyle Trask,QB,98,19800
2024,15697,Desmond Ridder,QB,99,20080
2024,15694,Malik Willis,QB,100,23499
2024,15948,Chris Oladokun,QB,101,24575
2024,16313,Sean Clifford,QB,102,20073
2024,16153,Stetson Bennett IV,QB,103,23927
2024,15702,Tanner McKee,QB,104,24740
2024,16160,Clayton Tune,QB,105,25227
2024,16868,Adrian Martinez,QB,106,23040
2024,16589,Jordan Travis,QB,107,25377
2024,,Jack Plummer,QB,108,26386
2024,16804,Austin Reed,QB,109,26383
2024,,Jason Bean,QB,110,26387
2024,16682,Kedon Slovis,QB,111,23166
2024,16882,Carter Bradley,QB,112,26384
2024,,John Rhys Plumlee,QB,113,26389
2024,,Sam Hartman,QB,114,24340
2024,,Casey Bauman,QB,115,26508
2024,12815,Nate Sudfeld,QB,116,15833
2024,14196,Luis Perez,QB,117,17915
2024,13825,Alex McGough,QB,118,17630
2024,13873,Tim Boyle,QB,119,17801
2024,14062,Will Grier,QB,120,18241
2024,14780,Jacob Eason,QB,121,19220
2024,14793,Jake Luton,QB,122,19618
2024,15243,Kellen Mond,QB,123,19383
2024,15691,Matt Corral,QB,124,23028
2024,15707,E.J. Perry,QB,125,24200
2024,,Dresser Winn,QB,126,25628
2024,16156,Jake Haener,QB,127,24728
2024,,Chevan Cordeiro,QB,128,26648
2024,,Emory Jones,QB,129,22946
2024,,Andrew Peasley,QB,130,26839
2024,,John Paddock,QB,131,26780
2024,,Rocky Lombardi,QB,132,26655
2024,,Tanner Mordecai,QB,133,25228
2024,,Jacob Sirmon,QB,134,26832
2024,,Ben Bryant,QB,135,26385
2024,13130,Christian McCaffrey,RB,1,16393
2024,15708,Breece Hall,RB,2,22982
2024,16161,Bijan Robinson,RB,3,23133
2024,13604,Saquon Barkley,RB,4,17240
2024,14802,Jonathan Taylor,RB,5,19217
2024,16162,Jahmyr Gibbs,RB,6,22968
2024,15253,Travis Etienne Jr.,RB,7,19231
2024,15710,Kyren Williams,RB,8,23059
2024,12626,Derrick Henry,RB,9,15514
2024,14073,Josh Jacobs,RB,10,18269
2024,16167,De'Von Achane,RB,11,23136
2024,15749,Isiah Pacheco,RB,12,24333
2024,15715,James Cook III,RB,13,22958
2024,15721,Rachaad White,RB,14,23891
2024,13131,Joe Mixon,RB,15,16420
2024,15711,Kenneth Walker III,RB,16,23021
2024,13132,Alvin Kamara,RB,17,16421
2024,13146,James Conner,RB,18,16447
2024,13319,Aaron Jones Sr.,RB,19,16673
2024,14797,D'Andre Swift,RB,20,19210
2024,14071,David Montgomery,RB,21,18239
2024,15714,Zamir White,RB,22,20095
2024,15259,Rhamondre Stevenson,RB,23,22726
2024,15254,Najee Harris,RB,24,19302
2024,12447,Raheem Mostert,RB,25,14338
2024,14085,Tony Pollard,RB,26,18705
2024,15256,Javonte Williams,RB,27,22739
2024,14798,Zack Moss,RB,28,19263
2024,15716,Brian Robinson Jr.,RB,29,20094
2024,14080,Devin Singletary,RB,30,18280
2024,13610,Nick Chubb,RB,31,17246
2024,15742,Jaylen Warren,RB,32,24209
2024,13404,Austin Ekeler,RB,33,16483
2024,15713,Jerome Ford,RB,34,22921
2024,16597,Jonathon Brooks,RB,35,26148
2024,13850,Gus Edwards,RB,36,17687
2024,16181,Chase Brown,RB,37,25324
2024,16165,Tyjae Spears,RB,38,25323
2024,16593,Blake Corum,RB,39,23013
2024,16594,Trey Benson,RB,40,25388
2024,14800,J.K. Dobbins,RB,41,19245
2024,12625,Ezekiel Elliott,RB,42,15498
2024,15261,Chuba Hubbard,RB,43,19792
2024,14823,Rico Dowdle,RB,44,19647
2024,15723,Ty Chandler,RB,45,19471
2024,16169,Zach Charbonnet,RB,46,23152
2024,15712,Tyler Allgeier,RB,47,24172
2024,16610,Jaylen Wright,RB,48,25987
2024,16390,Jaleel McLaughlin,RB,49,25876
2024,16604,MarShawn Lloyd,RB,50,23118
2024,14852,Antonio Gibson,RB,51,19624
2024,16603,Ray Davis,RB,52,26191
2024,16598,Bucky Irving,RB,53,25981
2024,16596,Braelon Allen,RB,54,24346
2024,16747,Tyrone Tracy Jr.,RB,55,22980
2024,15972,Jordan Mason,RB,56,22969
2024,15271,Khalil Herbert,RB,57,22763
2024,16757,Kimani Vidal,RB,58,26355
2024,15255,Kenny Gainwell,RB,59,23310
2024,16164,Tank Bigsby,RB,60,22908
2024,14223,Alexander Mattison,RB,61,18621
2024,16595,Audric Estime,RB,62,23054
2024,16171,Kendre Miller,RB,63,24360
2024,16175,Roschon Johnson,RB,64,25322
2024,15717,Dameon Pierce,RB,65,22947
2024,14803,Clyde Edwards-Helaire,RB,66,19325
2024,16601,Will Shipley,RB,67,22930
2024,13139,Jamaal Williams,RB,68,16424
2024,14086,Justice Hill,RB,69,18256
2024,16178,Keaton Mitchell,RB,70,25360
2024,13133,Samaje Perine,RB,71,16423
2024,13128,Dalvin Cook,RB,72,16374
2024,16688,Isaac Guerendo,RB,73,26392
2024,15257,Trey Sermon,RB,74,19425
2024,13138,Kareem Hunt,RB,75,16425
2024,13134,D'Onta Foreman,RB,76,16407
2024,16613,Dylan Laube,RB,77,26194
2024,14799,Cam Akers,RB,78,19268
2024,16612,Carson Steele,RB,79,26372
2024,14079,Miles Sanders,RB,80,18283
2024,16173,Eric Gray,RB,81,23075
2024,11225,Cordarrelle Patterson,RB,82,11613
2024,16176,Deuce Vaughn,RB,83,22984
2024,,Larry Rose III,RB,84,17984
2024,14827,J.J. Taylor,RB,85,19438
2024,16746,Rasheen Ali,RB,86,25983
2024,,Isaiah Bowser,RB,87,25871
2024,16432,Emanuel Wilson,RB,88,25885
2024,16599,Frank Gore Jr.,RB,89,25980
2024,10276,Mark Ingram II,RB,90,9872
2024,14017,Jeff Wilson Jr.,RB,91,18026
2024,16180,Evan Hull,RB,92,25325
2024,12636,Wendell Smallwood,RB,93,15672
2024,11747,James White,RB,94,12195
2024,12801,Tyreek Hill,WR,1,15802
2024,14832,CeeDee Lamb,WR,2,19202
2024,15287,Amon-Ra St. Brown,WR,3,19799
2024,14836,Justin Jefferson,WR,4,19236
2024,15281,Ja'Marr Chase,WR,5,19788
2024,14104,A.J. Brown,WR,6,18218
2024,15753,Garrett Wilson,WR,7,23072
2024,16211,Puka Nacua,WR,8,23180
2024,16614,Marvin Harrison Jr.,WR,9,23064
2024,14136,Deebo Samuel Sr.,WR,10,18244
2024,15751,Drake London,WR,11,23163
2024,11675,Davante Adams,WR,12,12123
2024,15290,Nico Collins,WR,13,20130
2024,15754,Chris Olave,WR,14,20111
2024,14840,Brandon Aiyuk,WR,15,19252
2024,11671,Mike Evans,WR,16,12119
2024,13164,Cooper Kupp,WR,17,16433
2024,14102,DK Metcalf,WR,18,18219
2024,13635,DJ Moore,WR,19,17265
2024,15284,Jaylen Waddle,WR,20,19790
2024,12186,Stefon Diggs,WR,21,13981
2024,15282,DeVonta Smith,WR,22,19222
2024,14842,Michael Pittman Jr.,WR,23,19278
2024,16615,Malik Nabers,WR,24,25409
2024,12175,Amari Cooper,WR,25,13894
2024,15762,George Pickens,WR,26,22963
2024,14835,Tee Higgins,WR,27,19211
2024,16204,Tank Dell,WR,28,25361
2024,16190,Zay Flowers,WR,29,22916
2024,16194,Rashee Rice,WR,30,23113
2024,14109,Terry McLaurin,WR,31,18466
2024,13633,Christian Kirk,WR,32,17268
2024,16184,Jayden Reed,WR,33,23020
2024,13629,Calvin Ridley,WR,34,17258
2024,13163,Chris Godwin Jr.,WR,35,16406
2024,11222,Keenan Allen,WR,36,11616
2024,16620,Xavier Worthy,WR,37,23019
2024,15789,Christian Watson,WR,38,23886
2024,14208,Diontae Johnson,WR,39,18615
2024,16616,Rome Odunze,WR,40,25411
2024,11232,DeAndre Hopkins,WR,41,11606
2024,16185,Jaxon Smith-Njigba,WR,42,23070
2024,13630,Courtland Sutton,WR,43,17253
2024,16627,Ladd McConkey,WR,44,26122
2024,15756,Jameson Williams,WR,45,23677
2024,16617,Keon Coleman,WR,46,26019
2024,14105,Hollywood Brown,WR,47,18226
2024,16186,Jordan Addison,WR,48,23107
2024,16618,Brian Thomas Jr.,WR,49,23000
2024,15779,Romeo Doubs,WR,50,23794
2024,15761,Khalil Shakir,WR,51,23748
2024,15319,Joshua Palmer,WR,52,22845
2024,13157,Curtis Samuel,WR,53,16434
2024,14127,Jakobi Meyers,WR,54,18598
2024,12187,Tyler Lockett,WR,55,13971
2024,14833,Jerry Jeudy,WR,56,19201
2024,13154,Mike Williams,WR,57,16377
2024,11674,Brandin Cooks,WR,58,12122
2024,14845,Gabe Davis,WR,59,19398
2024,16626,Adonai Mitchell,WR,60,24357
2024,16080,Rashid Shaheed,WR,61,24687
2024,16195,Dontayvion Wicks,WR,62,24354
2024,11938,Adam Thielen,WR,63,13429
2024,14974,Darnell Mooney,WR,64,19810
2024,16639,Xavier Legette,WR,65,26136
2024,16631,Ja'Lynn Polk,WR,66,26205
2024,16187,Josh Downs,WR,67,24706
2024,16206,Michael Wilson,WR,68,25333
2024,15755,Jahan Dotson,WR,69,23101
2024,16188,Quentin Johnston,WR,70,23123
2024,16342,DeMario Douglas,WR,71,25304
2024,16632,Jermaine Burton,WR,72,22956
2024,16619,Troy Franklin,WR,73,23092
2024,16635,Luke McCaffrey,WR,74,26328
2024,16622,Ricky Pearsall,WR,75,26214
2024,16189,Marvin Mims Jr.,WR,76,23080
2024,15757,Wan'Dale Robinson,WR,77,22985
2024,16629,Roman Wilson,WR,78,26160
2024,15293,Rashod Bateman,WR,79,19794
2024,14108,Greg Dortch,WR,80,18585
2024,16628,Jalen McMillan,WR,81,23179
2024,12785,Demarcus Robinson,WR,82,15665
2024,12650,Tyler Boyd,WR,83,15547
2024,15788,Jalen Tolbert,WR,84,23770
2024,15292,Dyami Brown,WR,85,20113
2024,16636,Malachi Corley,WR,86,26023
2024,14122,Darius Slayton,WR,87,18706
2024,16207,Andrei Iosivas,WR,88,25335
2024,16183,Jalin Hyatt,WR,89,25251
2024,13668,DJ Chark Jr.,WR,90,17292
2024,16637,Javon Baker,WR,91,22885
2024,11679,Odell Beckham Jr.,WR,92,12127
2024,16633,Jordan Whittington,WR,93,23135
2024,16684,Malik Washington,WR,94,26314
2024,15777,Calvin Austin III,WR,95,23739
2024,16623,Brenden Rice,WR,96,26213
2024,13172,Noah Brown,WR,97,16443
2024,15288,Elijah Moore,WR,98,20114
2024,16287,Tre Tucker,WR,99,25337
2024,15752,Treylon Burks,WR,100,22905
2024,16621,Devontez Walker,WR,101,26011
2024,13176,Zay Jones,WR,102,16431
2024,14858,Van Jefferson,WR,103,19483
2024,13418,Kendrick Bourne,WR,104,17066
2024,16197,Jonathan Mingo,WR,105,23030
2024,11890,Albert Wilson,WR,106,12338
2024,14977,K.J. Osborn,WR,107,19708
2024,15768,Alec Pierce,WR,108,23791
2024,12177,Kevin White,WR,109,13899
2024,15786,Jalen Nailor,WR,110,24177
2024,,Zay Malone,WR,111,25647
2024,13168,Josh Reynolds,WR,112,16439
2024,,Anthony Johnson,WR,113,25539
2024,16196,A.T. Perry,WR,114,24353
2024,11244,Travis Kelce,TE,1,11594
2024,16214,Sam LaPorta,TE,2,22978
2024,13671,Mark Andrews,TE,3,17269
2024,15794,Trey McBride,TE,4,22936
2024,16213,Dalton Kincaid,TE,5,25247
2024,13299,George Kittle,TE,6,16499
2024,15329,Kyle Pitts Sr.,TE,7,20164
2024,13189,Evan Engram,TE,8,16411
2024,15799,Jake Ferguson,TE,9,22718
2024,13192,David Njoku,TE,10,16399
2024,16641,Brock Bowers,TE,11,22955
2024,13674,Dallas Goedert,TE,12,17270
2024,13772,Dalton Schultz,TE,13,17349
2024,14138,T.J. Hockenson,TE,14,18290
2024,14867,Cole Kmet,TE,15,19229
2024,15331,Pat Freiermuth,TE,16,20163
2024,16215,Luke Musgrave,TE,17,25282
2024,15798,Isaiah Likely,TE,18,23781
2024,12676,Hunter Henry,TE,19,15561
2024,13675,Tyler Conklin,TE,20,17598
2024,13424,Taysom Hill,TE,21,17115
2024,11247,Zach Ertz,TE,22,11689
2024,15802,Cade Otton,TE,23,23181
2024,15889,Chig Okonkwo,TE,24,23982
2024,16644,Ben Sinnott,TE,25,26310
2024,13193,Jonnu Smith,TE,26,16460
2024,14137,Noah Fant,TE,27,17527
2024,14861,Juwan Johnson,TE,28,19562
2024,16643,Ja'Tavion Sanders,TE,29,24334
2024,13672,Mike Gesicki,TE,30,17272
2024,16649,Theo Johnson,TE,31,23104
2024,15797,Greg Dulcich,TE,32,23153
2024,13680,Hayden Hurst,TE,33,17283
2024,14871,Colby Parkinson,TE,34,19372
2024,14143,Dawson Knox,TE,35,18631
2024,,Leroy Watson IV,TE,36,24675
2024,15873,Daniel Bellinger,TE,37,24238
2024,16222,Tucker Kraft,TE,38,25298
2024,16212,Michael Mayer,TE,39,23056
2024,13188,O.J. Howard,TE,40,16380
2024,14356,Nick Keizer,TE,41,18054
2024,13246,Mo Alie-Cox,TE,42,16579
2024,6997,Jason Witten,TE,43,9275
2024,8247,Vernon Davis,TE,44,9621
2025,13589,Josh Allen,QB,1,17298
2025,13593,Lamar Jackson,QB,2,17233
2025,16581,Jayden Daniels,QB,3,22902
2025,14783,Jalen Hurts,QB,4,19275
2025,14777,Joe Burrow,QB,5,19196
2025,13116,Patrick Mahomes II,QB,6,16413
2025,13590,Baker Mayfield,QB,7,17237
2025,16582,Bo Nix,QB,8,22910
2025,14056,Kyler Murray,QB,9,18600
2025,15698,Brock Purdy,QB,10,19797
2025,12620,Dak Prescott,QB,11,15600
2025,12611,Jared Goff,QB,12,15501
2025,15238,Justin Fields,QB,13,19781
2025,14779,Justin Herbert,QB,14,18635
2025,16579,Caleb Williams,QB,15,23084
2025,16580,Drake Maye,QB,16,23046
2025,14782,Jordan Love,QB,17,19246
2025,16150,C.J. Stroud,QB,18,23071
2025,16584,J.J. McCarthy,QB,19,23018
2025,15237,Trevor Lawrence,QB,20,19780
2025,14778,Tua Tagovailoa,QB,21,19198
2025,17030,Cam Ward,QB,22,24755
2025,9431,Matthew Stafford,QB,23,9451
2025,16583,Michael Penix Jr.,QB,24,22973
2025,16148,Bryce Young,QB,25,22900
2025,11150,Geno Smith,QB,26,11687
2025,13592,Sam Darnold,QB,27,17236
2025,7836,Aaron Rodgers,QB,28,9001
2025,10703,Russell Wilson,QB,29,11180
2025,16152,Anthony Richardson Sr.,QB,30,24347
2025,14059,Daniel Jones,QB,31,18232
2025,17032,Jaxson Dart,QB,32,23160
2025,17031,Shedeur Sanders,QB,33,25968
2025,9064,Joe Flacco,QB,34,9300
2025,10700,Kirk Cousins,QB,35,11177
2025,17039,Tyler Shough,QB,36,23096
2025,17033,Jalen Milroe,QB,37,22884
2025,16586,Spencer Rattler,QB,38,23081
2025,12140,Jameis Winston,QB,39,13891
2025,11760,Jimmy Garoppolo,QB,40,12208
2025,13119,Joshua Dobbs,QB,41,16417
2025,13113,Deshaun Watson,QB,42,16398
2025,13595,Mason Rudolph,QB,43,17234
2025,12610,Carson Wentz,QB,44,15520
2025,16585,Joe Milton III,QB,45,25967
2025,15694,Malik Willis,QB,46,23499
2025,17034,Quinn Ewers,QB,47,23680
2025,14067,Gardner Minshew II,QB,48,18562
2025,17037,Dillon Gabriel,QB,49,23150
2025,15692,Kenny Pickett,QB,50,22722
2025,11151,Matt Barkley,QB,51,11686
2025,15702,Tanner McKee,QB,52,24740
2025,13879,Kyle Allen,QB,53,17869
2025,17038,Kyle McCord,QB,54,23066
2025,16441,Tommy DeVito,QB,55,25746
2025,7813,Alex Smith,QB,56,9012
2025,15241,Mac Jones,QB,57,20156
2025,14063,Jarrett Stidham,QB,58,18604
2025,13115,Mitchell Trubisky,QB,59,16381
2025,,Cam Miller,QB,60,27289
2025,14057,Drew Lock,QB,61,18225
2025,15246,Ian Book,QB,62,20159
2025,10273,Cam Newton,QB,63,9869
2025,10696,Robert Griffin III,QB,64,11173
2025,16384,Tyson Bagent,QB,65,25321
2025,12141,Marcus Mariota,QB,66,13890
2025,17036,Will Howard,QB,67,25972
2025,14358,Jake Browning,QB,68,18557
2025,13124,Cooper Rush,QB,69,16477
2025,13968,Nick Mullens,QB,70,16726
2025,10313,Andy Dalton,QB,71,9907
2025,15240,Trey Lance,QB,72,20082
2025,9207,Josh Johnson,QB,73,9326
2025,15693,Sam Howell,QB,74,23045
2025,16158,Dorian Thompson-Robinson,QB,75,20086
2025,16159,Aidan O'Connell,QB,76,24330
2025,10413,Tyrod Taylor,QB,77,10007
2025,12616,Jacoby Brissett,QB,78,15642
2025,15239,Zach Wilson,QB,79,22679
2025,12621,Brandon Allen,QB,80,15745
2025,12815,Nate Sudfeld,QB,81,15833
2025,16153,Stetson Bennett IV,QB,82,23927
2025,15699,Skylar Thompson,QB,83,24170
2025,16151,Hendon Hooker,QB,84,24332
2025,10948,Case Keenum,QB,85,11425
2025,11640,Teddy Bridgewater,QB,86,12088
2025,12381,Trevor Siemian,QB,87,14142
2025,12476,Taylor Heinicke,QB,88,13932
2025,13873,Tim Boyle,QB,89,17801
2025,14789,Tyler Huntley,QB,90,19297
2025,15008,Ben DiNucci,QB,91,19827
2025,14792,Bryce Perkins,QB,92,19415
2025,15252,Davis Mills,QB,93,22799
2025,15250,Sam Ehlinger,QB,94,19803
2025,15242,Kyle Trask,QB,95,19800
2025,15697,Desmond Ridder,QB,96,20080
2025,16156,Jake Haener,QB,97,24728
2025,16591,Devin Leary,QB,98,24698
2025,,Emory Jones,QB,99,22946
2025,16804,Austin Reed,QB,100,26383
2025,,Tanner Mordecai,QB,101,25228
2025,,Sam Hartman,QB,102,24340
2025,17227,Graham Mertz,QB,103,23186
2025,17035,Riley Leonard,QB,104,25373
2025,17282,Max Brosmer,QB,105,27580
2025,,Ben Wooldridge,QB,106,27799
2025,17040,Brady Cook,QB,107,27161
2025,17308,DJ Uiagalelei,QB,108,22932
2025,13598,Mike White,QB,109,17447
2025,13846,Logan Woodside,QB,110,17239
2025,15035,John Wolford,QB,111,18185
2025,14062,Will Grier,QB,112,18241
2025,14065,Brett Rypien,QB,113,18323
2025,14069,Easton Stick,QB,114,18446
2025,15248,Shane Buechele,QB,115,19376
2025,15696,Bailey Zappe,QB,116,24027
2025,15948,Chris Oladokun,QB,117,24575
2025,16313,Sean Clifford,QB,118,20073
2025,,Dresser Winn,QB,119,25628
2025,16160,Clayton Tune,QB,120,25227
2025,16868,Adrian Martinez,QB,121,23040
2025,16588,Michael Pratt,QB,122,25226
2025,,Jack Plummer,QB,123,26386
2025,,Jason Bean,QB,124,26387
2025,16682,Kedon Slovis,QB,125,23166
2025,16882,Carter Bradley,QB,126,26384
2025,,Payton Thorne,QB,127,27436
2025,,Taylor Elgersma,QB,128,27435
2025,17283,Seth Henigan,QB,129,25371
2025,17294,Hunter Dekkers,QB,130,27929
2025,17041,Kurtis Rourke,QB,131,27129
2025,,Connor Bazelak,QB,132,27585
2025,13604,Saquon Barkley,RB,1,17240
2025,16161,Bijan Robinson,RB,2,23133
2025,16162,Jahmyr Gibbs,RB,3,22968
2025,12626,Derrick Henry,RB,4,15514
2025,13130,Christian McCaffrey,RB,5,16393
2025,17042,Ashton Jeanty,RB,6,25989
2025,14073,Josh Jacobs,RB,7,18269
2025,16598,Bucky Irving,RB,8,25981
2025,14802,Jonathan Taylor,RB,9,19217
2025,16167,De'Von Achane,RB,10,23136
2025,16181,Chase Brown,RB,11,25324
2025,15710,Kyren Williams,RB,12,23059
2025,15715,James Cook III,RB,13,22958
2025,17044,Omarion Hampton,RB,14,25395
2025,13132,Alvin Kamara,RB,15,16421
2025,15708,Breece Hall,RB,16,22982
2025,15711,Kenneth Walker III,RB,17,23021
2025,13146,James Conner,RB,18,16447
2025,15261,Chuba Hubbard,RB,19,19792
2025,17043,TreVeyon Henderson,RB,20,23065
2025,17068,RJ Harvey,RB,21,27142
2025,14797,D'Andre Swift,RB,22,19210
2025,14071,David Montgomery,RB,23,18239
2025,15749,Isiah Pacheco,RB,24,24333
2025,14085,Tony Pollard,RB,25,18705
2025,13319,Aaron Jones Sr.,RB,26,16673
2025,16747,Tyrone Tracy Jr.,RB,27,22980
2025,17048,Kaleb Johnson,RB,28,27165
2025,13131,Joe Mixon,RB,29,16420
2025,15742,Jaylen Warren,RB,30,24209
2025,15972,Jordan Mason,RB,31,22969
2025,15253,Travis Etienne Jr.,RB,32,19231
2025,16169,Zach Charbonnet,RB,33,23152
2025,16164,Tank Bigsby,RB,34,22908
2025,17051,Quinshon Judkins,RB,35,25391
2025,15256,Javonte Williams,RB,36,22739
2025,14800,J.K. Dobbins,RB,37,19245
2025,17045,Cam Skattebo,RB,38,27166
2025,15259,Rhamondre Stevenson,RB,39,22726
2025,15716,Brian Robinson Jr.,RB,40,20094
2025,15254,Najee Harris,RB,41,19302
2025,13610,Nick Chubb,RB,42,17246
2025,17069,Jaydon Blue,RB,43,24344
2025,17256,Jacory Croskey-Merritt,RB,44,27316
2025,16596,Braelon Allen,RB,45,24346
2025,15721,Rachaad White,RB,46,23891
2025,17052,Bhayshul Tuten,RB,47,27297
2025,15713,Jerome Ford,RB,48,22921
2025,16594,Trey Benson,RB,49,25388
2025,16603,Ray Davis,RB,50,26191
2025,16165,Tyjae Spears,RB,51,25323
2025,17047,Dylan Sampson,RB,52,27102
2025,14823,Rico Dowdle,RB,53,19647
2025,17059,Ollie Gordon II,RB,54,25984
2025,15712,Tyler Allgeier,RB,55,24172
2025,16688,Isaac Guerendo,RB,56,26392
2025,16175,Roschon Johnson,RB,57,25322
2025,16171,Kendre Miller,RB,58,24360
2025,17058,Tahj Brooks,RB,59,26212
2025,17066,Kyle Monangai,RB,60,27131
2025,14086,Justice Hill,RB,61,18256
2025,16604,MarShawn Lloyd,RB,62,23118
2025,16593,Blake Corum,RB,63,23013
2025,13138,Kareem Hunt,RB,64,16425
2025,12447,Raheem Mostert,RB,65,14338
2025,16610,Jaylen Wright,RB,66,25987
2025,17053,Woody Marks,RB,67,27520
2025,16601,Will Shipley,RB,68,22930
2025,17060,DJ Giddens,RB,69,27097
2025,17049,Brashard Smith,RB,70,27259
2025,17064,Jarquez Hunter,RB,71,24335
2025,16178,Keaton Mitchell,RB,72,25360
2025,14079,Miles Sanders,RB,73,18283
2025,17046,Devin Neal,RB,74,23682
2025,16174,Chris Rodriguez Jr.,RB,75,22986
2025,17055,Jordan James,RB,76,27310
2025,16390,Jaleel McLaughlin,RB,77,25876
2025,17056,Trevor Etienne,RB,78,25393
2025,15717,Dameon Pierce,RB,79,22947
2025,15263,Elijah Mitchell,RB,80,22813
2025,14080,Devin Singletary,RB,81,18280
2025,16166,Sean Tucker,RB,82,23679
2025,15255,Kenny Gainwell,RB,83,23310
2025,16595,Audric Estime,RB,84,23054
2025,14852,Antonio Gibson,RB,85,19624
2025,14798,Zack Moss,RB,86,19263
2025,16432,Emanuel Wilson,RB,87,25885
2025,14805,AJ Dillon,RB,88,19358
2025,15271,Khalil Herbert,RB,89,22763
2025,17054,Damien Martinez,RB,90,25976
2025,13133,Samaje Perine,RB,91,16423
2025,14095,Ty Johnson,RB,92,18406
2025,15281,Ja'Marr Chase,WR,1,19788
2025,14836,Justin Jefferson,WR,2,19236
2025,14832,CeeDee Lamb,WR,3,19202
2025,16615,Malik Nabers,WR,4,25409
2025,15287,Amon-Ra St. Brown,WR,5,19799
2025,15290,Nico Collins,WR,6,20130
2025,16211,Puka Nacua,WR,7,23180
2025,16618,Brian Thomas Jr.,WR,8,23000
2025,15751,Drake London,WR,9,23163
2025,14104,A.J. Brown,WR,10,18218
2025,16627,Ladd McConkey,WR,11,26122
2025,14835,Tee Higgins,WR,12,19211
2025,12801,Tyreek Hill,WR,13,15802
2025,16185,Jaxon Smith-Njigba,WR,14,23070
2025,14109,Terry McLaurin,WR,15,18466
2025,11671,Mike Evans,WR,16,12119
2025,11675,Davante Adams,WR,17,12123
2025,16614,Marvin Harrison Jr.,WR,18,23064
2025,15753,Garrett Wilson,WR,19,23072
2025,14102,DK Metcalf,WR,20,18219
2025,13630,Courtland Sutton,WR,21,17253
2025,13635,DJ Moore,WR,22,17265
2025,16620,Xavier Worthy,WR,23,23019
2025,15282,DeVonta Smith,WR,24,19222
2025,15756,Jameson Williams,WR,25,23677
2025,17071,Tetairoa McMillan,WR,26,25417
2025,16190,Zay Flowers,WR,27,22916
2025,15762,George Pickens,WR,28,22963
2025,13629,Calvin Ridley,WR,29,17258
2025,16194,Rashee Rice,WR,30,23113
2025,14833,Jerry Jeudy,WR,31,19201
2025,17074,Travis Hunter,WR,32,26034
2025,15284,Jaylen Waddle,WR,33,19790
2025,16622,Ricky Pearsall,WR,34,26214
2025,14136,Deebo Samuel Sr.,WR,35,18244
2025,15754,Chris Olave,WR,36,20111
2025,16616,Rome Odunze,WR,37,25411
2025,16186,Jordan Addison,WR,38,23107
2025,17081,Emeka Egbuka,WR,39,23062
2025,17075,Matthew Golden,WR,40,26024
2025,14127,Jakobi Meyers,WR,41,18598
2025,12186,Stefon Diggs,WR,42,13981
2025,13164,Cooper Kupp,WR,43,16433
2025,13163,Chris Godwin Jr.,WR,44,16406
2025,15761,Khalil Shakir,WR,45,23748
2025,14842,Michael Pittman Jr.,WR,46,19278
2025,16184,Jayden Reed,WR,47,23020
2025,14860,Jauan Jennings,WR,48,19590
2025,16617,Keon Coleman,WR,49,26019
2025,14974,Darnell Mooney,WR,50,19810
2025,16187,Josh Downs,WR,51,24706
2025,14840,Brandon Aiyuk,WR,52,19252
2025,16080,Rashid Shaheed,WR,53,24687
2025,13633,Christian Kirk,WR,54,17268
2025,16189,Marvin Mims Jr.,WR,55,23080
2025,17083,Jayden Higgins,WR,56,27077
2025,15293,Rashod Bateman,WR,57,19794
2025,11222,Keenan Allen,WR,58,11616
2025,17070,Luther Burden III,WR,59,27016
2025,11938,Adam Thielen,WR,60,13429
2025,15779,Romeo Doubs,WR,61,23794
2025,15768,Alec Pierce,WR,62,23791
2025,16188,Quentin Johnston,WR,63,23123
2025,17072,Tre' Harris,WR,64,26215
2025,14105,Hollywood Brown,WR,65,18226
2025,16191,Cedric Tillman,WR,66,25287
2025,11232,DeAndre Hopkins,WR,67,11606
2025,16639,Xavier Legette,WR,68,26136
2025,17134,Kyle Williams,WR,69,27487
2025,15757,Wan'Dale Robinson,WR,70,22985
2025,17078,Jack Bech,WR,71,27224
2025,15319,Joshua Palmer,WR,72,22845
2025,16342,DeMario Douglas,WR,73,25304
2025,17157,Isaac TeSlaa,WR,74,27446
2025,17082,Pat Bryant,WR,75,27211
2025,16628,Jalen McMillan,WR,76,23179
2025,17087,Dont'e Thornton Jr.,WR,77,27288
2025,17080,Jaylin Noel,WR,78,27122
2025,17098,Tory Horton,WR,79,26022
2025,17073,Elic Ayomanor,WR,80,27059
2025,16206,Michael Wilson,WR,81,25333
2025,16629,Roman Wilson,WR,82,26160
2025,17086,Jalen Royals,WR,83,27076
2025,12187,Tyler Lockett,WR,84,13971
2025,14122,Darius Slayton,WR,85,18706
2025,16195,Dontayvion Wicks,WR,86,24354
2025,15777,Calvin Austin III,WR,87,23739
2025,16619,Troy Franklin,WR,88,23092
2025,16809,Jalen Coker,WR,89,26403
2025,14592,Olamide Zaccheaus,WR,90,18864
2025,16626,Adonai Mitchell,WR,91,24357
2025,15292,Dyami Brown,WR,92,20113
2025,13641,Ray-Ray McCloud III,WR,93,17530
2025,16207,Andrei Iosivas,WR,94,25335
2025,17184,Jaylin Lane,WR,95,27454
2025,17269,Efton Chism III,WR,96,27445
2025,16193,Kayshon Boutte,WR,97,22989
2025,17077,Xavier Restrepo,WR,98,27066
2025,14208,Diontae Johnson,WR,99,18615
2025,11674,Brandin Cooks,WR,100,12122
2025,16633,Jordan Whittington,WR,101,23135
2025,16684,Malik Washington,WR,102,26314
2025,15788,Jalen Tolbert,WR,103,23770
2025,15789,Christian Watson,WR,104,23886
2025,15301,Tutu Atwell,WR,105,20126
2025,17076,Isaiah Bond,WR,106,24371
2025,13793,Marquez Valdes-Scantling,WR,107,17528
2025,16287,Tre Tucker,WR,108,25337
2025,13157,Curtis Samuel,WR,109,16434
2025,17205,KeAndre Lambert-Smith,WR,110,24372
2025,16641,Brock Bowers,TE,1,22955
2025,15794,Trey McBride,TE,2,22936
2025,13299,George Kittle,TE,3,16499
2025,16214,Sam LaPorta,TE,4,22978
2025,11244,Travis Kelce,TE,5,11594
2025,14138,T.J. Hockenson,TE,6,18290
2025,13671,Mark Andrews,TE,7,17269
2025,13189,Evan Engram,TE,8,16411
2025,17102,Tyler Warren,TE,9,26434
2025,13192,David Njoku,TE,10,16399
2025,16222,Tucker Kraft,TE,11,25298
2025,17104,Colston Loveland,TE,12,26006
2025,16213,Dalton Kincaid,TE,13,25247
2025,13193,Jonnu Smith,TE,14,16460
2025,15799,Jake Ferguson,TE,15,22718
2025,13674,Dallas Goedert,TE,16,17270
2025,15329,Kyle Pitts Sr.,TE,17,20164
2025,11247,Zach Ertz,TE,18,11689
2025,12676,Hunter Henry,TE,19,15561
2025,15798,Isaiah Likely,TE,20,23781
2025,16269,Brenton Strange,TE,21,25345
2025,17106,Mason Taylor,TE,22,26005
2025,15802,Cade Otton,TE,23,23181
2025,12263,Darren Waller,TE,24,14104
2025,15889,Chig Okonkwo,TE,25,23982
2025,13672,Mike Gesicki,TE,26,17272
2025,15331,Pat Freiermuth,TE,27,20163
2025,13772,Dalton Schultz,TE,28,17349
2025,16643,Ja'Tavion Sanders,TE,29,24334
2025,17108,Elijah Arroyo,TE,30,23004
2025,17107,Terrance Ferguson,TE,31,23091
2025,16649,Theo Johnson,TE,32,23104
2025,14861,Juwan Johnson,TE,33,19562
2025,17103,Harold Fannin Jr.,TE,34,27050
2025,14867,Cole Kmet,TE,35,19229
2025,13675,Tyler Conklin,TE,36,17598
2025,15337,Noah Gray,TE,37,19539
2025,12678,Tyler Higbee,TE,38,15623
2025,13424,Taysom Hill,TE,39,17115
2025,14137,Noah Fant,TE,40,17527
2025,17099,Oronde Gadsden II,TE,41,25997
2025,16644,Ben Sinnott,TE,42,26310
2026,13589,Josh Allen,QB,1,17298
2026,13593,Lamar Jackson,QB,2,17233
2026,14777,Joe Burrow,QB,3,19196
2026,16581,Jayden Daniels,QB,4,22902
2026,16580,Drake Maye,QB,5,23046
2026,16579,Caleb Williams,QB,6,23084
2026,14783,Jalen Hurts,QB,7,19275
2026,12620,Dak Prescott,QB,8,15600
2026,14779,Justin Herbert,QB,9,18635
2026,15237,Trevor Lawrence,QB,10,19780
2026,13116,Patrick Mahomes II,QB,11,16413
2026,17032,Jaxson Dart,QB,12,23160
2026,15698,Brock Purdy,QB,13,19797
2026,9431,Matthew Stafford,QB,14,9451
2026,16582,Bo Nix,QB,15,22910
2026,12611,Jared Goff,QB,16,15501
2026,14056,Kyler Murray,QB,17,18600
2026,14782,Jordan Love,QB,18,19246
2026,13590,Baker Mayfield,QB,19,17237
2026,17039,Tyler Shough,QB,20,23096
2026,15694,Malik Willis,QB,21,23499
2026,17030,Cam Ward,QB,22,24755
2026,13592,Sam Darnold,QB,23,17236
2026,16150,C.J. Stroud,QB,24,23071
2026,14059,Daniel Jones,QB,25,18232
2026,16148,Bryce Young,QB,26,22900
2026,,Fernando Mendoza,QB,27,28013
2026,7836,Aaron Rodgers,QB,28,9001
2026,11150,Geno Smith,QB,29,11687
2026,12616,Jacoby Brissett,QB,30,15642
2026,14778,Tua Tagovailoa,QB,31,19198
2026,13113,Deshaun Watson,QB,32,16398
2026,16583,Michael Penix Jr.,QB,33,22973
2026,17031,Shedeur Sanders,QB,34,25968
2026,10700,Kirk Cousins,QB,35,11177
2026,,Carson Beck,QB,36,22953
2026,16584,J.J. McCarthy,QB,37,23018
2026,15238,Justin Fields,QB,38,19781
2026,16152,Anthony Richardson Sr.,QB,39,24347
2026,9064,Joe Flacco,QB,40,9300
2026,15241,Mac Jones,QB,41,20156
2026,,Cade Klubnik,QB,42,24361
2026,12140,Jameis Winston,QB,43,13891
2026,,Ty Simpson,QB,44,25368
2026,16384,Tyson Bagent,QB,45,25321
2026,16585,Joe Milton III,QB,46,25967
2026,,Taylen Green,QB,47,28094
2026,17036,Will Howard,QB,48,25972
2026,17033,Jalen Milroe,QB,49,22884
2026,12141,Marcus Mariota,QB,50,13890
2026,10413,Tyrod Taylor,QB,51,10007
2026,13115,Mitchell Trubisky,QB,52,16381
2026,10313,Andy Dalton,QB,53,9907
2026,16162,Jahmyr Gibbs,RB,1,22968
2026,16161,Bijan Robinson,RB,2,23133
2026,14802,Jonathan Taylor,RB,3,19217
2026,13130,Christian McCaffrey,RB,4,16393
2026,17042,Ashton Jeanty,RB,5,25989
2026,15715,James Cook III,RB,6,22958
2026,13604,Saquon Barkley,RB,7,17240
2026,17044,Omarion Hampton,RB,8,25395
2026,16167,De'Von Achane,RB,9,23136
2026,15711,Kenneth Walker III,RB,10,23021
2026,16181,Chase Brown,RB,11,25324
2026,12626,Derrick Henry,RB,12,15514
2026,,Jeremiyah Love,RB,13,25403
2026,15708,Breece Hall,RB,14,22982
2026,15253,Travis Etienne Jr.,RB,15,19231
2026,15710,Kyren Williams,RB,16,23059
2026,15256,Javonte Williams,RB,17,22739
2026,14073,Josh Jacobs,RB,18,18269
2026,17045,Cam Skattebo,RB,19,27166
2026,14071,David Montgomery,RB,20,18239
2026,17043,TreVeyon Henderson,RB,21,23065
2026,14797,D'Andre Swift,RB,22,19210
2026,16598,Bucky Irving,RB,23,25981
2026,17051,Quinshon Judkins,RB,24,25391
2026,17052,Bhayshul Tuten,RB,25,27297
2026,,Jadarian Price,RB,26,27329
2026,15261,Chuba Hubbard,RB,27,19792
2026,15259,Rhamondre Stevenson,RB,28,22726
2026,15742,Jaylen Warren,RB,29,24209
2026,14085,Tony Pollard,RB,30,18705
2026,17068,RJ Harvey,RB,31,27142
2026,14823,Rico Dowdle,RB,32,19647
2026,17066,Kyle Monangai,RB,33,27131
2026,16593,Blake Corum,RB,34,23013
2026,14800,J.K. Dobbins,RB,35,19245
2026,15255,Kenny Gainwell,RB,36,23310
2026,16597,Jonathon Brooks,RB,37,26148
2026,15721,Rachaad White,RB,38,23891
2026,13319,Aaron Jones Sr.,RB,39,16673
2026,17256,Jacory Croskey-Merritt,RB,40,27316
2026,15972,Jordan Mason,RB,41,22969
2026,16174,Chris Rodriguez Jr.,RB,42,22986
2026,16747,Tyrone Tracy Jr.,RB,43,22980
2026,16178,Keaton Mitchell,RB,44,25360
2026,17053,Woody Marks,RB,45,27520
2026,15749,Isiah Pacheco,RB,46,24333
2026,,Jonah Coleman,RB,47,27320
2026,16169,Zach Charbonnet,RB,48,23152
2026,15712,Tyler Allgeier,RB,49,24172
2026,16165,Tyjae Spears,RB,50,25323
2026,15716,Brian Robinson Jr.,RB,51,20094
2026,16164,Tank Bigsby,RB,52,22908
2026,17047,Dylan Sampson,RB,53,27102
2026,16166,Sean Tucker,RB,54,23679
2026,13132,Alvin Kamara,RB,55,16421
2026,,Nicholas Singleton,RB,56,24343
2026,,Emmett Johnson,RB,57,28107
2026,,Mike Washington Jr.,RB,58,28108
2026,,Kaytron Allen,RB,59,24362
2026,16603,Ray Davis,RB,60,26191
2026,16596,Braelon Allen,RB,61,24346
2026,16604,MarShawn Lloyd,RB,62,23118
2026,17069,Jaydon Blue,RB,63,24344
2026,17055,Jordan James,RB,64,27310
2026,16608,George Holani,RB,65,22915
2026,,Demond Claiborne,RB,66,28084
2026,14086,Justice Hill,RB,67,18256
2026,,Kaelon Black,RB,68,28401
2026,16757,Kimani Vidal,RB,69,26355
2026,13146,James Conner,RB,70,16447
2026,16432,Emanuel Wilson,RB,71,25885
2026,13133,Samaje Perine,RB,72,16423
2026,17061,LeQuint Allen Jr.,RB,73,27285
2026,16610,Jaylen Wright,RB,74,25987
2026,17060,DJ Giddens,RB,75,27097
2026,,Adam Randall,RB,76,24367
2026,16387,Chris Brooks,RB,77,25823
2026,15738,Malik Davis,RB,78,24205
2026,14095,Ty Johnson,RB,79,18406
2026,17059,Ollie Gordon II,RB,80,25984
2026,15254,Najee Harris,RB,81,19302
2026,16385,Emari Demercado,RB,82,25654
2026,16594,Trey Benson,RB,83,25388
2026,17058,Tahj Brooks,RB,84,26212
2026,17063,Phil Mafah,RB,85,22928
2026,17048,Kaleb Johnson,RB,86,27165
2026,17056,Trevor Etienne,RB,87,25393
2026,,Eli Heidenreich,RB,88,28297
2026,16752,Isaiah Davis,RB,89,25977
2026,13131,Joe Mixon,RB,90,16420
2026,14852,Antonio Gibson,RB,91,19624
2026,17046,Devin Neal,RB,92,23682
2026,,Seth McGowan,RB,93,23079
2026,,J'Mari Taylor,RB,94,28109
2026,14080,Devin Singletary,RB,95,18280
2026,15713,Jerome Ford,RB,96,22921
2026,16746,Rasheen Ali,RB,97,25983
2026,16601,Will Shipley,RB,98,22930
2026,16595,Audric Estime,RB,99,23054
2026,16688,Isaac Guerendo,RB,100,26392
2026,,Jam Miller,RB,101,27326
2026,17049,Brashard Smith,RB,102,27259
2026,,Jaydn Ott,RB,103,25394
2026,17064,Jarquez Hunter,RB,104,24335
2026,13404,Austin Ekeler,RB,105,16483
2026,15281,Ja'Marr Chase,WR,1,19788
2026,16211,Puka Nacua,WR,2,23180
2026,16185,Jaxon Smith-Njigba,WR,3,23070
2026,15287,Amon-Ra St. Brown,WR,4,19799
2026,14832,CeeDee Lamb,WR,5,19202
2026,14836,Justin Jefferson,WR,6,19236
2026,15751,Drake London,WR,7,23163
2026,14104,A.J. Brown,WR,8,18218
2026,15290,Nico Collins,WR,9,20130
2026,15762,George Pickens,WR,10,22963
2026,15282,DeVonta Smith,WR,11,19222
2026,16194,Rashee Rice,WR,12,23113
2026,15754,Chris Olave,WR,13,20111
2026,16615,Malik Nabers,WR,14,25409
2026,16190,Zay Flowers,WR,15,22916
2026,14835,Tee Higgins,WR,16,19211
2026,16627,Ladd McConkey,WR,17,26122
2026,17071,Tetairoa McMillan,WR,18,25417
2026,15753,Garrett Wilson,WR,19,23072
2026,17081,Emeka Egbuka,WR,20,23062
2026,17070,Luther Burden III,WR,21,27016
2026,11671,Mike Evans,WR,22,12119
2026,14109,Terry McLaurin,WR,23,18466
2026,15284,Jaylen Waddle,WR,24,19790
2026,15756,Jameson Williams,WR,25,23677
2026,11675,Davante Adams,WR,26,12123
2026,13635,DJ Moore,WR,27,17265
2026,15789,Christian Watson,WR,28,23886
2026,16616,Rome Odunze,WR,29,25411
2026,,Carnell Tate,WR,30,26009
2026,16618,Brian Thomas Jr.,WR,31,23000
2026,,Jordyn Tyson,WR,32,26035
2026,16614,Marvin Harrison Jr.,WR,33,23064
2026,16192,Parker Washington,WR,34,23106
2026,,Makai Lemon,WR,35,25420
2026,14102,DK Metcalf,WR,36,18219
2026,15768,Alec Pierce,WR,37,23791
2026,16188,Quentin Johnston,WR,38,23123
2026,13630,Courtland Sutton,WR,39,17253
2026,16184,Jayden Reed,WR,40,23020
2026,16186,Jordan Addison,WR,41,23107
2026,13163,Chris Godwin Jr.,WR,42,16406
2026,16187,Josh Downs,WR,43,24706
2026,16206,Michael Wilson,WR,44,25333
2026,16620,Xavier Worthy,WR,45,23019
2026,14127,Jakobi Meyers,WR,46,18598
2026,16622,Ricky Pearsall,WR,47,26214
2026,14842,Michael Pittman Jr.,WR,48,19278
2026,17075,Matthew Golden,WR,49,26024
2026,15757,Wan'Dale Robinson,WR,50,22985
2026,15779,Romeo Doubs,WR,51,23794
2026,,KC Concepcion,WR,52,27331
2026,17083,Jayden Higgins,WR,53,27077
2026,15761,Khalil Shakir,WR,54,23748
2026,16809,Jalen Coker,WR,55,26403
2026,12186,Stefon Diggs,WR,56,13981
2026,16080,Rashid Shaheed,WR,57,24687
2026,,Omar Cooper Jr.,WR,58,28127
2026,16628,Jalen McMillan,WR,59,23179
2026,14860,Jauan Jennings,WR,60,19590
2026,15786,Jalen Nailor,WR,61,24177
2026,16287,Tre Tucker,WR,62,25337
2026,,Denzel Boston,WR,63,27339
2026,16778,Ryan Flournoy,WR,64,26398
2026,14136,Deebo Samuel Sr.,WR,65,18244
2026,,Antonio Williams,WR,66,25418
2026,17072,Tre' Harris,WR,67,26215
2026,,De'Zhaun Stribling,WR,68,28138
2026,17157,Isaac TeSlaa,WR,69,27446
2026,,Zachariah Branch,WR,70,25419
2026,14833,Jerry Jeudy,WR,71,19201
2026,16626,Adonai Mitchell,WR,72,24357
2026,,Germie Bernard,WR,73,26039
2026,13629,Calvin Ridley,WR,74,17258
2026,14840,Brandon Aiyuk,WR,75,19252
2026,16204,Tank Dell,WR,76,25361
2026,16684,Malik Washington,WR,77,26314
2026,,Ted Hurst III,WR,78,28130
2026,16195,Dontayvion Wicks,WR,79,24354
2026,14974,Darnell Mooney,WR,80,19810
2026,13164,Cooper Kupp,WR,81,16433
2026,,Elijah Sarratt,WR,82,27463
2026,16619,Troy Franklin,WR,83,23092
2026,17082,Pat Bryant,WR,84,27211
2026,17080,Jaylin Noel,WR,85,27122
2026,12801,Tyreek Hill,WR,86,15802
2026,16193,Kayshon Boutte,WR,87,22989
2026,,Chris Brazzell II,WR,88,28047
2026,,Chris Bell,WR,89,26038
2026,17098,Tory Horton,WR,90,26022
2026,,Malachi Fields,WR,91,27994
2026,16617,Keon Coleman,WR,92,26019
2026,15293,Rashod Bateman,WR,93,19794
2026,13633,Christian Kirk,WR,94,17268
2026,15787,Tyquan Thornton,WR,95,22913
2026,16788,Devaughn Vele,WR,96,26409
2026,,Ja'Kobi Lane,WR,97,27337
2026,,Skyler Bell,WR,98,28126
2026,16207,Andrei Iosivas,WR,99,25335
2026,,Zavion Thomas,WR,100,28132
2026,17171,Chimere Dike,WR,101,27315
2026,14122,Darius Slayton,WR,102,18706
2026,17078,Jack Bech,WR,103,27224
2026,11222,Keenan Allen,WR,104,11616
2026,,Caleb Douglas,WR,105,28135
2026,16621,Devontez Walker,WR,106,26011
2026,15788,Jalen Tolbert,WR,107,23770
2026,,Brenen Thompson,WR,108,28133
2026,17073,Elic Ayomanor,WR,109,27059
2026,17096,Savion Williams,WR,110,27144
2026,16639,Xavier Legette,WR,111,26136
2026,15755,Jahan Dotson,WR,112,23101
2026,11679,Odell Beckham Jr.,WR,113,12127
2026,17134,Kyle Williams,WR,114,27487
2026,14105,Hollywood Brown,WR,115,18226
2026,15752,Treylon Burks,WR,116,22905
2026,15981,KaVontae Turpin,WR,117,18520
2026,,Bryce Lance,WR,118,28129
2026,,Cyrus Allen,WR,119,28424
2026,17076,Isaiah Bond,WR,120,24371
2026,,Kevin Coleman Jr.,WR,121,28067
2026,13418,Kendrick Bourne,WR,122,17066
2026,,CJ Daniels,WR,123,28125
2026,17079,Tez Johnson,WR,124,27147
2026,13066,Kalif Raymond,WR,125,16081
2026,15109,Nick Westbrook-Ikhine,WR,126,19747
2026,15292,Dyami Brown,WR,127,20113
2026,17086,Jalen Royals,WR,128,27076
2026,16633,Jordan Whittington,WR,129,23135
2026,15766,Skyy Moore,WR,130,23905
2026,,Malik Benson,WR,131,26012
2026,13289,Mack Hollins,WR,132,16489
2026,15319,Joshua Palmer,WR,133,22845
2026,16635,Luke McCaffrey,WR,134,26328
2026,14592,Olamide Zaccheaus,WR,135,18864
2026,16189,Marvin Mims Jr.,WR,136,23080
2026,17184,Jaylin Lane,WR,137,27454
2026,16342,DeMario Douglas,WR,138,25304
2026,16201,Xavier Hutchinson,WR,139,25332
2026,15301,Tutu Atwell,WR,140,20126
2026,,Colbie Young,WR,141,26037
2026,14108,Greg Dortch,WR,142,18585
2026,,Deion Burks,WR,143,27093
2026,,Roman Wilson,WR,144,28896
2026,17353,Jahdae Walker,WR,145,27810
2026,14315,Ashton Dulin,WR,146,18656
2026,15777,Calvin Austin III,WR,147,23739
2026,17254,Konata Mumpfield,WR,148,27449
2026,14858,Van Jefferson,WR,149,19483
2026,17087,Dont'e Thornton Jr.,WR,150,27288
2026,13377,Tim Patrick,WR,151,16556
2026,16191,Cedric Tillman,WR,152,25287
2026,16640,Jacob Cowing,WR,153,25289
2026,16631,Ja'Lynn Polk,WR,154,26205
2026,15759,John Metchie III,WR,155,22895
2026,17205,KeAndre Lambert-Smith,WR,156,24372
2026,16630,Isaiah Williams,WR,157,26379
2026,13156,JuJu Smith-Schuster,WR,158,16427
2026,17269,Efton Chism III,WR,159,27445
2026,17097,Tai Felton,WR,160,27182
2026,17333,Darius Cooper,WR,161,27866
2026,,Dillon Bell,WR,162,28140
2026,16625,Johnny Wilson,WR,163,25295
2026,,Jeff Caldwell,WR,164,28425
2026,16641,Brock Bowers,TE,1,22955
2026,15794,Trey McBride,TE,2,22936
2026,17104,Colston Loveland,TE,3,26006
2026,17102,Tyler Warren,TE,4,26434
2026,16222,Tucker Kraft,TE,5,25298
2026,16214,Sam LaPorta,TE,6,22978
2026,17103,Harold Fannin Jr.,TE,7,27050
2026,15329,Kyle Pitts Sr.,TE,8,20164
2026,13299,George Kittle,TE,9,16499
2026,11244,Travis Kelce,TE,10,11594
2026,13671,Mark Andrews,TE,11,17269
2026,15799,Jake Ferguson,TE,12,22718
2026,16213,Dalton Kincaid,TE,13,25247
2026,15798,Isaiah Likely,TE,14,23781
2026,13674,Dallas Goedert,TE,15,17270
2026,17099,Oronde Gadsden II,TE,16,25997
2026,15889,Chig Okonkwo,TE,17,23982
2026,12676,Hunter Henry,TE,18,15561
2026,16269,Brenton Strange,TE,19,25345
2026,14861,Juwan Johnson,TE,20,19562
2026,,Kenyon Sadiq,TE,21,26055
2026,14138,T.J. Hockenson,TE,22,18290
2026,13772,Dalton Schultz,TE,23,17349
2026,16723,AJ Barner,TE,24,26335
2026,17105,Gunnar Helm,TE,25,27109
2026,15797,Greg Dulcich,TE,26,23153
2026,15802,Cade Otton,TE,27,23181
2026,15331,Pat Freiermuth,TE,28,20163
2026,,Eli Stowers,TE,29,23144
2026,17107,Terrance Ferguson,TE,30,23091
2026,13192,David Njoku,TE,31,16399
2026,13672,Mike Gesicki,TE,32,17272
2026,14871,Colby Parkinson,TE,33,19372
2026,16216,Darnell Washington,TE,34,22967
2026,13189,Evan Engram,TE,35,16411
2026,16036,Jake Tonges,TE,36,24778
2026,16212,Michael Mayer,TE,37,23056
2026,16649,Theo Johnson,TE,38,23104
2026,16643,Ja'Tavion Sanders,TE,39,24334
2026,14143,Dawson Knox,TE,40,18631
2026,,Oscar Delp,TE,41,25430
2026,,Eli Raridon,TE,42,28154
2026,17106,Mason Taylor,TE,43,26005
2026,15795,Charlie Kolar,TE,44,22756
2026,17108,Elijah Arroyo,TE,45,23004
2026,14867,Cole Kmet,TE,46,19229
2026,16645,Erick All Jr.,TE,47,23837
2026,,Justin Joly,TE,48,28079
2026,10354,Luke Stocker,TE,49,9948
2026,12317,C.J. Uzomah,TE,50,14084
2026,15337,Noah Gray,TE,51,19539
2026,,Max Klare,TE,52,27993
2026,16215,Luke Musgrave,TE,53,25282
2026,12678,Tyler Higbee,TE,54,15623
2026,,Tanner Koziol,TE,55,27499
2026,,Matt Hibner,TE,56,28168
2026,16644,Ben Sinnott,TE,57,26310
2026,13676,Durham Smythe,TE,58,17508
2026,,Jack Endries,TE,59,27501
2026,16333,Elijah Higgins,TE,60,23119
2026,,Michael Trigg,TE,61,23167
2026,17109,Mitchell Evans,TE,62,27138
2026,15332,Tommy Tremble,TE,63,22795
2026,,Nate Boerkircher,TE,64,28427
2026,14239,Foster Moreau,TE,65,18397
2026,14370,Tanner Hudson,TE,66,17826
2026,12263,Darren Waller,TE,67,14104
2026,,Will Kacmarek,TE,68,28403
2026,15873,Daniel Bellinger,TE,69,24238
2026,,Sam Roush,TE,70,28161
2026,16221,Luke Schoonmaker,TE,71,25267
2026,14209,Josh Oliver,TE,72,18487
2026,16647,Brevyn Spann-Ford,TE,73,26003
2026,14870,Adam Trautman,TE,74,19423
2026,16312,Josh Whyle,TE,75,22923
2026,15330,Brevin Jordan,TE,76,20162
2026,,DJ Rogers,TE,77,28348
2026,13193,Jonnu Smith,TE,78,16460
2026,17253,Caleb Lohner,TE,79,27550
