year,player_id,nominator_fid,winner_fid,winning_bid_dollars,first_bid_at_utc,won_at_utc,duration_hrs_raw,duration_hrs_capped48,total_bids,forced_increases,overtakes,by_commish
2019,10266,0008,0009,2000,2019-08-23 04:45:22,2019-08-24 11:31:47,30.77,30.77,2,0,1,0
2019,10267,0001,0012,4000,2019-08-22 02:55:40,2019-08-24 02:52:10,47.94,47.94,4,2,1,0
2019,10276,0001,0011,50000,2019-08-18 12:24:20,2019-08-23 10:06:22,117.7,48.0,22,12,9,0
2019,10292,0002,0011,6000,2019-08-20 10:38:06,2019-08-22 09:59:23,47.35,47.35,5,2,2,0
2019,10308,0011,0012,4000,2019-08-20 09:38:44,2019-08-22 12:24:50,50.77,48.0,4,1,2,0
2019,10312,0003,0003,8000,2019-08-21 14:59:36,2019-08-23 22:57:53,55.97,48.0,5,1,3,0
2019,10389,0002,0008,7000,2019-08-21 13:17:20,2019-08-23 02:50:41,37.56,37.56,6,2,3,0
2019,10699,0003,0003,2000,2019-08-22 13:25:44,2019-08-23 13:27:01,24.02,24.02,2,1,0,0
2019,10700,0012,0002,6000,2019-08-21 02:11:06,2019-08-22 15:12:56,37.03,37.03,5,0,4,0
2019,10703,0008,0009,15000,2019-08-18 08:05:16,2019-08-20 01:42:46,41.62,41.62,7,2,4,0
2019,10708,0001,0001,11000,2019-08-18 12:24:55,2019-08-19 12:31:46,24.11,24.11,8,7,0,0
2019,10722,0006,0011,26000,2019-08-18 12:47:17,2019-08-21 09:34:16,68.78,48.0,7,2,4,0
2019,10723,0005,0006,6000,2019-08-20 12:17:17,2019-08-22 22:52:15,58.58,48.0,5,1,3,0
2019,10749,0008,0004,3000,2019-08-21 09:44:48,2019-08-22 10:32:36,24.8,24.8,3,1,1,0
2019,10768,0003,0007,7000,2019-08-20 04:02:36,2019-08-21 15:18:44,35.27,35.27,5,2,2,0
2019,10775,0010,0006,14000,2019-08-18 12:05:19,2019-08-20 03:36:43,39.52,39.52,8,3,4,0
2019,10783,0012,0008,2000,2019-08-23 03:37:01,2019-08-24 03:56:53,24.33,24.33,2,0,1,0
2019,10816,0004,0004,5000,2019-08-18 10:21:53,2019-08-21 09:48:48,71.45,48.0,5,1,3,0
2019,10823,0008,0003,3000,2019-08-23 04:44:59,2019-08-25 23:00:13,66.25,48.0,3,0,2,0
2019,10847,0004,0012,4000,2019-08-21 07:05:00,2019-08-24 03:12:05,68.12,48.0,4,0,3,0
2019,10868,0007,0006,4000,2019-08-20 01:18:32,2019-08-21 01:21:35,24.05,24.05,4,2,1,0
2019,10960,0009,0011,16000,2019-08-18 08:05:37,2019-08-19 11:42:24,27.61,27.61,6,4,1,0
2019,10973,0007,0007,3000,2019-08-23 01:38:48,2019-08-24 01:39:42,24.02,24.02,3,2,0,0
2019,10976,0009,0009,2000,2019-08-19 11:32:26,2019-08-20 11:32:30,24.0,24.0,2,1,0,0
2019,11250,0009,0012,4000,2019-08-24 11:42:53,2019-08-26 03:02:41,39.33,39.33,3,1,1,0
2019,11257,0007,0006,16000,2019-08-19 00:19:55,2019-08-21 21:45:18,69.42,48.0,8,2,5,0
2019,11293,0009,0007,3000,2019-08-26 10:24:41,2019-08-28 02:57:35,40.55,40.55,3,1,1,0
2019,11308,0008,0001,2000,2019-08-25 04:17:04,2019-08-27 00:13:06,43.93,43.93,2,0,1,0
2019,11313,0007,0011,3000,2019-08-21 02:20:04,2019-08-22 13:57:11,35.62,35.62,3,1,1,0
2019,11323,0011,0011,3000,2019-08-25 13:14:58,2019-08-26 13:53:44,24.65,24.65,3,0,2,0
2019,11330,0006,0006,3000,2019-08-21 21:03:01,2019-08-22 21:07:42,24.08,24.08,3,2,0,0
2019,11390,0008,0002,19000,2019-08-19 09:05:01,2019-08-20 10:03:13,24.97,24.97,8,6,1,0
2019,11516,0010,0010,6000,2019-08-23 10:11:48,2019-08-24 14:00:46,27.82,27.82,4,1,2,0
2019,11517,0010,0003,4000,2019-08-25 11:14:41,2019-08-27 10:33:55,47.32,47.32,4,0,3,0
2019,11644,0010,0002,2000,2019-08-21 10:05:15,2019-08-22 15:12:56,29.13,29.13,2,0,1,0
2019,11657,0010,0004,2000,2019-08-20 09:49:53,2019-08-21 11:11:51,25.37,25.37,2,0,1,0
2019,11670,0001,0009,15000,2019-08-19 04:11:47,2019-08-20 13:27:39,33.26,33.26,6,2,3,0
2019,11677,0002,0006,11000,2019-08-19 09:59:38,2019-08-21 04:07:55,42.14,42.14,4,1,2,0
2019,11680,0006,0011,33000,2019-08-18 12:51:20,2019-08-22 09:45:29,92.9,48.0,14,7,6,0
2019,11695,0010,0003,8000,2019-08-19 10:08:14,2019-08-21 02:38:35,40.51,40.51,5,2,2,0
2019,11706,0004,0004,7000,2019-08-19 07:19:46,2019-08-20 10:52:43,27.55,27.55,5,2,2,0
2019,11711,0001,0001,2000,2019-08-23 03:30:29,2019-08-24 03:33:05,24.04,24.04,2,1,0,0
2019,11728,0011,0011,7000,2019-08-19 13:13:31,2019-08-21 12:49:10,47.59,47.59,5,1,3,0
2019,11740,0005,0005,5000,2019-08-20 12:16:20,2019-08-22 10:23:11,46.11,46.11,3,0,2,0
2019,11757,0009,0007,20000,2019-08-18 08:06:38,2019-08-19 20:02:00,35.92,35.92,12,8,3,0
2019,11761,0012,0012,10000,2019-08-22 18:20:51,2019-08-24 02:48:36,32.46,32.46,5,2,2,0
2019,11769,0006,0006,6000,2019-08-20 04:07:28,2019-08-21 04:07:55,24.01,24.01,4,3,0,0
2019,11772,0008,0009,3000,2019-08-22 10:04:32,2019-08-23 10:56:49,24.87,24.87,3,1,1,0
2019,11795,0004,0004,3000,2019-08-20 09:47:29,2019-08-21 21:41:53,35.91,35.91,3,0,2,0
2019,11850,0002,0012,7000,2019-08-22 12:29:01,2019-08-24 03:12:05,38.72,38.72,4,0,3,0
2019,11886,0002,0008,50000,2019-08-18 04:05:17,2019-08-19 08:45:34,28.67,28.67,9,7,1,0
2019,11975,0008,0006,3000,2019-08-27 09:27:45,2019-08-29 10:00:25,48.54,48.0,3,1,1,0
2019,11985,0003,0003,2000,2019-08-18 16:35:42,2019-08-19 16:43:53,24.14,24.14,2,1,0,0
2019,12088,0010,0006,6000,2019-08-22 10:33:20,2019-08-24 00:11:51,37.64,37.64,4,0,3,0
2019,12154,0008,0002,4000,2019-08-25 04:17:45,2019-08-26 14:20:07,34.04,34.04,3,1,1,0
2019,12164,0006,0006,2000,2019-08-27 00:22:43,2019-08-28 00:23:14,24.01,24.01,2,1,0,0
2019,12176,0008,0002,4000,2019-08-21 09:42:42,2019-08-22 15:21:29,29.65,29.65,3,1,1,0
2019,12187,0005,0002,46000,2019-08-18 12:00:18,2019-08-20 10:05:34,46.09,46.09,15,6,8,0
2019,12205,0006,0009,6000,2019-08-24 04:33:01,2019-08-25 11:09:44,30.61,30.61,2,0,1,0
2019,12222,0009,0012,3000,2019-08-22 10:53:34,2019-08-23 18:58:18,32.08,32.08,3,1,1,0
2019,12233,0006,0012,5000,2019-08-22 10:57:44,2019-08-24 02:48:36,39.85,39.85,4,2,1,0
2019,12261,0007,0007,2000,2019-08-21 20:56:24,2019-08-22 20:56:25,24.0,24.0,2,1,0,0
2019,12263,0006,0006,6000,2019-08-20 04:01:44,2019-08-21 04:07:55,24.1,24.1,5,4,0,0
2019,12274,0010,0010,4000,2019-08-23 10:10:33,2019-08-24 14:00:46,27.84,27.84,4,1,2,0
2019,12280,0002,0002,6000,2019-08-21 13:16:22,2019-08-22 13:17:47,24.02,24.02,6,5,0,0
2019,12287,0004,0010,3000,2019-08-20 09:46:45,2019-08-21 14:42:40,28.93,28.93,3,0,2,0
2019,12295,0010,0010,2000,2019-08-26 10:14:03,2019-08-27 10:33:55,24.33,24.33,2,1,0,0
2019,12386,0007,0009,4000,2019-08-26 03:37:47,2019-08-27 22:24:08,42.77,42.77,4,2,1,0
2019,12443,0007,0006,3000,2019-08-25 03:09:37,2019-08-26 09:35:43,30.43,30.43,2,0,1,0
2019,12596,0007,0007,2000,2019-08-21 21:19:06,2019-08-22 21:31:09,24.2,24.2,2,1,0,0
2019,12616,0009,0012,4000,2019-08-25 11:30:20,2019-08-27 01:40:26,38.17,38.17,3,1,1,0
2019,12620,0010,0007,9000,2019-08-19 10:19:43,2019-08-22 10:32:36,72.21,48.0,7,2,4,0
2019,12656,0006,0006,5000,2019-08-22 10:55:50,2019-08-23 10:56:49,24.02,24.02,4,3,0,0
2019,12658,0006,0003,25000,2019-08-19 04:06:36,2019-08-21 02:35:59,46.49,46.49,8,4,3,0
2019,12665,0003,0003,9000,2019-08-18 13:59:09,2019-08-19 14:00:25,24.02,24.02,5,4,0,0
2019,12702,0004,0010,5000,2019-08-19 07:20:31,2019-08-20 10:19:12,26.98,26.98,4,2,1,0
2019,12741,0003,0006,14000,2019-08-21 04:07:55,2019-08-25 02:52:01,94.73,48.0,11,4,6,0
2019,12762,0004,0010,2000,2019-08-23 08:11:31,2019-08-24 10:24:56,26.22,26.22,2,0,1,0
2019,12773,0005,0005,3000,2019-08-21 10:21:14,2019-08-22 22:54:00,36.55,36.55,3,0,2,0
2019,12860,0005,0005,3000,2019-08-18 12:01:16,2019-08-19 12:15:00,24.23,24.23,3,2,0,0
2019,12912,0002,0006,5000,2019-08-23 15:41:22,2019-08-25 03:33:27,35.87,35.87,5,1,3,0
2019,12956,0002,0002,2000,2019-08-20 09:31:10,2019-08-21 09:34:16,24.05,24.05,2,1,0,0
2019,12985,0009,0009,7000,2019-08-19 11:31:50,2019-08-20 11:32:30,24.01,24.01,5,4,0,0
2019,13026,0011,0010,2000,2019-08-23 11:20:52,2019-08-24 13:01:19,25.67,25.67,2,0,1,0
2019,13136,0001,0001,2000,2019-08-24 03:58:57,2019-08-25 03:59:02,24.0,24.0,2,1,0,0
2019,13148,0010,0010,3000,2019-08-22 10:32:36,2019-08-23 10:34:05,24.02,24.02,2,1,0,0
2019,13201,0003,0007,5000,2019-08-23 04:05:01,2019-08-25 01:31:23,45.44,45.44,4,2,1,0
2019,13216,0011,0011,3000,2019-08-22 11:25:19,2019-08-23 11:26:35,24.02,24.02,2,1,0,0
2019,13221,0008,0003,2000,2019-08-24 15:07:36,2019-08-25 17:56:29,26.81,26.81,2,0,1,0
2019,13229,0004,0004,3000,2019-08-22 08:14:08,2019-08-24 08:31:15,48.29,48.0,3,0,2,0
2019,13231,0009,0009,2000,2019-08-23 11:18:26,2019-08-24 11:19:40,24.02,24.02,2,1,0,0
2019,13251,0009,0011,11000,2019-08-20 11:19:26,2019-08-23 10:06:22,70.78,48.0,9,2,6,0
2019,13274,0003,0003,5000,2019-08-19 13:03:07,2019-08-21 04:15:05,39.2,39.2,4,1,2,0
2019,13304,0003,0003,2000,2019-08-24 04:29:11,2019-08-25 04:31:39,24.04,24.04,2,1,0,0
2019,13354,0003,0003,2000,2019-08-20 04:15:39,2019-08-21 04:16:06,24.01,24.01,2,1,0,0
2019,13404,0007,0007,21000,2019-08-19 00:19:30,2019-08-20 00:22:16,24.05,24.05,6,5,0,0
2019,13412,0004,0004,3000,2019-08-25 07:54:38,2019-08-26 16:15:03,32.34,32.34,3,0,2,0
2019,13684,0011,0011,4000,2019-08-23 11:21:41,2019-08-25 01:45:46,38.4,38.4,4,1,2,0
2019,13715,0007,0007,3000,2019-08-23 01:35:03,2019-08-24 01:37:15,24.04,24.04,3,2,0,0
2019,13844,0012,0005,2000,2019-08-21 04:15:05,2019-08-22 22:40:18,42.42,42.42,2,0,1,0
2019,13850,0003,0004,3000,2019-08-24 06:54:34,2019-08-25 11:56:38,29.03,29.03,3,1,1,0
2019,13868,0010,0006,2000,2019-08-26 10:16:13,2019-08-27 10:51:08,24.58,24.58,2,0,1,0
2019,13871,0010,0001,4000,2019-08-20 09:47:48,2019-08-22 06:29:01,44.69,44.69,3,1,1,0
2019,14059,0011,0005,3000,2019-08-18 04:04:37,2019-08-20 00:37:03,44.54,44.54,3,0,2,0
2019,14096,0001,0009,4000,2019-08-25 03:59:30,2019-08-26 13:09:47,33.17,33.17,4,2,1,0
2019,14098,0007,0007,4000,2019-08-25 03:11:47,2019-08-26 03:22:43,24.18,24.18,3,2,0,0
2019,14124,0009,0005,5000,2019-08-20 11:32:30,2019-08-21 14:31:00,26.98,26.98,4,1,2,0
2019,14127,0008,0006,7000,2019-08-20 08:54:37,2019-08-21 14:44:09,29.83,29.83,6,2,3,0
2019,14159,0005,0002,4000,2019-08-22 23:00:15,2019-08-24 17:39:15,42.65,42.65,4,1,2,0
2019,14162,0011,0003,2000,2019-08-24 14:27:19,2019-08-26 00:40:54,34.23,34.23,2,0,1,0
2019,14256,0008,0006,3000,2019-08-20 09:48:35,2019-08-22 13:48:09,51.99,48.0,3,0,2,0
2019,14267,0001,0007,5000,2019-08-23 03:30:59,2019-08-25 03:33:27,48.04,48.0,4,2,1,0
2019,5848,0011,0012,20000,2019-08-18 04:02:17,2019-08-21 01:33:48,69.53,48.0,16,10,5,0
2019,6997,0012,0012,3000,2019-08-21 02:10:27,2019-08-22 22:04:35,43.9,43.9,3,0,2,0
2019,7393,0004,0001,12000,2019-08-19 12:55:07,2019-08-22 02:40:43,61.76,48.0,7,2,4,0
2019,7422,0002,0002,2000,2019-08-22 12:30:00,2019-08-23 12:30:10,24.0,24.0,2,1,0,0
2019,7836,0008,0004,18000,2019-08-18 08:05:30,2019-08-19 10:19:43,26.24,26.24,7,4,2,0
2019,7877,0001,0001,3000,2019-08-24 03:53:01,2019-08-25 03:55:42,24.04,24.04,3,2,0,0
2019,8359,0011,0011,3000,2019-08-20 09:30:15,2019-08-21 09:34:16,24.07,24.07,3,2,0,0
2019,8416,0003,0002,9000,2019-08-19 13:00:35,2019-08-20 13:45:27,24.75,24.75,4,2,1,0
2019,8448,0005,0001,3000,2019-08-21 10:21:39,2019-08-22 17:36:39,31.25,31.25,3,0,2,0
2019,8658,0012,0003,8000,2019-08-19 01:06:26,2019-08-22 21:31:09,92.41,48.0,7,2,4,0
2019,8673,0002,0004,3000,2019-08-23 15:42:11,2019-08-25 05:55:53,38.23,38.23,3,0,2,0
2019,8687,0007,0007,3000,2019-08-24 03:14:40,2019-08-25 03:33:27,24.31,24.31,3,2,0,0
2019,9075,0006,0006,7000,2019-08-21 12:23:45,2019-08-22 12:23:53,24.0,24.0,6,5,0,0
2019,9099,0012,0002,10000,2019-08-20 01:34:37,2019-08-21 01:42:52,24.14,24.14,4,2,1,0
2019,9427,0005,0001,4000,2019-08-22 11:22:19,2019-08-24 02:48:36,39.44,39.44,4,2,1,0
2019,9448,0008,0005,11000,2019-08-19 09:05:31,2019-08-21 01:58:06,40.88,40.88,7,3,3,0
2019,9829,0009,0012,3000,2019-08-22 10:54:57,2019-08-24 02:48:36,39.89,39.89,3,1,1,0
2019,9833,0006,0006,4000,2019-08-24 00:30:55,2019-08-25 00:31:00,24.0,24.0,4,3,0,0
2019,9861,0004,0012,2000,2019-08-25 07:56:29,2019-08-27 02:04:26,42.13,42.13,2,0,1,0
2019,9884,0007,0011,6000,2019-08-20 01:16:51,2019-08-23 01:42:24,72.43,48.0,4,0,3,0
2019,9902,0001,0001,4000,2019-08-22 02:01:31,2019-08-23 02:12:10,24.18,24.18,2,1,0,0
2019,9918,0006,0004,18000,2019-08-19 12:59:49,2019-08-21 13:25:50,48.43,48.0,11,5,5,0
2019,9925,0004,0004,5000,2019-08-21 07:06:08,2019-08-22 14:23:26,31.29,31.29,3,0,2,0
2019,9988,0002,0002,79000,2019-08-18 04:02:31,2019-08-19 04:02:31,24.0,24.0,10,9,0,0
2020,10271,0010,0010,50000,2020-08-17 10:25:28,2020-08-18 10:25:29,24.0,24.0,5,4,0,0
2020,10272,0009,0010,4000,2020-08-18 10:28:05,2020-08-19 12:57:16,26.49,26.49,3,1,1,0
2020,10273,0009,0006,6000,2020-08-17 10:52:01,2020-08-20 01:31:09,62.65,48.0,4,1,2,0
2020,10274,0011,0011,2000,2020-08-20 16:48:57,2020-08-21 16:50:43,24.03,24.03,2,1,0,0
2020,10276,0002,0011,25000,2020-08-17 04:16:43,2020-08-20 10:05:27,77.81,48.0,10,1,8,0
2020,10292,0001,0001,5000,2020-08-18 19:26:21,2020-08-19 19:29:18,24.05,24.05,5,4,0,0
2020,10308,0007,0007,4000,2020-08-21 12:27:24,2020-08-22 12:32:40,24.09,24.09,3,2,0,0
2020,10697,0010,0010,2000,2020-08-20 04:10:04,2020-08-21 04:10:56,24.01,24.01,2,1,0,0
2020,10700,0011,0004,4000,2020-08-20 12:31:31,2020-08-21 13:11:24,24.66,24.66,2,0,1,0
2020,10708,0011,0008,4000,2020-08-17 12:22:50,2020-08-18 16:56:47,28.57,28.57,3,0,2,0
2020,10722,0009,0009,3000,2020-08-20 10:54:47,2020-08-21 11:04:27,24.16,24.16,3,2,0,0
2020,10729,0006,0010,17000,2020-08-17 14:50:12,2020-08-19 10:48:22,43.97,43.97,10,6,3,0
2020,10738,0008,0005,17000,2020-08-18 10:03:18,2020-08-19 11:36:33,25.55,25.55,5,3,1,0
2020,10749,0006,0009,3000,2020-08-21 11:54:42,2020-08-23 12:03:11,48.14,48.0,3,0,2,0
2020,10753,0004,0001,3000,2020-08-17 10:41:35,2020-08-18 16:35:22,29.9,29.9,2,0,1,0
2020,10768,0009,0010,4000,2020-08-17 10:55:11,2020-08-18 14:42:52,27.79,27.79,3,1,1,0
2020,10775,0006,0006,6000,2020-08-17 19:45:22,2020-08-18 19:47:38,24.04,24.04,4,3,0,0
2020,10816,0009,0009,3000,2020-08-19 11:04:38,2020-08-20 11:13:29,24.15,24.15,3,2,0,0
2020,10868,0005,0005,2000,2020-08-18 11:39:18,2020-08-19 11:40:28,24.02,24.02,2,1,0,0
2020,10976,0011,0011,2000,2020-08-18 09:22:23,2020-08-19 09:51:09,24.48,24.48,2,1,0,0
2020,11182,0001,0001,2000,2020-08-21 01:15:45,2020-08-22 01:16:11,24.01,24.01,2,1,0,0
2020,11186,0009,0012,5000,2020-08-21 07:13:48,2020-08-22 23:01:04,39.79,39.79,3,0,2,0
2020,11228,0008,0006,31000,2020-08-17 09:51:00,2020-08-21 04:18:59,90.47,48.0,14,5,8,0
2020,11244,0008,0007,46000,2020-08-17 09:47:09,2020-08-18 14:04:46,28.29,28.29,10,6,3,0
2020,11644,0005,0012,4000,2020-08-21 23:33:19,2020-08-23 02:14:34,26.69,26.69,4,1,2,0
2020,11657,0003,0003,2000,2020-08-17 13:27:10,2020-08-18 13:28:15,24.02,24.02,2,1,0,0
2020,11747,0012,0005,26000,2020-08-17 12:37:36,2020-08-20 12:36:35,71.98,48.0,17,10,6,0
2020,11760,0011,0011,2000,2020-08-19 13:27:11,2020-08-20 13:32:20,24.09,24.09,2,1,0,0
2020,11772,0007,0004,4000,2020-08-21 12:20:02,2020-08-23 07:53:44,43.56,43.56,4,2,1,0
2020,12075,0011,0011,3000,2020-08-18 23:27:31,2020-08-19 23:28:14,24.01,24.01,3,2,0,0
2020,12088,0007,0010,2000,2020-08-19 02:10:20,2020-08-20 11:00:31,32.84,32.84,2,0,1,0
2020,12152,0001,0012,16000,2020-08-18 03:57:22,2020-08-22 02:16:44,94.32,48.0,15,8,6,0
2020,12164,0007,0008,2000,2020-08-25 23:35:37,2020-08-27 01:51:32,26.27,26.27,2,0,1,0
2020,12184,0005,0005,7000,2020-08-17 04:05:40,2020-08-18 04:05:42,24.0,24.0,5,4,0,0
2020,12197,0012,0003,11000,2020-08-18 01:46:01,2020-08-21 05:08:47,75.38,48.0,10,1,8,0
2020,12217,0008,0001,2000,2020-08-21 10:06:05,2020-08-23 03:51:56,41.76,41.76,2,0,1,0
2020,12231,0003,0003,2000,2020-08-20 05:14:11,2020-08-21 05:17:32,24.06,24.06,2,1,0,0
2020,12239,0002,0012,2000,2020-08-21 03:54:50,2020-08-23 02:14:34,46.33,46.33,2,0,1,0
2020,12250,0010,0010,4000,2020-08-19 04:52:51,2020-08-20 05:04:33,24.2,24.2,3,2,0,0
2020,12287,0002,0004,2000,2020-08-20 01:19:25,2020-08-21 01:54:21,24.58,24.58,2,0,1,0
2020,12386,0003,0012,6000,2020-08-23 19:23:52,2020-08-26 02:10:58,54.78,48.0,6,2,3,0
2020,12505,0012,0003,2000,2020-08-22 01:12:21,2020-08-24 01:19:27,48.12,48.0,2,0,1,0
2020,12610,0003,0009,5000,2020-08-18 13:05:45,2020-08-19 23:00:33,33.91,33.91,4,1,2,0
2020,12688,0001,0007,2000,2020-08-18 19:26:58,2020-08-20 02:03:04,30.6,30.6,2,0,1,0
2020,12718,0003,0003,2000,2020-08-19 04:56:54,2020-08-20 05:04:33,24.13,24.13,2,1,0,0
2020,12741,0007,0003,3000,2020-08-24 02:08:38,2020-08-26 03:13:10,49.08,48.0,3,0,2,0
2020,12745,0011,0006,3000,2020-08-19 10:08:16,2020-08-21 04:28:41,42.34,42.34,3,1,1,0
2020,12756,0004,0005,2000,2020-08-18 09:41:54,2020-08-19 11:57:23,26.26,26.26,2,0,1,0
2020,12767,0012,0012,3000,2020-08-18 13:02:53,2020-08-20 00:56:28,35.89,35.89,3,0,2,0
2020,12768,0003,0003,2000,2020-08-19 05:01:22,2020-08-20 05:04:33,24.05,24.05,2,1,0,0
2020,12788,0007,0010,5000,2020-08-17 14:00:11,2020-08-19 14:54:38,48.91,48.0,5,2,2,0
2020,12857,0006,0012,5000,2020-08-18 15:01:08,2020-08-20 13:09:04,46.13,46.13,4,2,1,0
2020,12985,0007,0007,4000,2020-08-17 13:59:32,2020-08-18 14:01:02,24.02,24.02,3,2,0,0
2020,13153,0008,0003,6000,2020-08-20 09:33:21,2020-08-22 07:38:20,46.08,46.08,4,1,2,0
2020,13155,0008,0008,2000,2020-08-19 09:09:40,2020-08-20 09:26:16,24.28,24.28,2,1,0,0
2020,13157,0006,0006,3000,2020-08-20 04:25:06,2020-08-21 04:26:37,24.03,24.03,3,2,0,0
2020,13216,0001,0004,5000,2020-08-22 18:08:51,2020-08-23 21:23:08,27.24,27.24,4,0,3,0
2020,13240,0010,0010,2000,2020-08-18 05:21:35,2020-08-19 05:39:00,24.29,24.29,2,1,0,0
2020,13257,0004,0009,2000,2020-08-19 10:01:42,2020-08-20 13:23:39,27.37,27.37,2,0,1,0
2020,13274,0007,0004,3000,2020-08-19 18:37:28,2020-08-20 18:48:42,24.19,24.19,2,0,1,0
2020,13589,0010,0002,8000,2020-08-17 10:25:05,2020-08-19 14:37:35,52.21,48.0,6,2,3,0
2020,13678,0006,0006,4000,2020-08-19 04:03:34,2020-08-20 04:03:36,24.0,24.0,2,1,0,0
2020,13684,0001,0001,3000,2020-08-21 11:20:49,2020-08-22 11:33:26,24.21,24.21,3,2,0,0
2020,13706,0009,0009,2000,2020-08-19 11:05:49,2020-08-20 11:13:29,24.13,24.13,2,1,0,0
2020,13722,0002,0002,5000,2020-08-18 04:18:56,2020-08-19 04:18:56,24.0,24.0,4,3,0,0
2020,13743,0003,0007,6000,2020-08-17 13:22:13,2020-08-18 14:01:02,24.65,24.65,4,1,2,0
2020,13747,0004,0006,3000,2020-08-18 01:27:18,2020-08-19 01:32:43,24.09,24.09,3,1,1,0
2020,13763,0008,0012,5000,2020-08-18 10:01:54,2020-08-20 13:09:04,51.12,48.0,4,0,3,0
2020,13809,0009,0008,2000,2020-08-22 11:42:25,2020-08-23 15:19:38,27.62,27.62,2,0,1,0
2020,13850,0010,0010,2000,2020-08-23 10:30:02,2020-08-24 10:47:51,24.3,24.3,2,1,0,0
2020,14096,0001,0001,2000,2020-08-22 03:56:32,2020-08-23 03:57:07,24.01,24.01,2,1,0,0
2020,14225,0004,0004,5000,2020-08-20 09:39:10,2020-08-21 23:14:14,37.58,37.58,5,2,2,0
2020,14613,0003,0003,2000,2020-08-20 05:18:04,2020-08-21 05:19:45,24.03,24.03,2,1,0,0
2020,14965,0007,0012,2000,2020-08-18 11:42:29,2020-08-20 02:30:38,38.8,38.8,2,0,1,0
2020,7393,0002,0003,8000,2020-08-17 04:09:09,2020-08-19 14:54:38,58.76,48.0,6,2,3,0
2020,7401,0007,0007,2000,2020-08-20 13:33:20,2020-08-21 13:36:44,24.06,24.06,2,1,0,0
2020,8658,0010,0004,15000,2020-08-19 04:51:31,2020-08-22 11:12:56,78.36,48.0,12,7,4,0
2020,9051,0011,0004,5000,2020-08-22 11:16:58,2020-08-23 20:22:18,33.09,33.09,4,0,3,0
2020,9430,0004,0004,2000,2020-08-20 09:40:47,2020-08-21 10:05:05,24.41,24.41,2,1,0,0
2020,9662,0011,0010,13000,2020-08-17 12:23:17,2020-08-20 11:41:42,71.31,48.0,8,3,4,0
2020,9831,0004,0004,5000,2020-08-18 09:42:31,2020-08-19 12:17:10,26.58,26.58,3,0,2,0
2020,9918,0005,0005,7000,2020-08-17 04:04:15,2020-08-18 04:04:21,24.0,24.0,3,2,0,0
2020,9988,0002,0008,4000,2020-08-18 04:18:28,2020-08-19 11:52:30,31.57,31.57,3,1,1,0
2021,10261,0008,0012,11000,2021-08-03 08:42:37,2021-08-05 01:06:05,40.39,40.39,6,2,3,0
2021,10276,0012,0012,1000,2021-08-03 03:19:29,2021-08-06 17:57:40,86.64,48.0,2,0,0,0
2021,10292,0005,0005,2000,2021-08-02 19:22:38,2021-08-03 19:28:08,24.09,24.09,2,1,0,0
2021,10308,0005,0005,3000,2021-08-02 20:11:00,2021-08-03 20:16:53,24.1,24.1,3,2,0,0
2021,10703,0008,0008,28000,2021-07-31 19:28:01,2021-08-01 21:10:38,25.71,25.71,7,3,3,0
2021,10729,0009,0005,4000,2021-08-01 11:13:43,2021-08-02 19:14:42,32.02,32.02,2,0,1,0
2021,10738,0011,0005,10000,2021-08-01 01:17:50,2021-08-02 19:02:23,41.74,41.74,4,1,2,0
2021,10816,0004,0001,2000,2021-08-01 15:05:34,2021-08-03 02:17:10,35.19,35.19,2,0,1,0
2021,11193,0007,0007,3000,2021-08-04 17:15:01,2021-08-05 17:15:30,24.01,24.01,2,1,0,0
2021,11222,0002,0002,60000,2021-07-31 19:00:25,2021-08-01 19:00:25,24.0,24.0,11,10,0,0
2021,11228,0006,0006,41000,2021-08-01 00:11:50,2021-08-04 02:18:03,74.1,48.0,11,6,4,0
2021,11247,0003,0003,5000,2021-08-01 02:44:25,2021-08-02 02:44:35,24.0,24.0,5,4,0,0
2021,11313,0001,0004,2000,2021-07-31 22:32:10,2021-08-01 23:56:06,25.4,25.4,2,0,1,0
2021,11316,0007,0005,4000,2021-08-01 13:54:06,2021-08-03 11:42:44,45.81,45.81,2,0,1,0
2021,11317,0009,0002,4000,2021-08-03 11:19:27,2021-08-04 13:48:49,26.49,26.49,3,0,2,0
2021,11390,0002,0004,5000,2021-08-02 13:29:41,2021-08-04 12:16:36,46.78,46.78,4,1,2,0
2021,11674,0001,0004,9000,2021-08-01 13:54:46,2021-08-03 00:03:21,34.14,34.14,7,5,1,0
2021,11695,0012,0012,1000,2021-08-03 03:21:32,2021-08-04 17:31:34,38.17,38.17,2,0,0,0
2021,11747,0006,0008,9000,2021-08-02 16:08:49,2021-08-04 09:12:40,41.06,41.06,6,2,3,0
2021,11761,0008,0001,3000,2021-08-04 07:31:37,2021-08-06 03:52:46,44.35,44.35,3,1,1,0
2021,11769,0009,0009,2000,2021-08-02 11:04:21,2021-08-03 11:09:16,24.08,24.08,2,1,0,0
2021,12075,0001,0002,4000,2021-07-31 22:32:49,2021-08-02 19:40:52,45.13,45.13,4,1,2,0
2021,12088,0003,0006,3000,2021-08-03 04:51:04,2021-08-05 04:18:06,47.45,47.45,3,1,1,0
2021,12140,0008,0005,2000,2021-08-01 04:02:30,2021-08-02 19:48:34,39.77,39.77,2,0,1,0
2021,12151,0010,0001,10000,2021-07-31 20:25:26,2021-08-01 20:53:21,24.47,24.47,6,4,1,0
2021,12152,0012,0012,4000,2021-08-03 17:31:22,2021-08-05 01:01:33,31.5,31.5,4,1,2,0
2021,12171,0004,0012,16000,2021-07-31 23:54:44,2021-08-03 04:08:26,52.23,48.0,8,3,4,0
2021,12187,0005,0003,37000,2021-07-31 19:01:03,2021-08-02 19:00:40,47.99,47.99,8,6,1,0
2021,12197,0002,0012,4000,2021-08-03 13:42:16,2021-08-05 01:22:06,35.66,35.66,3,0,2,0
2021,12221,0012,0007,8000,2021-08-02 04:10:18,2021-08-04 02:52:04,46.7,46.7,6,3,2,0
2021,12225,0006,0006,2000,2021-08-04 16:08:10,2021-08-05 16:13:34,24.09,24.09,2,1,0,0
2021,12239,0002,0002,4000,2021-08-01 19:39:00,2021-08-02 19:40:52,24.03,24.03,2,1,0,0
2021,12437,0004,0001,2000,2021-08-02 09:31:31,2021-08-04 02:22:56,40.86,40.86,2,0,1,0
2021,12447,0012,0007,15000,2021-07-31 23:39:50,2021-08-02 18:39:51,43.0,43.0,9,4,4,0
2021,12620,0005,0005,45000,2021-07-31 19:00:19,2021-08-01 19:00:25,24.0,24.0,7,6,0,0
2021,12630,0006,0005,10000,2021-08-01 05:21:51,2021-08-03 00:49:40,43.46,43.46,5,2,2,0
2021,12650,0006,0008,21000,2021-08-01 00:25:36,2021-08-03 02:46:00,50.34,48.0,5,1,3,0
2021,12658,0001,0012,5000,2021-08-05 03:53:20,2021-08-06 17:57:40,38.07,38.07,3,1,1,0
2021,12677,0008,0008,3000,2021-08-01 04:04:20,2021-08-02 04:06:20,24.03,24.03,3,2,0,0
2021,12688,0011,0007,3000,2021-08-02 20:55:06,2021-08-04 14:45:55,41.85,41.85,3,0,2,0
2021,12702,0003,0009,3000,2021-08-04 05:08:19,2021-08-05 12:22:04,31.23,31.23,2,0,1,0
2021,12718,0005,0005,4000,2021-08-03 04:01:05,2021-08-04 04:02:15,24.02,24.02,4,3,0,0
2021,12741,0008,0010,2000,2021-08-05 19:17:28,2021-08-07 02:02:04,30.74,30.74,2,0,1,0
2021,12745,0011,0011,4000,2021-08-01 23:10:29,2021-08-02 23:11:11,24.01,24.01,2,1,0,0
2021,12752,0002,0002,3000,2021-08-02 13:15:06,2021-08-03 13:17:45,24.04,24.04,2,1,0,0
2021,13108,0008,0009,10000,2021-08-02 08:50:31,2021-08-04 23:24:18,62.56,48.0,8,3,4,0
2021,13154,0010,0010,6000,2021-08-02 11:06:02,2021-08-03 11:09:16,24.05,24.05,5,4,0,0
2021,13157,0003,0001,12000,2021-08-01 02:42:39,2021-08-02 04:29:28,25.78,25.78,6,4,1,0
2021,13188,0011,0011,4000,2021-08-04 17:49:36,2021-08-05 17:50:28,24.01,24.01,2,1,0,0
2021,13189,0012,0003,6000,2021-07-31 23:37:20,2021-08-03 01:11:00,49.56,48.0,5,1,3,0
2021,13202,0003,0003,3000,2021-08-05 13:13:09,2021-08-07 00:00:09,34.78,34.78,3,0,2,0
2021,13214,0003,0004,9000,2021-08-01 04:31:48,2021-08-03 00:12:33,43.68,43.68,6,2,3,0
2021,13216,0004,0004,5000,2021-07-31 23:55:16,2021-08-02 00:14:34,24.32,24.32,3,0,2,0
2021,13231,0004,0004,4000,2021-08-01 13:36:00,2021-08-02 13:48:03,24.2,24.2,3,2,0,0
2021,13234,0008,0009,5000,2021-08-03 08:47:59,2021-08-04 23:24:18,38.61,38.61,5,3,1,0
2021,13236,0006,0006,2000,2021-08-05 19:57:30,2021-08-06 20:21:02,24.39,24.39,2,1,0,0
2021,13245,0001,0002,4000,2021-08-03 02:55:09,2021-08-04 17:31:34,38.61,38.61,4,1,2,0
2021,13251,0005,0004,13000,2021-08-01 04:01:46,2021-08-03 15:25:01,59.39,48.0,9,6,2,0
2021,13252,0007,0007,2000,2021-08-03 03:13:25,2021-08-04 03:32:51,24.32,24.32,2,1,0,0
2021,13274,0007,0005,4000,2021-08-01 13:05:20,2021-08-02 19:40:52,30.59,30.59,2,0,1,0
2021,13304,0011,0011,4000,2021-08-03 14:54:58,2021-08-04 15:11:35,24.28,24.28,3,2,0,0
2021,13424,0008,0008,5000,2021-07-31 19:31:15,2021-08-01 19:33:29,24.04,24.04,2,1,0,0
2021,13447,0006,0003,3000,2021-08-03 12:03:12,2021-08-05 08:02:03,43.98,43.98,2,0,1,0
2021,13592,0011,0005,6000,2021-08-01 01:18:43,2021-08-03 11:42:44,58.4,48.0,5,1,3,0
2021,13608,0006,0009,6000,2021-08-03 13:08:11,2021-08-05 11:33:12,46.42,46.42,5,3,1,0
2021,13620,0004,0004,3000,2021-08-05 18:24:54,2021-08-06 20:21:02,25.94,25.94,3,0,2,0
2021,13633,0010,0007,4000,2021-08-05 11:23:55,2021-08-07 13:11:25,49.79,48.0,4,1,2,0
2021,13640,0011,0012,2000,2021-08-02 20:53:23,2021-08-04 03:11:36,30.3,30.3,2,0,1,0
2021,13680,0007,0007,4000,2021-08-04 02:52:22,2021-08-05 03:10:14,24.3,24.3,3,2,0,0
2021,13697,0010,0001,3000,2021-08-01 15:36:25,2021-08-03 02:17:35,34.69,34.69,3,1,1,0
2021,13706,0009,0011,4000,2021-07-31 19:13:39,2021-08-02 15:52:05,44.64,44.64,4,1,2,0
2021,13717,0009,0009,2000,2021-08-04 10:42:19,2021-08-05 10:46:03,24.06,24.06,2,1,0,0
2021,13782,0002,0006,2000,2021-07-31 19:14:28,2021-08-01 19:37:10,24.38,24.38,2,0,1,0
2021,13809,0010,0005,5000,2021-08-01 15:36:56,2021-08-02 19:40:52,28.07,28.07,3,0,2,0
2021,13813,0006,0006,2000,2021-08-02 16:20:51,2021-08-03 16:21:06,24.0,24.0,2,1,0,0
2021,13850,0006,0001,9000,2021-08-02 03:24:55,2021-08-04 02:28:32,47.06,47.06,8,5,2,0
2021,13863,0006,0006,2000,2021-08-07 03:51:37,2021-08-08 10:18:52,30.45,30.45,2,1,0,0
2021,13919,0010,0001,4000,2021-07-31 20:34:55,2021-08-01 20:53:21,24.31,24.31,3,1,1,0
2021,14095,0008,0008,4000,2021-08-08 11:10:20,2021-08-10 11:01:07,47.85,47.85,4,1,2,0
2021,14122,0002,0008,2000,2021-08-04 18:11:00,2021-08-05 18:59:18,24.8,24.8,2,0,1,0
2021,14127,0010,0006,4000,2021-08-03 10:34:09,2021-08-04 12:08:26,25.57,25.57,4,2,1,0
2021,14157,0001,0001,2000,2021-08-06 03:56:27,2021-08-07 03:57:07,24.01,24.01,2,1,0,0
2021,14163,0011,0011,3000,2021-08-04 17:49:09,2021-08-06 15:05:07,45.27,45.27,3,0,2,0
2021,14225,0008,0011,3000,2021-08-04 07:36:01,2021-08-06 15:05:07,55.48,48.0,3,0,2,0
2021,14256,0007,0001,2000,2021-08-01 00:33:05,2021-08-02 01:55:13,25.37,25.37,2,0,1,0
2021,14265,0001,0001,2000,2021-08-04 03:48:34,2021-08-05 03:49:01,24.01,24.01,2,1,0,0
2021,14412,0007,0007,4000,2021-08-03 02:53:52,2021-08-05 02:33:25,47.66,47.66,4,1,2,0
2021,14811,0001,0012,5000,2021-08-04 03:48:01,2021-08-06 03:27:40,47.66,47.66,3,1,1,0
2021,14818,0007,0007,3000,2021-08-05 10:59:43,2021-08-06 11:15:26,24.26,24.26,3,2,0,0
2021,14991,0002,0007,3000,2021-08-03 13:44:33,2021-08-04 17:15:01,27.51,27.51,3,1,1,0
2021,15034,0009,0006,2000,2021-08-05 11:37:32,2021-08-06 16:56:15,29.31,29.31,2,0,1,0
2021,15337,0007,0008,4000,2021-08-06 21:54:48,2021-08-08 00:30:25,26.59,26.59,3,1,1,0
2021,15419,0003,0004,2000,2021-08-10 01:21:56,2021-08-11 16:35:10,39.22,39.22,2,0,1,0
2021,7401,0003,0004,5000,2021-08-02 12:45:11,2021-08-05 00:04:37,59.32,48.0,5,1,3,0
2021,7836,0007,0011,39000,2021-07-31 20:36:07,2021-08-04 10:28:29,85.87,48.0,10,4,5,0
2021,8062,0010,0001,3000,2021-08-02 11:05:12,2021-08-04 02:31:24,39.44,39.44,2,0,1,0
2021,9833,0001,0001,2000,2021-08-01 13:55:15,2021-08-02 13:59:01,24.06,24.06,2,1,0,0
2022,10261,0005,0012,3000,2022-08-04 11:35:31,2022-08-06 03:09:33,39.57,39.57,3,1,1,0
2022,10266,0001,0001,3000,2022-07-31 13:55:50,2022-08-01 14:02:07,24.1,24.1,3,2,0,0
2022,10267,0012,0012,3000,2022-08-02 04:13:35,2022-08-04 02:53:25,46.66,46.66,3,0,2,0
2022,10271,0006,0002,5000,2022-07-30 23:31:47,2022-08-01 00:22:39,24.85,24.85,4,1,2,0
2022,10272,0009,0009,2000,2022-08-02 10:31:46,2022-08-03 10:31:51,24.0,24.0,2,1,0,0
2022,10276,0005,0005,4000,2022-07-31 04:00:20,2022-08-01 04:01:02,24.01,24.01,4,3,0,0
2022,10697,0007,0012,16000,2022-07-31 01:21:10,2022-08-03 03:43:15,74.37,48.0,9,2,6,0
2022,10700,0004,0003,37000,2022-07-30 16:10:49,2022-07-31 17:39:45,25.48,25.48,12,8,3,0
2022,10768,0007,0007,2000,2022-07-31 01:22:18,2022-08-01 01:22:41,24.01,24.01,2,1,0,0
2022,10775,0012,0001,9000,2022-08-02 04:14:19,2022-08-03 12:20:39,32.11,32.11,4,0,3,0
2022,10783,0004,0005,4000,2022-08-01 10:11:22,2022-08-02 12:45:28,26.57,26.57,4,2,1,0
2022,11150,0003,0003,5000,2022-08-02 16:25:45,2022-08-04 19:33:52,51.14,48.0,5,1,3,0
2022,11182,0006,0006,2000,2022-08-03 04:32:10,2022-08-04 04:32:21,24.0,24.0,2,1,0,0
2022,11228,0002,0001,13000,2022-07-30 16:23:50,2022-07-31 17:13:38,24.83,24.83,4,2,1,0
2022,11232,0008,0002,32000,2022-07-30 17:27:48,2022-08-02 12:46:50,67.32,48.0,12,8,3,0
2022,11316,0007,0007,2000,2022-08-04 10:19:40,2022-08-05 10:24:37,24.08,24.08,2,1,0,0
2022,11644,0002,0001,38000,2022-07-30 16:15:55,2022-07-31 17:25:53,25.17,25.17,9,7,1,0
2022,11671,0003,0010,38000,2022-07-30 16:28:01,2022-08-03 11:56:53,91.48,48.0,11,5,5,0
2022,11678,0001,0009,21000,2022-07-30 17:41:31,2022-08-01 12:31:39,42.84,42.84,12,8,3,0
2022,11679,0002,0002,5000,2022-08-01 12:11:18,2022-08-02 12:11:21,24.0,24.0,4,3,0,0
2022,11680,0002,0002,4000,2022-07-31 04:21:43,2022-08-01 04:23:41,24.03,24.03,3,2,0,0
2022,11728,0003,0003,2000,2022-08-04 12:02:58,2022-08-05 12:14:39,24.19,24.19,2,1,0,0
2022,11757,0001,0004,8000,2022-07-30 17:31:45,2022-08-01 11:12:09,41.67,41.67,7,2,4,0
2022,11760,0008,0008,5000,2022-08-02 04:02:28,2022-08-03 04:04:59,24.04,24.04,3,2,0,0
2022,11886,0001,0001,2000,2022-08-03 03:07:43,2022-08-04 03:08:47,24.02,24.02,2,1,0,0
2022,12110,0012,0001,2000,2022-08-04 13:07:50,2022-08-05 16:29:24,27.36,27.36,2,0,1,0
2022,12140,0008,0002,12000,2022-07-30 17:26:31,2022-07-31 17:40:58,24.24,24.24,5,3,1,0
2022,12141,0003,0004,15000,2022-08-01 04:41:48,2022-08-02 16:06:10,35.41,35.41,9,3,5,0
2022,12176,0010,0012,5000,2022-07-30 16:06:45,2022-08-01 05:40:37,37.56,37.56,4,0,3,0
2022,12184,0006,0006,3000,2022-08-05 04:15:29,2022-08-06 04:15:56,24.01,24.01,3,2,0,0
2022,12238,0003,0006,3000,2022-08-03 13:23:57,2022-08-04 13:39:26,24.26,24.26,2,0,1,0
2022,12239,0005,0005,2000,2022-08-03 06:42:48,2022-08-04 06:59:23,24.28,24.28,2,1,0,0
2022,12447,0011,0005,11000,2022-07-31 05:38:07,2022-08-02 07:37:19,49.99,48.0,9,3,5,0
2022,12610,0012,0011,17000,2022-07-30 18:21:27,2022-08-01 22:14:20,51.88,48.0,10,3,6,0
2022,12611,0011,0002,15000,2022-07-31 05:37:08,2022-08-01 17:50:53,36.23,36.23,8,5,2,0
2022,12616,0001,0001,6000,2022-08-01 15:48:57,2022-08-02 15:52:06,24.05,24.05,4,3,0,0
2022,12630,0004,0004,5000,2022-08-02 09:48:39,2022-08-03 17:46:29,31.96,31.96,4,1,2,0
2022,12676,0011,0011,8000,2022-08-01 16:30:10,2022-08-04 12:39:27,68.15,48.0,5,2,2,0
2022,12677,0012,0012,5000,2022-08-01 15:43:06,2022-08-03 14:42:44,46.99,46.99,5,2,2,0
2022,12718,0004,0006,3000,2022-08-02 09:49:10,2022-08-03 14:18:08,28.48,28.48,3,1,1,0
2022,12720,0009,0010,3000,2022-08-03 10:54:23,2022-08-05 02:05:12,39.18,39.18,3,1,1,0
2022,12752,0001,0001,3000,2022-07-31 13:57:23,2022-08-01 14:02:07,24.08,24.08,3,2,0,0
2022,12779,0004,0004,4000,2022-08-01 10:10:01,2022-08-02 10:10:45,24.01,24.01,2,1,0,0
2022,12788,0010,0010,2000,2022-08-04 10:07:01,2022-08-05 10:11:16,24.07,24.07,2,1,0,0
2022,12930,0002,0002,3000,2022-08-04 04:11:36,2022-08-05 04:11:49,24.0,24.0,2,1,0,0
2022,13108,0006,0006,4000,2022-07-31 11:14:11,2022-08-01 11:19:24,24.09,24.09,4,3,0,0
2022,13115,0008,0009,17000,2022-08-01 04:01:50,2022-08-03 15:41:09,59.66,48.0,9,4,4,0
2022,13129,0009,0009,39000,2022-07-30 16:38:01,2022-08-02 10:26:26,65.81,48.0,9,3,5,0
2022,13134,0006,0001,4000,2022-08-01 14:28:01,2022-08-03 04:21:45,37.9,37.9,3,1,1,0
2022,13138,0011,0006,22000,2022-07-30 17:17:29,2022-08-01 11:19:24,42.03,42.03,8,3,4,0
2022,13139,0006,0004,14000,2022-08-02 13:27:01,2022-08-04 18:32:01,53.08,48.0,10,2,7,0
2022,13146,0010,0010,38000,2022-07-30 16:09:29,2022-07-31 16:10:01,24.01,24.01,9,8,0,0
2022,13153,0005,0005,4000,2022-08-04 11:33:38,2022-08-05 11:33:40,24.0,24.0,3,2,0,0
2022,13156,0012,0008,15000,2022-07-30 18:27:59,2022-07-31 21:00:09,26.54,26.54,5,2,2,0
2022,13189,0012,0010,2000,2022-08-03 04:29:24,2022-08-04 08:59:35,28.5,28.5,2,0,1,0
2022,13192,0002,0002,3000,2022-07-31 04:22:27,2022-08-01 04:23:41,24.02,24.02,3,2,0,0
2022,13236,0008,0006,4000,2022-08-03 04:01:09,2022-08-05 03:34:39,47.56,47.56,4,2,1,0
2022,13284,0002,0002,2000,2022-08-02 04:04:04,2022-08-03 04:04:59,24.02,24.02,2,1,0,0
2022,13313,0010,0010,3000,2022-08-02 04:07:31,2022-08-03 04:07:45,24.0,24.0,3,2,0,0
2022,13354,0009,0001,2000,2022-07-31 11:13:00,2022-08-01 22:11:41,34.98,34.98,2,0,1,0
2022,13404,0004,0009,57000,2022-07-30 16:09:05,2022-07-31 20:40:20,28.52,28.52,9,3,5,0
2022,13418,0011,0011,6000,2022-08-01 16:29:46,2022-08-02 16:31:31,24.03,24.03,5,4,0,0
2022,13590,0010,0009,15000,2022-08-01 09:51:16,2022-08-02 15:08:46,29.29,29.29,10,4,5,0
2022,13607,0011,0011,6000,2022-08-03 08:48:11,2022-08-05 17:09:24,56.35,48.0,5,0,4,0
2022,13622,0007,0007,8000,2022-08-02 11:07:19,2022-08-03 11:11:54,24.08,24.08,6,5,0,0
2022,13623,0002,0003,6000,2022-08-03 04:09:18,2022-08-06 00:14:44,68.09,48.0,4,1,2,0
2022,13629,0005,0005,18000,2022-08-03 06:33:58,2022-08-04 06:39:22,24.09,24.09,5,4,0,0
2022,13632,0011,0011,12000,2022-07-30 17:16:32,2022-07-31 17:16:43,24.0,24.0,7,6,0,0
2022,13633,0007,0003,9000,2022-07-31 04:31:18,2022-08-02 06:56:22,50.42,48.0,6,1,4,0
2022,13638,0011,0011,2000,2022-08-04 10:05:21,2022-08-05 10:05:48,24.01,24.01,2,1,0,0
2022,13680,0003,0003,2000,2022-07-31 05:14:35,2022-08-01 05:40:37,24.43,24.43,2,1,0,0
2022,13684,0009,0010,3000,2022-07-30 16:36:22,2022-07-31 16:48:04,24.2,24.2,2,0,1,0
2022,13688,0001,0007,3000,2022-08-02 00:25:27,2022-08-04 15:38:06,63.21,48.0,3,0,2,0
2022,13696,0005,0011,15000,2022-07-31 04:03:43,2022-08-03 11:20:05,79.27,48.0,12,5,6,0
2022,13713,0003,0001,4000,2022-08-01 04:39:58,2022-08-03 03:55:17,47.26,47.26,4,2,1,0
2022,13737,0005,0005,2000,2022-08-01 07:32:06,2022-08-02 07:37:19,24.09,24.09,2,1,0,0
2022,13747,0009,0005,3000,2022-08-01 10:34:49,2022-08-02 12:45:28,26.18,26.18,3,1,1,0
2022,13762,0009,0003,2000,2022-08-06 09:51:48,2022-08-07 17:47:09,31.92,31.92,2,0,1,0
2022,13782,0006,0007,3000,2022-07-30 23:35:20,2022-08-01 00:30:19,24.92,24.92,2,0,1,0
2022,13793,0011,0011,5000,2022-08-02 17:44:07,2022-08-03 17:46:29,24.04,24.04,5,4,0,0
2022,13809,0008,0001,7000,2022-08-02 04:03:32,2022-08-03 12:20:39,32.29,32.29,3,1,1,0
2022,13813,0006,0004,5000,2022-08-01 14:44:57,2022-08-03 14:14:47,47.5,47.5,5,3,1,0
2022,13814,0002,0002,4000,2022-08-05 05:22:22,2022-08-06 05:29:26,24.12,24.12,2,1,0,0
2022,13832,0009,0002,2000,2022-08-01 10:31:16,2022-08-02 16:01:44,29.51,29.51,2,0,1,0
2022,13871,0004,0006,2000,2022-08-03 10:10:30,2022-08-05 04:34:21,42.4,42.4,2,0,1,0
2022,14017,0007,0002,2000,2022-08-06 01:33:17,2022-08-07 05:55:27,28.37,28.37,2,0,1,0
2022,14057,0010,0010,3000,2022-08-03 08:43:26,2022-08-04 08:59:35,24.27,24.27,2,1,0,0
2022,14059,0010,0010,16000,2022-07-31 10:46:02,2022-08-01 10:46:35,24.01,24.01,11,10,0,0
2022,14112,0008,0010,4000,2022-07-31 04:17:29,2022-08-01 10:48:02,30.51,30.51,2,0,1,0
2022,14113,0008,0008,4000,2022-07-31 04:09:30,2022-08-01 04:11:35,24.03,24.03,3,2,0,0
2022,14141,0006,0008,8000,2022-07-31 11:15:39,2022-08-02 09:08:56,45.89,45.89,6,4,1,0
2022,14244,0007,0008,3000,2022-08-01 11:43:47,2022-08-03 10:39:30,46.93,46.93,3,0,2,0
2022,14260,0007,0007,2000,2022-08-03 10:31:51,2022-08-04 10:35:58,24.07,24.07,2,1,0,0
2022,14315,0006,0008,3000,2022-08-04 17:38:18,2022-08-05 21:49:28,28.19,28.19,2,0,1,0
2022,14331,0008,0006,4000,2022-08-07 01:47:19,2022-08-08 11:47:37,34.01,34.01,3,1,1,0
2022,14518,0002,0002,2000,2022-08-01 12:04:07,2022-08-02 12:05:47,24.03,24.03,2,1,0,0
2022,14778,0005,0005,29000,2022-07-30 16:07:58,2022-07-31 16:08:00,24.0,24.0,8,7,0,0
2022,14882,0010,0010,2000,2022-08-04 10:05:39,2022-08-05 10:05:48,24.0,24.0,2,1,0,0
2022,14933,0004,0007,2000,2022-08-04 10:24:56,2022-08-05 11:55:37,25.51,25.51,2,0,1,0
2022,14983,0005,0005,2000,2022-08-01 07:31:19,2022-08-02 07:37:19,24.1,24.1,2,1,0,0
2022,15368,0004,0004,3000,2022-07-31 11:00:22,2022-08-01 11:12:09,24.2,24.2,3,2,0,0
2022,15496,0002,0008,2000,2022-08-03 04:11:56,2022-08-05 04:11:49,48.0,48.0,2,0,1,0
2022,15499,0006,0008,2000,2022-08-03 04:22:04,2022-08-05 04:26:28,48.07,48.0,2,0,1,0
2022,15723,0007,0008,2000,2022-08-05 12:52:43,2022-08-06 22:50:33,33.96,33.96,2,0,1,0
2022,15728,0007,0010,4000,2022-07-31 04:38:51,2022-08-02 00:09:03,43.5,43.5,4,2,1,0
2022,15736,0007,0007,3000,2022-08-01 04:06:23,2022-08-02 04:07:05,24.01,24.01,3,2,0,0
2022,15749,0010,0012,5000,2022-07-31 10:46:33,2022-08-02 15:44:42,52.97,48.0,5,2,2,0
2022,15798,0010,0007,2000,2022-08-02 04:08:30,2022-08-03 11:21:08,31.21,31.21,2,0,1,0
2022,15833,0003,0003,2000,2022-08-02 14:53:13,2022-08-03 14:53:50,24.01,24.01,2,1,0,0
2022,15972,0006,0006,2000,2022-08-06 04:35:52,2022-08-07 05:55:27,25.33,25.33,2,1,0,0
2022,5848,0003,0007,66000,2022-07-30 16:27:21,2022-08-01 01:58:19,33.52,33.52,11,3,7,0
2022,9099,0005,0005,28000,2022-07-30 16:08:54,2022-07-31 16:08:54,24.0,24.0,10,9,0,0
2023,10292,0004,0010,3000,2023-07-30 08:33:23,2023-08-01 09:03:20,48.5,48.0,2,0,1,0
2023,10697,0007,0010,5000,2023-07-30 04:19:45,2023-07-31 19:52:57,39.55,39.55,2,0,1,0
2023,10775,0009,0001,2000,2023-07-29 22:52:25,2023-07-31 21:45:01,46.88,46.88,2,0,1,0
2023,10976,0007,0007,2000,2023-07-29 18:15:29,2023-07-30 18:16:35,24.02,24.02,2,1,0,0
2023,11222,0010,0004,28000,2023-07-29 18:29:00,2023-07-30 19:13:25,24.74,24.74,11,9,1,0
2023,11228,0002,0005,3000,2023-07-31 17:29:25,2023-08-01 21:19:10,27.83,27.83,2,0,1,0
2023,11728,0004,0004,3000,2023-07-30 12:40:03,2023-08-01 17:31:02,52.85,48.0,3,0,2,0
2023,11757,0006,0011,5000,2023-07-30 13:36:26,2023-08-01 19:28:54,53.87,48.0,4,0,3,0
2023,11761,0001,0001,8000,2023-07-30 01:09:13,2023-07-31 10:52:02,33.71,33.71,4,0,3,0
2023,11938,0002,0005,4000,2023-08-01 12:15:57,2023-08-02 12:54:43,24.65,24.65,2,0,1,0
2023,12447,0007,0010,10000,2023-07-31 11:42:55,2023-08-03 10:45:11,71.04,48.0,10,2,7,0
2023,12616,0010,0009,5000,2023-08-03 21:46:01,2023-08-05 15:43:37,41.96,41.96,4,0,3,0
2023,12626,0008,0008,94000,2023-07-29 18:01:12,2023-08-04 18:55:20,144.9,48.0,30,14,15,0
2023,12630,0008,0002,4000,2023-08-06 20:07:27,2023-08-08 19:33:59,47.44,47.44,4,1,2,0
2023,12652,0001,0012,6000,2023-07-30 01:10:30,2023-07-31 02:51:50,25.69,25.69,3,1,1,0
2023,12678,0012,0012,9000,2023-07-30 12:59:12,2023-07-31 17:05:49,28.11,28.11,5,2,2,0
2023,12741,0004,0010,2000,2023-08-03 08:20:13,2023-08-05 01:21:30,41.02,41.02,2,0,1,0
2023,12795,0010,0012,2000,2023-07-30 11:36:49,2023-07-31 17:06:18,29.49,29.49,2,0,1,0
2023,13131,0003,0005,41000,2023-07-29 18:06:53,2023-07-31 20:11:14,50.07,48.0,12,6,5,0
2023,13133,0008,0008,2000,2023-07-30 10:08:24,2023-07-31 10:11:49,24.06,24.06,2,1,0,0
2023,13134,0003,0004,12000,2023-07-31 12:18:29,2023-08-02 17:00:02,52.69,48.0,7,2,4,0
2023,13139,0007,0005,4000,2023-07-30 04:20:24,2023-07-31 04:42:50,24.37,24.37,4,2,1,0
2023,13163,0002,0003,27000,2023-07-29 18:31:54,2023-08-01 21:19:10,74.79,48.0,12,4,7,0
2023,13198,0007,0007,13000,2023-07-29 18:18:58,2023-08-03 14:48:22,116.49,48.0,11,4,6,0
2023,13214,0005,0007,8000,2023-07-29 18:02:01,2023-07-31 18:30:53,48.48,48.0,6,3,2,0
2023,13245,0001,0001,4000,2023-07-31 03:30:53,2023-08-01 03:30:55,24.0,24.0,2,1,0,0
2023,13251,0009,0010,2000,2023-07-31 11:10:10,2023-08-01 11:39:42,24.49,24.49,2,0,1,0
2023,13307,0008,0006,2000,2023-07-31 10:53:10,2023-08-01 15:45:57,28.88,28.88,2,0,1,0
2023,13590,0012,0006,5000,2023-07-29 18:20:12,2023-07-31 03:30:31,33.17,33.17,5,2,2,0
2023,13598,0007,0008,2000,2023-08-05 14:05:31,2023-08-06 16:04:53,25.99,25.99,2,0,1,0
2023,13608,0007,0005,15000,2023-07-31 11:40:10,2023-08-02 12:40:28,49.01,48.0,9,6,2,0
2023,13630,0002,0001,10000,2023-07-29 18:33:07,2023-07-31 18:37:12,48.07,48.0,7,5,1,0
2023,13674,0004,0004,22000,2023-07-29 19:12:49,2023-07-30 20:08:28,24.93,24.93,7,2,4,0
2023,13680,0006,0001,3000,2023-07-30 14:05:45,2023-08-01 13:30:07,47.41,47.41,3,1,1,0
2023,13702,0004,0010,2000,2023-07-31 10:53:25,2023-08-01 20:06:56,33.23,33.23,2,0,1,0
2023,13713,0011,0005,4000,2023-07-30 02:18:18,2023-07-31 03:28:20,25.17,25.17,3,1,1,0
2023,13714,0005,0008,9000,2023-07-29 18:03:40,2023-07-31 17:36:05,47.54,47.54,4,1,2,0
2023,13724,0005,0005,4000,2023-08-04 11:04:39,2023-08-05 11:21:08,24.27,24.27,4,3,0,0
2023,13733,0010,0005,4000,2023-07-31 05:21:33,2023-08-01 09:53:20,28.53,28.53,2,0,1,0
2023,13793,0012,0012,3000,2023-08-02 15:33:45,2023-08-04 01:21:51,33.8,33.8,3,0,2,0
2023,13837,0003,0003,2000,2023-07-30 10:52:37,2023-07-31 10:53:10,24.01,24.01,2,1,0,0
2023,13850,0008,0005,4000,2023-08-04 09:29:18,2023-08-05 16:25:05,30.93,30.93,4,1,2,0
2023,13952,0010,0004,4000,2023-07-31 10:19:25,2023-08-01 20:06:56,33.79,33.79,4,2,1,0
2023,14067,0006,0005,2000,2023-08-02 00:19:03,2023-08-03 00:37:57,24.32,24.32,2,0,1,0
2023,14076,0006,0004,4000,2023-07-31 15:36:41,2023-08-02 17:04:42,49.47,48.0,4,0,3,0
2023,14080,0002,0003,4000,2023-07-31 17:28:44,2023-08-02 16:13:58,46.75,46.75,4,2,1,0
2023,14105,0010,0011,37000,2023-07-30 11:36:13,2023-08-03 16:56:58,101.35,48.0,15,2,12,0
2023,14122,0003,0012,2000,2023-08-03 20:30:36,2023-08-05 04:21:18,31.84,31.84,2,0,1,0
2023,14127,0012,0012,5000,2023-07-29 18:19:30,2023-07-31 03:00:50,32.69,32.69,3,0,2,0
2023,14168,0011,0011,2000,2023-08-02 09:57:31,2023-08-03 10:45:11,24.79,24.79,2,1,0,0
2023,14171,0005,0005,5000,2023-07-31 09:43:41,2023-08-01 09:46:16,24.04,24.04,4,3,0,0
2023,14179,0003,0007,4000,2023-07-29 18:13:48,2023-07-31 18:16:03,48.04,48.0,4,2,1,0
2023,14218,0012,0005,2000,2023-08-01 04:09:10,2023-08-02 09:40:27,29.52,29.52,2,0,1,0
2023,14224,0008,0007,4000,2023-07-31 10:53:51,2023-08-01 11:26:12,24.54,24.54,3,1,1,0
2023,14630,0001,0006,2000,2023-07-31 03:22:06,2023-08-01 11:18:53,31.95,31.95,2,0,1,0
2023,14798,0002,0008,4000,2023-07-30 14:23:17,2023-08-01 02:04:37,35.69,35.69,4,2,1,0
2023,14861,0012,0003,2000,2023-07-30 13:00:26,2023-07-31 20:31:11,31.51,31.51,2,0,1,0
2023,14896,0011,0012,2000,2023-08-01 10:01:07,2023-08-03 03:17:42,41.28,41.28,2,0,1,0
2023,14907,0008,0008,2000,2023-08-01 14:49:15,2023-08-02 14:50:27,24.02,24.02,2,1,0,0
2023,14977,0012,0009,2000,2023-08-04 03:09:57,2023-08-05 15:43:37,36.56,36.56,2,0,1,0
2023,14983,0005,0005,2000,2023-07-30 04:14:59,2023-07-31 04:42:50,24.46,24.46,2,1,0,0
2023,15308,0007,0007,4000,2023-08-01 17:49:09,2023-08-02 17:53:41,24.08,24.08,3,2,0,0
2023,15696,0011,0003,2000,2023-08-01 10:02:20,2023-08-02 16:13:58,30.19,30.19,2,0,1,0
2023,15763,0011,0011,15000,2023-08-03 22:40:32,2023-08-06 03:05:26,52.41,48.0,9,4,4,0
2023,16170,0007,0007,4000,2023-08-01 17:47:06,2023-08-02 17:53:41,24.11,24.11,4,3,0,0
2023,16195,0004,0009,2000,2023-08-04 18:35:11,2023-08-06 11:26:57,40.86,40.86,2,0,1,0
2023,16380,0008,0002,5000,2023-08-04 20:48:53,2023-08-06 12:08:57,39.33,39.33,3,1,1,0
2023,7836,0008,0011,50000,2023-07-29 18:03:54,2023-07-31 12:21:52,42.3,42.3,9,6,2,0
2024,10703,0006,0004,7000,2024-07-27 16:37:01,2024-07-28 16:57:03,24.33,24.33,6,3,2,0
2024,10768,0001,0012,3000,2024-07-31 03:51:11,2024-08-02 03:13:53,47.38,47.38,3,1,1,0
2024,10775,0010,0006,2000,2024-07-29 10:21:27,2024-07-30 21:02:06,34.68,34.68,2,0,1,0
2024,11232,0002,0008,11000,2024-07-27 21:36:25,2024-07-29 17:08:41,43.54,43.54,4,2,1,0
2024,11247,0012,0012,4000,2024-07-29 13:41:29,2024-07-31 02:30:22,36.81,36.81,4,1,2,0
2024,11671,0007,0012,24000,2024-07-27 17:43:38,2024-07-30 02:42:08,56.98,48.0,11,3,7,0
2024,11674,0008,0008,2000,2024-07-29 09:35:05,2024-07-30 09:37:34,24.04,24.04,2,1,0,0
2024,11675,0011,0004,30000,2024-07-27 16:18:21,2024-07-29 02:05:12,33.78,33.78,7,5,1,0
2024,11706,0006,0012,2000,2024-08-03 11:23:52,2024-08-04 13:25:09,26.02,26.02,2,0,1,0
2024,11721,0002,0002,2000,2024-07-27 21:36:56,2024-07-28 21:45:50,24.15,24.15,2,1,0,0
2024,11938,0002,0002,3000,2024-07-28 13:34:30,2024-07-29 13:40:05,24.09,24.09,3,2,0,0
2024,12186,0004,0011,16000,2024-07-27 16:54:32,2024-07-29 11:08:38,42.23,42.23,5,1,3,0
2024,12187,0010,0012,4000,2024-07-29 10:23:29,2024-07-31 00:38:52,38.26,38.26,3,1,1,0
2024,12447,0010,0005,20000,2024-07-27 16:20:22,2024-07-28 16:26:06,24.1,24.1,11,9,1,0
2024,12616,0008,0008,3000,2024-07-28 04:04:37,2024-07-29 04:05:54,24.02,24.02,2,1,0,0
2024,12625,0008,0005,11000,2024-07-29 09:36:16,2024-07-31 10:35:16,48.98,48.0,9,3,5,0
2024,12686,0010,0010,2000,2024-07-28 11:38:53,2024-07-29 11:39:34,24.01,24.01,2,1,0,0
2024,12801,0011,0007,61000,2024-07-27 16:17:37,2024-07-29 01:59:03,33.69,33.69,7,4,2,0
2024,13132,0006,0002,27000,2024-07-27 16:36:33,2024-07-31 13:28:14,92.86,48.0,17,5,11,0
2024,13133,0006,0010,3000,2024-07-29 11:39:34,2024-07-31 10:34:19,46.91,46.91,3,1,1,0
2024,13146,0002,0007,20000,2024-07-28 13:33:50,2024-07-30 21:20:53,55.78,48.0,10,7,2,0
2024,13154,0003,0001,3000,2024-08-01 05:58:40,2024-08-03 04:16:11,46.29,46.29,3,1,1,0
2024,13168,0006,0007,3000,2024-08-05 02:38:18,2024-08-07 08:55:50,54.29,48.0,3,0,2,0
2024,13172,0001,0008,2000,2024-07-30 02:42:08,2024-08-01 01:48:34,47.11,47.11,2,0,1,0
2024,13189,0007,0001,13000,2024-07-27 17:44:13,2024-07-30 02:23:28,56.65,48.0,7,3,3,0
2024,13198,0004,0004,9000,2024-07-28 08:07:16,2024-07-30 18:44:37,58.62,48.0,7,4,2,0
2024,13284,0009,0009,3000,2024-07-28 10:45:08,2024-07-29 11:08:38,24.39,24.39,3,2,0,0
2024,13319,0010,0001,10000,2024-07-27 16:19:29,2024-07-29 02:12:46,33.89,33.89,6,4,1,0
2024,13404,0010,0004,16000,2024-07-28 11:38:12,2024-07-30 20:40:45,57.04,48.0,9,4,4,0
2024,13418,0012,0006,2000,2024-07-29 13:41:01,2024-07-31 12:56:04,47.25,47.25,2,0,1,0
2024,13592,0003,0011,7000,2024-07-31 15:12:59,2024-08-03 10:42:16,67.49,48.0,6,2,3,0
2024,13675,0004,0004,2000,2024-07-31 08:17:21,2024-08-01 08:44:24,24.45,24.45,2,1,0,0
2024,13681,0003,0001,3000,2024-07-29 13:19:12,2024-07-31 08:07:30,42.8,42.8,3,1,1,0
2024,13696,0004,0011,4000,2024-07-28 08:08:01,2024-07-29 12:58:40,28.84,28.84,3,1,1,0
2024,13743,0003,0012,4000,2024-07-28 06:05:15,2024-07-30 01:01:16,42.93,42.93,3,1,1,0
2024,13813,0005,0001,5000,2024-07-28 04:45:47,2024-07-30 02:57:06,46.19,46.19,4,2,1,0
2024,13837,0009,0004,4000,2024-07-29 11:22:51,2024-07-30 11:28:40,24.1,24.1,3,1,1,0
2024,13987,0008,0001,2000,2024-08-01 04:16:26,2024-08-03 03:15:13,46.98,46.98,2,0,1,0
2024,14067,0006,0011,5000,2024-07-28 04:18:07,2024-07-30 18:31:01,62.22,48.0,5,1,3,0
2024,14079,0006,0012,3000,2024-08-02 01:20:28,2024-08-04 13:25:09,60.08,48.0,3,0,2,0
2024,14080,0006,0003,21000,2024-07-28 14:36:56,2024-08-01 03:22:01,84.75,48.0,13,6,6,0
2024,14085,0009,0009,17000,2024-07-27 16:54:56,2024-07-30 23:45:12,78.84,48.0,10,4,5,0
2024,14086,0003,0010,4000,2024-08-01 05:42:49,2024-08-03 02:15:28,44.54,44.54,4,2,1,0
2024,14105,0012,0012,8000,2024-07-28 14:33:16,2024-07-30 02:42:08,36.15,36.15,6,2,3,0
2024,14127,0012,0001,4000,2024-07-28 14:33:02,2024-07-30 02:57:06,36.4,36.4,4,1,2,0
2024,14137,0008,0008,4000,2024-08-02 04:00:36,2024-08-04 04:12:56,48.21,48.0,3,0,2,0
2024,14147,0004,0004,5000,2024-07-29 09:36:54,2024-07-30 09:37:34,24.01,24.01,5,4,0,0
2024,14148,0009,0009,2000,2024-07-28 10:47:25,2024-07-29 11:08:38,24.35,24.35,2,1,0,0
2024,14179,0011,0011,5000,2024-07-30 09:28:57,2024-07-31 20:45:13,35.27,35.27,5,0,4,0
2024,14218,0005,0005,4000,2024-07-29 09:16:54,2024-07-30 09:20:48,24.07,24.07,3,2,0,0
2024,14221,0001,0007,3000,2024-08-01 03:22:01,2024-08-02 23:32:37,44.18,44.18,3,1,1,0
2024,14223,0006,0003,7000,2024-07-31 18:28:14,2024-08-03 10:42:16,64.23,48.0,7,1,5,0
2024,14249,0003,0003,2000,2024-07-28 06:08:40,2024-07-29 09:00:44,26.87,26.87,2,1,0,0
2024,14322,0010,0002,4000,2024-07-31 10:11:52,2024-08-02 15:00:46,52.81,48.0,4,0,3,0
2024,14412,0002,0002,3000,2024-07-29 19:30:17,2024-07-30 19:36:09,24.1,24.1,3,2,0,0
2024,14518,0011,0011,3000,2024-07-29 16:13:13,2024-07-30 16:23:41,24.17,24.17,3,2,0,0
2024,14590,0009,0009,2000,2024-07-30 10:07:51,2024-07-31 10:07:51,24.0,24.0,2,1,0,0
2024,14800,0012,0012,9000,2024-07-30 04:30:06,2024-08-02 02:58:05,70.47,48.0,7,2,4,0
2024,14803,0010,0004,2000,2024-07-31 10:15:16,2024-08-01 11:05:43,24.84,24.84,2,0,1,0
2024,14805,0006,0004,4000,2024-07-30 04:58:54,2024-08-01 08:44:24,51.76,48.0,4,0,3,0
2024,14823,0010,0001,11000,2024-07-30 10:35:02,2024-07-31 16:45:55,30.18,30.18,9,7,1,0
2024,14833,0011,0011,3000,2024-07-28 11:00:36,2024-07-29 11:08:38,24.13,24.13,3,2,0,0
2024,14845,0008,0008,4000,2024-07-27 16:30:43,2024-07-28 16:31:12,24.01,24.01,3,2,0,0
2024,14852,0008,0010,2000,2024-07-30 04:06:18,2024-07-31 10:48:00,30.7,30.7,2,0,1,0
2024,14867,0001,0001,9000,2024-07-29 02:33:49,2024-08-01 03:39:40,73.1,48.0,9,1,7,0
2024,14871,0007,0007,4000,2024-07-30 01:29:43,2024-07-31 01:32:40,24.05,24.05,3,2,0,0
2024,14896,0003,0003,2000,2024-07-31 04:18:44,2024-08-01 04:19:04,24.01,24.01,2,1,0,0
2024,14907,0005,0005,3000,2024-07-30 13:35:46,2024-08-01 13:43:03,48.12,48.0,3,0,2,0
2024,14909,0003,0003,4000,2024-07-27 16:17:44,2024-07-28 16:19:41,24.03,24.03,3,2,0,0
2024,14928,0006,0009,3000,2024-07-30 04:48:51,2024-07-31 10:11:21,29.38,29.38,3,0,2,0
2024,14974,0005,0005,2000,2024-08-04 04:13:24,2024-08-05 09:11:40,28.97,28.97,2,1,0,0
2024,14995,0008,0010,2000,2024-07-31 04:05:08,2024-08-01 10:51:16,30.77,30.77,2,0,1,0
2024,15001,0005,0010,2000,2024-07-31 10:50:34,2024-08-01 12:03:24,25.21,25.21,2,0,1,0
2024,15257,0001,0008,3000,2024-08-03 20:51:38,2024-08-05 19:02:29,46.18,46.18,3,1,1,0
2024,15261,0007,0007,6000,2024-07-29 02:31:41,2024-07-30 02:34:51,24.05,24.05,6,5,0,0
2024,15263,0008,0008,3000,2024-08-01 04:13:45,2024-08-02 04:13:58,24.0,24.0,2,1,0,0
2024,15366,0005,0009,2000,2024-07-30 13:02:12,2024-07-31 13:15:02,24.21,24.21,2,0,1,0
2024,15418,0003,0003,3000,2024-07-27 16:16:02,2024-07-28 16:19:41,24.06,24.06,3,2,0,0
2024,15693,0003,0007,4000,2024-08-02 09:50:09,2024-08-03 10:42:16,24.87,24.87,3,1,1,0
2024,15723,0007,0008,9000,2024-07-29 20:57:50,2024-07-31 19:03:20,46.09,46.09,5,3,1,0
2024,15752,0010,0010,4000,2024-08-01 04:29:59,2024-08-02 20:06:46,39.61,39.61,4,1,2,0
2024,15970,0007,0003,2000,2024-08-04 22:23:43,2024-08-05 22:40:23,24.28,24.28,2,0,1,0
2024,15972,0001,0001,4000,2024-08-01 03:03:03,2024-08-02 03:05:26,24.04,24.04,4,3,0,0
2024,16383,0001,0006,2000,2024-07-30 02:40:14,2024-07-31 11:22:05,32.7,32.7,2,0,1,0
2024,16633,0009,0006,2000,2024-08-02 00:00:40,2024-08-03 02:17:23,26.28,26.28,2,0,1,0
2024,16649,0005,0007,5000,2024-07-31 10:56:26,2024-08-01 16:27:39,29.52,29.52,4,2,1,0
2024,16858,0003,0008,3000,2024-08-02 04:35:24,2024-08-04 04:12:56,47.63,47.63,3,1,1,0
2024,9064,0008,0003,3000,2024-08-04 14:26:32,2024-08-07 00:21:04,57.91,48.0,3,0,2,0
2025,10413,0007,0007,2000,2025-08-10 02:33:42,2025-08-11 03:43:59,25.17,25.17,2,1,0,0
2025,11150,0004,0005,15000,2025-08-03 18:14:30,2025-08-04 19:54:58,25.67,25.67,4,2,1,0
2025,11222,0003,0012,5000,2025-08-08 09:00:39,2025-08-10 02:33:42,41.55,41.55,4,1,2,0
2025,11232,0004,0004,2000,2025-08-08 11:11:29,2025-08-09 11:14:54,24.06,24.06,2,1,0,0
2025,11244,0009,0004,21000,2025-08-03 16:03:40,2025-08-08 19:22:50,123.32,48.0,14,5,8,0
2025,11938,0002,0005,4000,2025-08-07 16:26:14,2025-08-09 16:12:50,47.78,47.78,3,1,1,0
2025,12186,0012,0001,20000,2025-08-03 18:09:20,2025-08-06 21:44:42,75.59,48.0,11,4,6,0
2025,12447,0008,0004,2000,2025-08-11 10:53:22,2025-08-13 01:08:48,38.26,38.26,2,0,1,0
2025,12676,0011,0011,2000,2025-08-05 11:18:37,2025-08-06 11:31:19,24.21,24.21,2,1,0,0
2025,12752,0008,0010,4000,2025-08-07 09:54:50,2025-08-09 01:45:41,39.85,39.85,3,1,1,0
2025,12860,0006,0004,2000,2025-08-06 09:07:25,2025-08-07 21:45:42,36.64,36.64,2,0,1,0
2025,13130,0011,0004,56000,2025-08-03 16:19:16,2025-08-05 11:47:30,43.47,43.47,11,3,7,0
2025,13138,0004,0004,5000,2025-08-07 10:04:58,2025-08-09 11:14:54,49.17,48.0,5,2,2,0
2025,13163,0010,0010,10000,2025-08-03 18:12:56,2025-08-04 18:13:40,24.01,24.01,6,5,0,0
2025,13164,0006,0006,9000,2025-08-03 16:06:10,2025-08-04 16:06:57,24.01,24.01,4,3,0,0
2025,13192,0010,0003,27000,2025-08-04 04:02:49,2025-08-08 14:23:42,106.35,48.0,12,3,8,0
2025,13193,0012,0005,6000,2025-08-05 13:16:34,2025-08-06 15:16:03,25.99,25.99,5,3,1,0
2025,13251,0001,0007,4000,2025-08-05 18:52:37,2025-08-06 22:29:39,27.62,27.62,3,0,2,0
2025,13284,0010,0010,3000,2025-08-06 10:46:03,2025-08-07 10:49:27,24.06,24.06,3,2,0,0
2025,13299,0005,0007,29000,2025-08-03 16:03:13,2025-08-04 19:42:49,27.66,27.66,8,4,3,0
2025,13404,0008,0008,8000,2025-08-03 18:49:20,2025-08-04 18:49:24,24.0,24.0,2,1,0,0
2025,13590,0004,0004,31000,2025-08-03 16:20:22,2025-08-04 16:46:24,24.43,24.43,7,4,2,0
2025,13592,0003,0003,18000,2025-08-03 17:30:14,2025-08-04 17:32:22,24.04,24.04,8,7,0,0
2025,13610,0010,0008,3000,2025-08-05 04:04:51,2025-08-06 21:35:09,41.51,41.51,3,1,1,0
2025,13633,0005,0005,2000,2025-08-04 09:42:30,2025-08-05 09:43:05,24.01,24.01,2,1,0,0
2025,13635,0001,0003,21000,2025-08-04 01:21:49,2025-08-05 18:32:30,41.18,41.18,8,6,1,0
2025,13674,0001,0001,7000,2025-08-04 21:19:27,2025-08-05 21:19:53,24.01,24.01,5,4,0,0
2025,13714,0004,0004,4000,2025-08-06 09:06:31,2025-08-07 11:17:37,26.18,26.18,4,1,2,0
2025,13737,0008,0008,2000,2025-08-06 10:04:47,2025-08-07 10:04:58,24.0,24.0,2,1,0,0
2025,13813,0009,0009,2000,2025-08-04 09:51:29,2025-08-05 09:51:40,24.0,24.0,2,1,0,0
2025,13837,0003,0005,5000,2025-08-04 04:07:26,2025-08-05 22:33:37,42.44,42.44,4,2,1,0
2025,13869,0004,0001,2000,2025-08-04 09:24:17,2025-08-05 12:02:54,26.64,26.64,2,0,1,0
2025,13987,0006,0006,4000,2025-08-05 09:28:25,2025-08-07 03:42:38,42.24,42.24,4,1,2,0
2025,14071,0008,0001,20000,2025-08-03 18:48:44,2025-08-05 23:45:27,52.95,48.0,6,2,3,0
2025,14079,0005,0005,2000,2025-08-07 12:27:48,2025-08-08 12:38:07,24.17,24.17,2,1,0,0
2025,14109,0002,0010,19000,2025-08-04 13:47:52,2025-08-05 16:04:28,26.28,26.28,5,3,1,0
2025,14136,0002,0003,8000,2025-08-04 13:49:14,2025-08-05 19:16:52,29.46,29.46,5,2,2,0
2025,14167,0011,0001,2000,2025-08-08 09:42:25,2025-08-10 03:37:39,41.92,41.92,2,0,1,0
2025,14179,0002,0002,2000,2025-08-04 13:26:55,2025-08-05 13:27:58,24.02,24.02,2,1,0,0
2025,14218,0005,0005,2000,2025-08-04 09:35:07,2025-08-05 09:35:08,24.0,24.0,2,1,0,0
2025,14221,0011,0011,4000,2025-08-07 09:29:36,2025-08-09 02:11:49,40.7,40.7,4,1,2,0
2025,14223,0005,0005,4000,2025-08-07 15:30:55,2025-08-08 15:31:16,24.01,24.01,3,2,0,0
2025,14225,0010,0011,10000,2025-08-05 04:03:01,2025-08-06 10:32:00,30.48,30.48,5,3,1,0
2025,14251,0001,0001,2000,2025-08-06 19:08:08,2025-08-07 19:09:19,24.02,24.02,2,1,0,0
2025,14412,0004,0004,2000,2025-08-05 08:41:58,2025-08-06 08:48:22,24.11,24.11,2,1,0,0
2025,14779,0005,0011,51000,2025-08-03 16:02:00,2025-08-04 16:20:52,24.31,24.31,5,2,2,0
2025,14797,0006,0010,23000,2025-08-03 16:16:41,2025-08-05 16:04:18,47.79,47.79,7,3,3,0
2025,14823,0001,0001,4000,2025-08-06 19:06:47,2025-08-07 19:09:19,24.04,24.04,3,2,0,0
2025,14840,0004,0004,11000,2025-08-05 08:44:00,2025-08-06 19:34:40,34.84,34.84,7,1,5,0
2025,14882,0001,0001,2000,2025-08-04 21:20:15,2025-08-05 21:23:48,24.06,24.06,2,1,0,0
2025,14892,0006,0006,4000,2025-08-05 09:29:02,2025-08-07 03:31:41,42.04,42.04,4,1,2,0
2025,14910,0001,0010,3000,2025-08-08 03:40:39,2025-08-09 03:55:22,24.25,24.25,2,0,1,0
2025,14927,0005,0005,2000,2025-08-06 12:18:39,2025-08-07 12:24:38,24.1,24.1,2,1,0,0
2025,14928,0009,0009,2000,2025-08-03 16:05:08,2025-08-04 16:05:58,24.01,24.01,2,1,0,0
2025,15253,0003,0003,17000,2025-08-03 17:44:20,2025-08-07 00:37:34,78.89,48.0,8,4,3,0
2025,15254,0011,0006,13000,2025-08-05 04:23:07,2025-08-07 04:00:10,47.62,47.62,8,5,2,0
2025,15261,0001,0008,37000,2025-08-04 01:20:20,2025-08-07 12:00:08,82.66,48.0,13,8,4,0
2025,15292,0009,0007,4000,2025-08-08 11:19:35,2025-08-09 16:12:50,28.89,28.89,3,1,1,0
2025,15293,0001,0005,5000,2025-08-05 18:52:56,2025-08-07 18:03:05,47.17,47.17,3,1,1,0
2025,15319,0012,0008,2000,2025-08-08 01:26:48,2025-08-09 01:45:41,24.31,24.31,2,0,1,0
2025,15346,0008,0005,3000,2025-08-04 09:37:41,2025-08-06 08:39:34,47.03,47.03,3,0,2,0
2025,15404,0011,0011,4000,2025-08-07 09:33:19,2025-08-08 19:09:36,33.6,33.6,4,1,2,0
2025,15428,0009,0004,3000,2025-08-05 11:13:23,2025-08-07 01:24:22,38.18,38.18,3,1,1,0
2025,15698,0010,0010,28000,2025-08-03 16:01:35,2025-08-04 16:01:39,24.0,24.0,4,3,0,0
2025,15713,0007,0007,6000,2025-08-05 12:15:55,2025-08-06 12:16:10,24.0,24.0,4,3,0,0
2025,15835,0007,0007,2000,2025-08-04 21:31:00,2025-08-05 21:31:34,24.01,24.01,2,1,0,0
2025,15839,0007,0004,3000,2025-08-03 19:16:32,2025-08-04 20:23:15,25.11,25.11,3,1,1,0
2025,15861,0009,0007,4000,2025-08-05 11:14:42,2025-08-07 23:04:00,59.82,48.0,4,1,2,0
2025,15869,0008,0010,2000,2025-08-07 09:54:12,2025-08-08 19:09:36,33.26,33.26,2,0,1,0
2025,15889,0001,0008,2000,2025-08-09 03:32:25,2025-08-11 03:43:59,48.19,48.0,2,0,1,0
2025,16175,0003,0005,4000,2025-08-07 19:46:51,2025-08-09 08:51:10,37.07,37.07,3,1,1,0
2025,16178,0006,0006,2000,2025-08-04 09:47:11,2025-08-05 09:47:35,24.01,24.01,2,1,0,0
2025,16269,0005,0005,2000,2025-08-06 12:22:22,2025-08-07 12:24:38,24.04,24.04,2,1,0,0
2025,16280,0010,0010,2000,2025-08-04 04:02:18,2025-08-05 04:03:01,24.01,24.01,2,1,0,0
2025,16414,0008,0001,2000,2025-08-04 09:40:06,2025-08-05 11:30:15,25.84,25.84,2,0,1,0
2025,17054,0007,0006,5000,2025-08-07 11:06:03,2025-08-09 02:56:24,39.84,39.84,5,3,1,0
2025,17099,0010,0007,4000,2025-08-07 04:04:30,2025-08-08 18:29:18,38.41,38.41,4,0,3,0
2025,17241,0008,0010,2000,2025-08-05 09:29:10,2025-08-06 10:26:49,24.96,24.96,2,0,1,0
2025,7836,0002,0004,7000,2025-08-04 13:27:12,2025-08-05 22:54:39,33.46,33.46,4,2,1,0
2025,9064,0007,0006,6000,2025-08-05 17:39:08,2025-08-07 17:15:41,47.61,47.61,3,0,2,0
2025,9431,0004,0001,18000,2025-08-04 09:21:07,2025-08-05 21:27:47,36.11,36.11,7,3,3,0
