player_name,position,rank_pos,model_score,tier,nfl_team,source_url
Caleb Williams,QB,1,99,Tier 1 - Franchise QB,CHI,https://www.legendaryupside.com/drake-mayes-superstar-ceiling-rookie-qbs-tiers-1-2/
Drake Maye,QB,2,90,Tier 2 - Superstar Ceiling,NEP,https://www.legendaryupside.com/drake-mayes-superstar-ceiling-rookie-qbs-tiers-1-2/
Jayden Daniels,QB,3,88,Tier 2 - Superstar Ceiling,WAS,https://www.legendaryupside.com/drake-mayes-superstar-ceiling-rookie-qbs-tiers-1-2/
J.J. McCarthy,QB,4,72,Tier 2 - Superstar Ceiling,MIN,https://www.legendaryupside.com/drake-mayes-superstar-ceiling-rookie-qbs-tiers-1-2/
Bo Nix,QB,5,55,Unranked / Implied Day-2 Tier,DEN,https://www.legendaryupside.com/rookie-rankings-2024/
Michael Penix Jr.,QB,6,50,Unranked / Implied Day-2 Tier,ATL,https://www.legendaryupside.com/rookie-rankings-2024/
Jonathon Brooks,RB,1,90,Tier 1 - Best in Class,CAR,https://www.legendaryupside.com/jonathon-brooks-is-worth-the-risk-rookie-rb-tiers-1-2/
Trey Benson,RB,2,80,Tier 2,ARI,https://www.legendaryupside.com/jonathon-brooks-is-worth-the-risk-rookie-rb-tiers-1-2/
Braelon Allen,RB,3,72,Tier 3 - Boom/Bust,NYJ,https://www.legendaryupside.com/braelon-allen-on-the-back-of-a-hurricane-rookie-rb-tiers-3-5/
MarShawn Lloyd,RB,4,68,Tier 3-5 (Pre-Draft Ranges),GBP,https://www.legendaryupside.com/braelon-allen-on-the-back-of-a-hurricane-rookie-rb-tiers-3-5/
Bucky Irving,RB,5,65,Tier 3-5 (Pre-Draft Ranges),TBB,https://www.legendaryupside.com/braelon-allen-on-the-back-of-a-hurricane-rookie-rb-tiers-3-5/
Will Shipley,RB,6,60,Tier 3-5 (Pre-Draft Ranges),PHI,https://www.legendaryupside.com/braelon-allen-on-the-back-of-a-hurricane-rookie-rb-tiers-3-5/
Audric Estime,RB,7,58,Tier 3-5 (Pre-Draft Ranges),DEN,https://www.legendaryupside.com/braelon-allen-on-the-back-of-a-hurricane-rookie-rb-tiers-3-5/
Ray Davis,RB,8,55,Tier 4-5 (Pre-Draft Ranges),BUF,https://www.legendaryupside.com/braelon-allen-on-the-back-of-a-hurricane-rookie-rb-tiers-3-5/
Blake Corum,RB,9,52,Tier 4-5 (Pre-Draft Ranges),LAR,https://www.legendaryupside.com/braelon-allen-on-the-back-of-a-hurricane-rookie-rb-tiers-3-5/
Jaylen Wright,RB,10,50,Tier 4-5 (Pre-Draft Ranges),MIA,https://www.legendaryupside.com/braelon-allen-on-the-back-of-a-hurricane-rookie-rb-tiers-3-5/
Isaac Guerendo,RB,11,45,Tier 5+ (Pre-Draft Ranges),SFO,https://www.legendaryupside.com/braelon-allen-on-the-back-of-a-hurricane-rookie-rb-tiers-3-5/
Dylan Laube,RB,12,42,Tier 5+ (Pre-Draft Ranges),LVR,https://www.legendaryupside.com/braelon-allen-on-the-back-of-a-hurricane-rookie-rb-tiers-3-5/
Kimani Vidal,RB,13,38,Tier 5+ (Pre-Draft Ranges),LAC,https://www.legendaryupside.com/braelon-allen-on-the-back-of-a-hurricane-rookie-rb-tiers-3-5/
Tyrone Tracy,RB,14,35,Tier 5+ (Pre-Draft Ranges),NYG,https://www.legendaryupside.com/braelon-allen-on-the-back-of-a-hurricane-rookie-rb-tiers-3-5/
Marvin Harrison Jr.,WR,1,99,Tier 1 - A Generational Layup,ARI,https://www.legendaryupside.com/dont-overthink-marvin-harrison-jr-rookie-wrs-tiers-1-4/
Malik Nabers,WR,2,95,Tier 2 - Elite Upside,NYG,https://www.legendaryupside.com/dont-overthink-marvin-harrison-jr-rookie-wrs-tiers-1-4/
Rome Odunze,WR,3,90,Tier 2 - Elite Upside,CHI,https://www.legendaryupside.com/dont-overthink-marvin-harrison-jr-rookie-wrs-tiers-1-4/
Brian Thomas Jr.,WR,4,85,Tier 3-4,JAX,https://www.legendaryupside.com/dont-overthink-marvin-harrison-jr-rookie-wrs-tiers-1-4/
Adonai Mitchell,WR,5,75,Tier 5,IND,https://www.legendaryupside.com/take-the-leap-with-troy-franklin-rookie-wrs-tier-5/
Troy Franklin,WR,6,73,Tier 5 - Boom/Bust (Author Favorite),DEN,https://www.legendaryupside.com/take-the-leap-with-troy-franklin-rookie-wrs-tier-5/
Xavier Worthy,WR,7,70,Tier 5,KCC,https://www.legendaryupside.com/take-the-leap-with-troy-franklin-rookie-wrs-tier-5/
Ladd McConkey,WR,8,68,Tier 5,LAC,https://www.legendaryupside.com/take-the-leap-with-troy-franklin-rookie-wrs-tier-5/
Keon Coleman,WR,9,65,Tier 5,BUF,https://www.legendaryupside.com/take-the-leap-with-troy-franklin-rookie-wrs-tier-5/
Xavier Legette,WR,10,55,Tier 6 - Premium Dart Throws,CAR,https://www.legendaryupside.com/xavier-legette-and-learning-to-live-a-little-wrs-tiers-6-7/
Ricky Pearsall,WR,11,50,Tier 7,SFO,https://www.legendaryupside.com/xavier-legette-and-learning-to-live-a-little-wrs-tiers-6-7/
Ja'Lynn Polk,WR,12,45,Tier 7,NEP,https://www.legendaryupside.com/xavier-legette-and-learning-to-live-a-little-wrs-tiers-6-7/
Roman Wilson,WR,13,42,Tier 7,PIT,https://www.legendaryupside.com/xavier-legette-and-learning-to-live-a-little-wrs-tiers-6-7/
Malachi Corley,WR,14,38,Tier 7,NYJ,https://www.legendaryupside.com/xavier-legette-and-learning-to-live-a-little-wrs-tiers-6-7/
Jermaine Burton,WR,15,35,Tier 7,CIN,https://www.legendaryupside.com/xavier-legette-and-learning-to-live-a-little-wrs-tiers-6-7/
Brock Bowers,TE,1,99,Tier 1 - YAC King,LVR,https://www.legendaryupside.com/brock-bowers-yac-king-rookie-tes-tiers-1-3/
Ben Sinnott,TE,2,75,Tier 2 - Premium Dart Throws,WAS,https://www.legendaryupside.com/brock-bowers-yac-king-rookie-tes-tiers-1-3/
Ja'Tavion Sanders,TE,3,55,Tier 3 (Implied),CAR,https://www.legendaryupside.com/brock-bowers-yac-king-rookie-tes-tiers-1-3/
Theo Johnson,TE,4,50,Tier 3 (Implied),NYG,https://www.legendaryupside.com/brock-bowers-yac-king-rookie-tes-tiers-1-3/
