season,round,pick,team,gsis_id,pfr_player_id,cfb_player_id,pfr_player_name,hof,position,category,side,college,age,to,allpro,probowls,seasons_started,w_av,car_av,dr_av,games,pass_completions,pass_attempts,pass_yards,pass_tds,pass_ints,rush_atts,rush_yards,rush_tds,receptions,rec_yards,rec_tds,def_solo_tackles,def_ints,def_sacks
2024,1,1,CHI,00-0039918,WillCa03,caleb-williams-3,Caleb Williams,false,QB,QB,O,USC,22,2025,0,0,1,26,,26,34,681,1130,7483,47,13,158,877,3,2,22,1,,,
2024,1,2,WAS,00-0039910,DaniJa02,jayden-daniels-1,Jayden Daniels,false,QB,QB,O,LSU,23,2025,0,1,1,26,,26,24,445,668,4830,33,12,206,1169,8,0,0,0,,,
2024,1,3,NWE,00-0039851,MayeDr00,drake-maye-1,Drake Maye,false,QB,QB,O,North Carolina,22,2025,0,2,1,26,,26,30,579,830,6670,46,18,157,871,6,1,2,0,,,
2024,1,4,ARI,00-0039849,HarrMa09,marvin-harrison-jr-1,Marvin Harrison Jr.,false,WR,WR,O,Ohio St.,22,2025,0,0,1,13,,13,29,0,0,0,0,0,0,0,0,103,1493,12,,,
2024,1,6,NYG,00-0039337,NabeMa00,malik-nabers-1,Malik Nabers,false,WR,WR,O,LSU,21,2025,0,1,1,12,,12,19,0,1,0,0,0,5,2,0,127,1475,9,,,
2024,1,8,ATL,00-0039917,PeniMi00,michael-penix-jr-1,Michael Penix,false,QB,QB,O,Washington,24,2025,0,0,0,8,,8,14,227,381,2757,12,6,28,81,2,0,0,0,,,
2024,1,9,CHI,00-0039919,OdunRo00,rome-odunze-1,Rome Odunze,false,WR,WR,O,Washington,22,2025,0,0,1,12,,12,29,0,0,0,0,0,3,15,0,98,1395,9,,,
2024,1,10,MIN,00-0039923,McCaJJ00,jj-mccarthy-1,J.J. McCarthy,false,QB,QB,O,Michigan,21,2025,0,0,0,4,,4,10,140,243,1632,11,12,37,181,4,0,0,0,,,
2024,1,12,DEN,00-0039732,NixxBo00,bo-nix-1,Bo Nix,false,QB,QB,O,Oregon,24,2025,0,0,1,25,,25,34,764,1179,7706,54,23,175,786,9,1,2,1,,,
2024,1,13,LVR,00-0039338,BoweBr01,brock-bowers-1,Brock Bowers,false,TE,TE,O,Georgia,21,2025,1,2,1,14,,14,29,0,0,0,0,0,7,15,0,176,1874,12,,,
2024,1,23,JAX,00-0039893,ThomBr06,brian-thomas-jr-1,Brian Thomas,false,WR,WR,O,LSU,21,2025,0,1,1,18,,18,31,0,0,0,0,0,9,69,1,135,1989,12,,,
2024,1,28,KAN,00-0039894,WortXa00,xavier-worthy-1,Xavier Worthy,false,WR,WR,O,Texas,21,2025,0,0,1,13,,13,31,0,0,0,0,0,31,191,3,101,1170,7,,,
2024,1,31,SFO,00-0039916,PearRi00,ricky-pearsall-1,Ricky Pearsall,false,WR,WR,O,Florida,23,2025,0,0,0,8,,8,20,0,1,0,0,0,5,43,0,67,928,3,,,
2024,1,32,CAR,00-0039342,LegeXa00,xavier-legette-1,Xavier Legette,false,WR,WR,O,South Carolina,23,2025,0,0,1,8,,8,31,0,0,0,0,0,7,24,0,84,860,7,,,
2024,2,33,BUF,00-0039901,ColeKe02,keon-coleman-1,Keon Coleman,false,WR,WR,O,Florida St.,21,2025,0,0,1,11,,11,26,0,0,0,0,0,1,9,0,67,960,8,,,
2024,2,34,LAC,00-0039915,McCoLa00,ladd-mcconkey-1,Ladd McConkey,false,WR,WR,O,Georgia,22,2025,0,0,1,18,,18,32,0,0,0,0,0,0,0,0,148,1938,13,,,
2024,2,37,NWE,00-0039907,PolkJa00,jalynn-polk-1,Ja'Lynn Polk,false,WR,WR,O,Washington,22,2024,0,0,1,1,,1,15,0,0,0,0,0,1,0,0,12,87,2,,,
2024,2,46,CAR,00-0039344,BrooJo02,jonathon-brooks-1,Jonathon Brooks,false,RB,RB,O,Texas,21,2024,0,0,0,0,,0,3,0,0,0,0,0,9,22,0,3,23,0,,,
2024,2,52,IND,00-0039890,MitcAd00,adonai-mitchell-1,Adonai Mitchell,false,WR,WR,O,Texas,21,2025,0,0,1,8,,5,33,1,1,24,0,0,5,2,0,56,765,2,,,
2024,2,53,WAS,00-0039912,SinnBe00,ben-sinnott-1,Ben Sinnott,false,TE,TE,O,Kansas St.,22,2025,0,0,0,1,,1,33,0,0,0,0,0,0,0,0,16,142,2,2,,
2024,3,65,NYJ,00-0039920,CorlMa00,malachi-corley-1,Malachi Corley,false,WR,WR,O,Western Kentucky,22,2025,0,0,0,1,,0,22,0,0,0,0,0,15,153,0,14,95,0,,,
2024,3,66,ARI,00-0039921,BensTr01,trey-benson-2,Trey Benson,false,RB,RB,O,Florida St.,22,2025,0,0,0,3,,3,17,0,0,0,0,0,92,451,1,19,123,0,,,
2024,3,80,CIN,00-0039810,BurtJe01,jermaine-burton-1,Jermaine Burton,false,WR,WR,O,Alabama,23,2024,0,0,0,1,,1,14,0,0,0,0,0,0,0,0,4,107,0,,,
2024,3,82,ARI,00-0039737,ReimTi00,tip-reiman-1,Tip Reiman,false,TE,TE,O,Illinois,22,2025,0,0,1,0,,0,21,0,0,0,0,0,0,0,0,9,55,0,,,
2024,3,83,LAR,00-0039738,CoruBl00,blake-corum-1,Blake Corum,false,RB,RB,O,Michigan,23,2025,0,0,0,8,,8,34,0,0,0,0,0,203,953,6,15,94,0,3,,
2024,3,84,PIT,00-0039739,WilsRo02,roman-wilson-1,Roman Wilson,false,WR,WR,O,Michigan,23,2025,0,0,0,2,,2,14,0,0,0,0,0,0,0,0,12,166,2,1,,
2024,3,88,GNB,00-0039811,LloyMa00,marshawn-lloyd-1,MarShawn Lloyd,false,RB,RB,O,USC,23,2024,0,0,0,0,,0,1,0,0,0,0,0,6,15,0,1,3,0,,,
2024,3,92,TAM,00-0039855,McMiJa01,jalen-mcmillan-1,Jalen McMillan,false,WR,WR,O,Washington,22,2025,0,0,0,7,,7,17,0,0,0,0,0,5,44,0,49,639,8,,,
2024,3,100,WAS,00-0039355,McCaLu00,luke-mccaffrey-1,Luke McCaffrey,false,WR,WR,O,Rice,23,2025,0,0,0,4,,4,26,0,0,0,0,0,0,0,0,29,371,3,2,,
2024,4,101,CAR,00-0039356,SandJa01,jatavion-sanders-1,Ja'Tavion Sanders,false,TE,TE,O,Texas,21,2025,0,0,0,5,,5,29,0,0,0,0,0,0,0,0,62,532,2,3,,
2024,4,102,DEN,00-0039868,FranTr00,troy-franklin-2,Troy Franklin,false,WR,WR,O,Oregon,21,2025,0,0,0,8,,8,33,0,0,0,0,0,7,20,0,93,972,8,,,
2024,4,107,NYG,00-0039847,JohnTh00,theo-johnson-1,Theo Johnson,false,TE,TE,O,Penn St.,23,2025,0,0,1,7,,7,27,0,0,0,0,0,0,0,0,74,859,6,,,
2024,4,110,NWE,00-0039853,BakeJa00,javon-baker-1,Javon Baker,false,WR,WR,O,Central Florida,22,2024,0,0,0,0,,0,11,0,0,0,0,0,0,0,0,1,12,0,,,
2024,4,113,BAL,00-0039792,WalkDe01,devontez-walker-1,Devontez Walker,false,WR,WR,O,North Carolina,23,2025,0,0,0,1,,1,21,0,0,0,0,0,0,0,0,7,157,4,3,,1.0
2024,4,115,CIN,00-0039814,AllxEr00,erick-all-1,Erick All,false,TE,TE,O,Iowa,23,2024,0,0,1,1,,1,9,0,0,0,0,0,0,0,0,20,158,0,,,
2024,4,120,MIA,00-0039874,WrigJa04,jaylen-wright-1,Jaylen Wright,false,RB,RB,O,Tennessee,21,2025,0,0,0,4,,4,25,0,0,0,0,0,138,537,2,8,52,0,,,
2024,4,121,SEA,00-0039793,BarnAJ00,aj-barner-1,AJ Barner,false,TE,TE,O,Michigan,22,2025,0,0,0,7,,7,34,0,0,0,0,0,10,14,1,82,764,10,3,,
2024,4,123,HOU,00-0039359,StovCa00,cade-stover-1,Cade Stover,false,TE,TE,O,Ohio St.,24,2025,0,0,1,2,,2,24,0,0,0,0,0,4,3,0,27,209,1,7,,
2024,4,125,TAM,00-0039361,IrviBu00,markeise-irving-1,Bucky Irving,false,RB,RB,O,Oregon,22,2025,0,0,0,18,,18,27,0,0,0,0,0,380,1710,9,77,669,3,,,
2024,4,127,PHI,00-0039746,ShipWi00,will-shipley-1,Will Shipley,false,RB,RB,O,Clemson,22,2025,0,0,0,2,,2,31,0,0,0,0,0,44,131,0,13,91,0,11,,
2024,4,128,BUF,00-0039875,DaviRa04,remahn-davis-1,Ray Davis,false,RB,RB,O,Kentucky,24,2025,1,0,0,10,,10,34,0,0,0,0,0,171,717,3,27,275,5,,,
2024,4,129,SFO,00-0039363,GuerIs00,isaac-guerendo-1,Isaac Guerendo,false,RB,RB,O,Louisville,24,2025,0,0,0,4,,4,30,0,0,0,0,0,84,420,4,15,152,0,2,,
2024,4,131,KAN,00-0039824,WileJa00,jared-wiley-1,Jared Wiley,false,TE,TE,O,TCU,23,2025,0,0,0,0,,0,12,0,0,0,0,0,0,0,0,2,11,0,1,,
2024,4,134,NYJ,00-0039794,AlleBr05,braelon-allen-1,Braelon Allen,false,RB,RB,O,Wisconsin,20,2025,0,0,0,4,,4,21,0,0,0,0,0,110,410,3,21,165,1,1,,
2024,4,135,SFO,00-0039365,CowiJa00,jacob-cowing-1,Jacob Cowing,false,WR,WR,O,Arizona,23,2024,0,0,0,1,,1,15,0,0,0,0,0,1,7,0,4,80,0,,,
2024,5,142,IND,00-0039816,GoulAn00,anthony-gould-1,Anthony Gould,false,WR,WR,O,Oregon St.,23,2025,0,0,0,0,,0,19,0,0,0,0,0,0,0,0,3,29,0,,,
2024,5,147,DEN,00-0039373,EstiAu00,audric-estime-1,Audric Estime,false,RB,RB,O,Notre Dame,21,2025,0,0,0,4,,2,20,0,0,0,0,0,122,508,3,17,130,0,,,
2024,5,150,NOR,00-0039376,RattSp00,spencer-rattler-1,Spencer Rattler,false,QB,QB,O,South Carolina,23,2025,0,0,0,6,,6,16,304,485,2903,12,10,49,313,0,1,0,0,,,
2024,5,152,PHI,00-0039747,SmitAi00,ainias-smith-1,Ainias Smith,false,WR,WR,O,Texas A&M,23,2024,0,0,0,1,,1,7,0,0,0,0,0,2,6,0,7,41,1,,,
2024,5,156,CLE,00-0039379,ThraJa01,jamari-thrash-1,Jamari Thrash,false,WR,WR,O,Louisville,23,2025,0,0,0,1,,1,18,0,0,0,0,0,0,0,0,13,129,0,,,
2024,5,165,BAL,00-0039796,AlixRa00,rasheen-ali-1,Rasheen Ali,false,RB,RB,O,Marshall,23,2025,0,0,0,1,,1,21,0,0,0,0,0,17,55,0,9,68,1,7,,
2024,5,166,NYG,00-0039384,TracTy00,tyrone-tracy-jr-1,Tyrone Tracy Jr.,false,RB,RB,O,Purdue,24,2025,0,0,1,14,,14,32,0,0,0,0,0,368,1579,7,74,572,3,,,
2024,5,167,JAX,00-0039385,RobiKe03,keilan-robinson-1,Keilan Robinson,false,RB,RB,O,Texas,24,2024,0,0,0,0,,0,6,0,0,0,0,0,0,0,0,0,0,0,,,
2024,5,170,NOR,00-0039386,MeanBu00,bub-means-1,Bub Means,false,WR,WR,O,Pittsburgh,23,2024,0,0,0,1,,1,7,0,0,0,0,0,0,0,0,9,118,1,,,
2024,5,171,NYJ,00-0039797,TravJo00,jordan-travis-1,Jordan Travis,false,QB,QB,O,Florida St.,24,,0,0,0,,,,,,,,,,,,,,,,,,
2024,5,173,NYJ,00-0039798,DaviIs00,,Isaiah Davis,false,RB,RB,O,South Dakota St.,22,2025,0,0,0,5,,5,33,0,0,0,0,0,73,410,2,30,261,1,8,,
2024,6,181,LAC,00-0039391,VidaKi00,kimani-vidal-1,Kimani Vidal,false,RB,RB,O,Troy,23,2025,0,0,0,7,,7,23,0,0,0,0,0,198,798,3,21,198,2,,,
2024,6,182,TEN,00-0039392,JackJh00,jhaquan-jackson-1,Jha'Quan Jackson,false,WR,WR,O,Tulane,24,2024,0,0,0,0,,0,12,0,0,0,0,0,1,-5,0,1,8,0,,,
2024,6,184,MIA,00-0039880,WashMa00,malik-washington-1,Malik Washington,false,WR,WR,O,Virginia,23,2025,0,0,0,7,,7,31,0,0,0,0,0,22,135,2,72,540,3,,,
2024,6,185,PHI,00-0039236,WilsJo03,johnny-wilson-3,Johnny Wilson,false,WR,WR,O,Florida St.,23,2024,0,0,0,0,,0,16,0,0,0,0,0,0,0,0,5,38,1,,,
2024,6,186,ATL,00-0039393,McClJa05,jase-mcclellan-1,Jase McClellan,false,RB,RB,O,Alabama,22,2024,0,0,0,0,,0,2,0,0,0,0,0,13,32,0,0,0,0,,,
2024,6,187,ATL,00-0039394,WashCa01,casey-washington-1,Casey Washington,false,WR,WR,O,Illinois,23,2025,0,0,0,1,,1,15,0,0,0,0,0,0,0,0,7,108,0,,,
2024,6,191,ARI,00-0039397,PalmTe00,tejhaun-palmer-1,Tejhaun Palmer,false,WR,WR,O,Ala-Birmingham,24,2025,0,0,0,0,,0,1,0,0,0,0,0,0,0,0,0,0,0,,,
2024,6,193,NWE,00-0039398,MiltJo00,joe-milton-2,Joe Milton,false,QB,QB,O,Tennessee,24,2025,0,0,0,2,,1,5,37,53,424,2,2,15,66,1,0,0,0,,,
2024,6,194,CIN,00-0039399,McLaTa00,tanner-mclachlan-2,Tanner McLachlan,false,TE,TE,O,Arizona,25,2024,0,0,0,0,,0,2,0,0,0,0,0,0,0,0,0,0,0,,,
2024,6,205,HOU,00-0039405,JordJa00,jawhar-jordan-1,Jawhar Jordan,false,RB,RB,O,Louisville,25,2025,0,0,0,1,,1,4,0,0,0,0,0,43,193,0,7,34,0,,,
2024,6,208,LVR,00-0039407,LaubDy00,,Dylan Laube,false,RB,RB,O,New Hampshire,24,2025,0,0,0,0,,0,27,0,0,0,0,0,8,9,0,3,18,0,4,,
2024,6,213,LAR,00-0039751,WhitJo04,jordan-whittington-2,Jordan Whittington,false,WR,WR,O,Texas,23,2025,0,0,0,5,,5,32,0,0,0,0,0,5,24,0,40,464,0,5,,
2024,6,216,DAL,00-0039410,FlouRy00,,Ryan Flournoy,false,WR,WR,O,SE Missouri St.,24,2025,0,0,0,5,,5,27,0,0,0,0,0,4,25,0,50,577,4,4,,
2024,6,218,BAL,00-0039801,LearDe00,devin-leary-1,Devin Leary,false,QB,QB,O,Kentucky,24,,0,0,0,,,,,,,,,,,,,,,,,,
2024,7,225,LAC,00-0039415,RiceBr00,brenden-rice-1,Brenden Rice,false,WR,WR,O,USC,22,2024,0,0,0,0,,0,3,0,0,0,0,0,0,0,0,0,0,0,,,
2024,7,231,NWE,00-0039420,BellJa00,jaheim-bell-1,Jaheim Bell,false,TE,TE,O,Florida St.,23,2024,0,0,0,0,,0,15,0,0,0,0,0,0,0,0,2,20,0,1,,
2024,7,235,DEN,00-0039424,VeleDe00,devaughn-vele-1,Devaughn Vele,false,WR,WR,O,Utah,26,2025,0,0,0,6,,4,26,0,0,0,0,0,0,0,0,66,768,5,,,
2024,7,241,MIA,00-0039884,WashTa00,tahj-washington-1,Tahj Washington,false,WR,WR,O,USC,23,2025,0,0,0,0,,0,6,0,0,0,0,0,0,0,0,3,37,0,,,
2024,7,245,GNB,00-0039238,PratMi00,michael-pratt-1,Michael Pratt,false,QB,QB,O,Tulane,22,,0,0,0,,,,,,,,,,,,,,,,,,
2024,7,246,TAM,00-0039754,CulpDe00,devin-culp-1,Devin Culp,false,TE,TE,O,Washington,24,2025,0,0,0,1,,1,18,0,0,0,0,0,0,0,0,6,94,1,1,,
2024,7,253,LAC,00-0039437,JohnCo02,cornelius-johnson-1,Cornelius Johnson,false,WR,WR,O,Michigan,23,,0,0,0,,,,,,,,,,,,,,,,,,
