position,season,prior_season,player_id,player_name,franchise_id,prior_team_name,team_name,prior_status,cur_status,prior_salary,cur_salary,salary_jump_x,prior_cy,cur_cy,extension_flag,restructure_flag,mym_flag,contract_info,inferred_extension_term,inferred_extension_rate,reasons
QB,2018,2017,10313,"Dalton, Andy",0004,Good in Da Hood,Pure Greatness,STANDARD,Veteran,16000,1000,0.06,1,3,0,0,0,,0,0,contract_year_reset_no_flag
QB,2020,2019,10697,"Tannehill, Ryan",0010,Ulterior Warrior,Blake Bombers,WW,Veteran,6000,2000,0.33,1,3,0,0,0,TCV 6K,0,0,contract_year_reset_no_flag
QB,2022,2021,10697,"Tannehill, Ryan",0012,Gride,Hawks,Veteran,Veteran,2000,16000,8.0,2,1,0,0,0,CL 1,0,0,salary_jump_no_flag
QB,2018,2017,10700,"Cousins, Kirk",0005,C'mon Son,C'mon Son,STANDARD,Tagged,14000,28000,2.0,1,1,0,0,0,T-Tag Son '18,0,0,salary_jump_no_flag
QB,2020,2019,10700,"Cousins, Kirk",0004,Good in Da Hood,Pure Greatness,Veteran,Veteran,6000,4000,0.67,1,3,0,0,0,TCV 12K,0,0,contract_year_reset_no_flag
QB,2022,2021,10700,"Cousins, Kirk",0003,Blake Bombers,Gride,Veteran,FL,4000,47000,11.75,2,3,0,0,0,CL 3| TCV 111K| AAV 37K| Y1-47 Y2-37 Y3-27,0,0,salary_jump_no_flag
QB,2024,2023,10700,"Cousins, Kirk",0006,Gride,The Long Haulers,FL,FL,13000,51000,3.92,2,1,0,0,0,CL 2| TCV 64K| AAV 37K |Y1-13 Y2-51,0,0,salary_jump_no_flag
QB,2021,2020,10703,"Wilson, Russell",0008,C-Town Chivalry,#BLM,FL,FL,10000,64000,6.4,1,3,0,0,0,"CL 3| TCV 84K| AAV 28K| (64,10,10)",0,0,salary_jump_no_flag;contract_year_reset_no_flag
QB,2023,2022,11150,"Smith, Geno",0001,Ulterior Warrior,Ulterior Warrior,Veteran,Veteran,5000,15000,3.0,2,1,0,0,0,CL 2| TCV 20K| AAV 5K|  Y1-5 Y2-15| Ext: UW,0,0,salary_jump_no_flag
QB,2025,2024,11150,"Smith, Geno",0005,Ulterior Warrior,HammerTime 🔨 ⏰,Tag,BL,17000,9000,0.53,1,3,0,0,0,"CL 3| TCV 45K| AAV 15K| Y1-9K, Y2-1K, Y3-35K",0,0,contract_year_reset_no_flag
QB,2020,2019,11760,"Garoppolo, Jimmy",0011,Cleon Ca$h,Cleon Ca$h,FL GF,FL,4000,4000,1.0,1,3,0,0,0,"TCV 6K [4K, 1K, 1K] AAV 2K",0,0,contract_year_reset_no_flag
QB,2022,2021,11760,"Garoppolo, Jimmy",0008,Cleon Ca$h,#BLM,FL,Veteran,1000,5000,5.0,2,3,0,0,0,CL 3| TCV 15K| AAV 5K,0,0,salary_jump_no_flag
QB,2020,2019,12140,"Winston, Jameis",0012,Blake Bombers,Hawks,Veteran GF,WW,1000,8000,8.0,2,1,0,0,0,,0,0,salary_jump_no_flag
QB,2022,2021,12140,"Winston, Jameis",0005,Blake Bombers,Run CMC,Veteran,FL,2000,33000,16.5,2,3,0,0,0,CL 3| TCV 36K| AAV 12K| Y1-33 Y2-1 Y3-2,0,0,salary_jump_no_flag
QB,2022,2021,12476,"Heinicke, Taylor",0009,Good in Da Hood,C-Town Chivalry,WW,WW,2000,18000,9.0,1,1,0,0,0,CL 1,0,0,salary_jump_no_flag
QB,2020,2019,12610,"Wentz, Carson",0009,Cleon Ca$h,C-Town Chivalry,Veteran GF,Veteran,8000,5000,0.62,1,3,0,0,0,TCV 15K,0,0,contract_year_reset_no_flag
QB,2020,2019,12611,"Goff, Jared",0008,Ulterior Warrior,#BLM,Veteran GF,Veteran,11000,1000,0.09,1,3,0,0,0,TCV 3K,0,0,contract_year_reset_no_flag
QB,2022,2021,12611,"Goff, Jared",0010,#BLM,Blake Bombers,Veteran,Veteran,1000,15000,15.0,2,2,0,0,0,CL 2| TCV 30K| AAV 15K,0,0,salary_jump_no_flag
QB,2018,2017,12620,"Prescott, Dak",0010,Gordon Is The New Blackmon,Blake Bombers,ROOKIE,Veteran,2000,4000,2.0,2,1,0,0,0,,0,0,rookie_to_vet_no_flag;salary_jump_no_flag
QB,2019,2018,12620,"Prescott, Dak",0007,Pure Greatness,Sex Manther,Veteran,Veteran,4000,9000,2.25,1,1,0,0,0,,0,0,salary_jump_no_flag
QB,2020,2019,12620,"Prescott, Dak",0001,Sex Manther,Ulterior Warrior,Veteran,Transition,9000,15000,1.67,1,1,0,0,0,Tag Manther '20,0,0,salary_jump_no_flag
QB,2021,2020,12620,"Prescott, Dak",0005,Ulterior Warrior,Run CMC,Transition,Veteran,15000,45000,3.0,1,3,0,0,0,CL 3| TCV 135K| AAV 45K,0,0,salary_jump_no_flag;contract_year_reset_no_flag
QB,2020,2019,13113,"Watson, Deshaun",0008,#BLM,#BLM,Rookie/Veteran GF,Veteran GF,2000,14000,7.0,3,2,0,0,0,Ext. Rico '20/'21,0,0,rookie_to_vet_no_flag;salary_jump_no_flag
QB,2024,2023,13113,"Watson, Deshaun",0006,The Main Event Mafia,The Long Haulers,FL,Veteran,16000,44000,2.75,2,1,0,0,0,CL 2| TCV 60K |AAV 44K| Y1-16 Y2-44| No Further Extension Allowed,0,0,salary_jump_no_flag
QB,2025,2024,13113,"Watson, Deshaun",0008,The Long Haulers,Real Deal Creel,Veteran,Veteran,44000,1000,0.02,1,3,0,0,0,CL 3| TCV 3K| AAV 1K,0,0,contract_year_reset_no_flag
QB,2020,2019,13116,"Mahomes, Patrick",0007,Sex Manther,Sex Manther,Rookie/Veteran GF,Veteran GF,2000,14000,7.0,3,2,0,0,0,"Ext. Mather '20/'21 [2K,14K, 14K]",0,0,rookie_to_vet_no_flag;salary_jump_no_flag
QB,2024,2023,13116,"Mahomes, Patrick",0007,Sex Manther,Sex Manther,FL,BL,2000,40000,20.0,3,2,0,0,0,"CL 2| TCV 108K| AAV 54K| Y1-40K,| Y2-68K| No Further Extension Allowed",0,0,salary_jump_no_flag
QB,2025,2024,13116,"Mahomes, Patrick",0012,Hawks,Hawks,BL,BL,40000,68000,1.7,2,1,0,0,0,"CL 2| TCV 108K| AAV 54K| Y1-40K,| Y2-68K| No Further Extension Allowed",0,0,salary_jump_no_flag
QB,2019,2018,13589,"Allen, Josh",0006,Cleon Ca$h,Good in Da Hood,Veteran,Veteran GF,2000,10000,5.0,1,1,0,0,0,,0,0,salary_jump_no_flag
QB,2020,2019,13589,"Allen, Josh",0002,C-Town Chivalry,The Bash Bros,Veteran GF,Veteran,10000,8000,0.8,1,3,0,0,0,TCV 24K,0,0,contract_year_reset_no_flag
QB,2023,2022,13589,"Allen, Josh",0012,Hawks,Hawks,Veteran,Veteran,8000,28000,3.5,3,2,0,0,0,CL 3| TCV 48K| AAV 28K| Y1-8 Y2-28 Y3-28| No Further Extension Allowed,0,0,salary_jump_no_flag
QB,2025,2024,13589,"Allen, Josh",0009,C-Town Chivalry,C-Town Chivalry,Veteran,Tag,28000,46000,1.64,1,1,0,0,0,No Further Extension Allowed,0,0,salary_jump_no_flag
QB,2022,2021,13590,"Mayfield, Baker",0009,Cleon Ca$h,C-Town Chivalry,Veteran,WW,14000,40000,2.86,2,1,0,0,0,CL 1,0,0,salary_jump_no_flag
QB,2024,2023,13590,"Mayfield, Baker",0010,Blake Bombers,Blake Bombers,Veteran,Veteran,5000,15000,3.0,2,1,0,0,0,CL 2| TCV 20K| AAV 15K|Y1-5 Y2-15|Ext: Blake,0,0,salary_jump_no_flag
QB,2025,2024,13590,"Mayfield, Baker",0004,Blake Bombers,Pure Greatness,Veteran,FL,15000,36000,2.4,1,2,0,0,0,"CL 2| TCV 62K| AAV 31K| Y1-36, Y2-26,",0,0,salary_jump_no_flag
QB,2025,2024,13592,"Darnold, Sam",0003,Cleon Ca$h,Gride,Veteran,Veteran,7000,18000,2.57,1,2,0,0,0,CL 2| TCV 36K| AAV 18K,0,0,salary_jump_no_flag
QB,2023,2022,13593,"Jackson, Lamar",0008,#BLM,Real Deal Creel,Veteran,Veteran,17000,37000,2.18,3,2,0,0,0,CL 3| TCV 91K| AAV 37K| Y1-17 Y2-37 Y3-37| No Further Extension Allowed,0,0,salary_jump_no_flag
QB,2022,2021,14056,"Murray, Kyler",0004,Pure Greatness,Pure Greatness,Rookie/Veteran,Veteran,5000,25000,5.0,3,2,0,0,0,CL 3| TCV 55K| AAV 25K| Y1-5 Y2-25 Y3-25,0,0,rookie_to_vet_no_flag;salary_jump_no_flag
QB,2024,2023,14056,"Murray, Kyler",0008,Real Deal Creel,Real Deal Creel,Veteran,BL,23000,39000,1.7,3,2,0,0,0,CL 2| TCV 92K| AAV 45K |Y1-39 Y2-53| No Further Extension Allowed,0,0,salary_jump_no_flag
QB,2022,2021,14059,"Jones, Daniel",0010,Pure Greatness,Blake Bombers,Veteran,FL,1000,31000,31.0,3,2,0,0,0,CL 2| TCV 32K| AAV 16K| Y1-31 Y2-1,0,0,salary_jump_no_flag
QB,2023,2022,14063,"Stidham, Jarrett",0007,The Bash Bros,Sex Manther,WW,WW,1000,38000,38.0,1,1,0,0,0,,0,0,salary_jump_no_flag
QB,2024,2023,14777,"Burrow, Joe",0001,Ulterior Warrior,Ulterior Warrior,BL,BL,15000,35000,2.33,2,1,0,0,0,"CL 2| TCV 50K| AAV 25K| Y1-15K, Y2-35K| No Further Extension Allowed",0,0,salary_jump_no_flag
QB,2022,2021,14778,"Tagovailoa, Tua",0002,Cleon Ca$h,The Bash Bros,Rookie,FL,5000,40000,8.0,2,3,0,0,0,CL 3| TCV 87K| AAV 29K| Y1-40 Y2-29 Y3-18,0,0,salary_jump_no_flag
QB,2025,2024,14779,"Herbert, Justin",0011,HammerTime 🔨 ⏰,Cleon Ca$h,Veteran,FL,22000,61000,2.77,1,3,0,0,0,"CL 3| TCV 153K| AAV 51K| Y1-61, Y2-51, Y3-41",0,0,salary_jump_no_flag;contract_year_reset_no_flag
QB,2025,2024,14782,"Love, Jordan",0002,CBP,CBP,Veteran,Veteran,1000,21000,21.0,3,2,0,0,0,"CL 3| TCV 43K| AAV 21K| Y1-1, Y2-21, Y3-21| Ext: PG",0,0,salary_jump_no_flag
QB,2024,2023,15241,"Jones, Mac",0007,Sex Manther,Sex Manther,Veteran,WW,1000,4000,4.0,2,1,0,0,0,CL 1|,0,0,salary_jump_no_flag
QB,2025,2024,15694,"Willis, Malik",0007,C-Town Chivalry,Sex Manther,Rookie,WW,2000,37000,18.5,1,1,0,0,0,CL 1|,0,0,salary_jump_no_flag
QB,2025,2024,15698,"Purdy, Brock",0010,CBP,Blake Bombers,Veteran,FL,26000,40000,1.54,1,3,0,0,0,"CL 3| TCV 84K| AAV 28K| Y1-40K, Y2-22K, Y3-22K|",0,0,salary_jump_no_flag;contract_year_reset_no_flag
QB,2024,2023,16159,"O'Connell, Aidan",0009,C-Town Chivalry,C-Town Chivalry,Rookie,WW,1000,25000,25.0,3,1,0,0,0,CL 1|,0,0,salary_jump_no_flag
QB,2017,2016,4925,"Brees, Drew",0004,,Pure Greatness,,RESTRUCTURED,0,30000,,0,1,0,1,0,"Ext. RB '17 [30K, 30K] Avg. 25/35",0,0,restructure_only
QB,2017,2016,5848,"Brady, Tom",0012,,White Power,,RESTRUCTURED,0,31000,,0,2,0,1,0,"Ext WP '17 & '18 [31K, 31K, 32K] Avg. 22/42/42",0,0,restructure_only
QB,2018,2017,5848,"Brady, Tom",0012,White Power,White Power,RESTRUCTURED,Veteran,31000,32000,1.03,2,1,0,1,0,"Restructured Ext WP '17 & '18 [31K, 31K, 32K] (AAV 42K)",0,0,restructure_only
QB,2019,2018,5848,"Brady, Tom",0012,White Power,Hawks,Veteran,Veteran,32000,20000,0.62,1,3,0,0,0,TCV 60K,0,0,contract_year_reset_no_flag
QB,2022,2021,5848,"Brady, Tom",0007,Hawks,Sex Manther,Veteran,Veteran,20000,66000,3.3,1,1,0,0,0,CL 1,0,0,salary_jump_no_flag
QB,2018,2017,7394,"Rivers, Philip",0008,Good in Da Hood,Gordon Is The New Blackmon,STANDARD,BL,6000,4000,0.67,1,3,0,0,0,"[4,8,12] (AAV 8K)",0,0,contract_year_reset_no_flag
QB,2019,2018,7394,"Rivers, Philip",0002,Gordon Is The New Blackmon,The Bash Bros,BL,BL GF,4000,8000,2.0,3,2,0,0,0,"[8K,12K] AAV 8K Underpay 4K",0,0,salary_jump_no_flag
QB,2020,2019,7394,"Rivers, Philip",0002,The Bash Bros,The Bash Bros,BL GF,BL GF,8000,12000,1.5,2,1,0,0,0,AAV 8K Underpay 4K,0,0,salary_jump_no_flag
QB,2017,2016,7813,"Smith, Alex",0001,,Ulterior Warrior,,RESTRUCTURE,0,7000,,0,2,0,1,0,"Ext UW '18 [7K, 1K]",0,0,restructure_only
QB,2021,2020,7836,"Rodgers, Aaron",0011,Blake Bombers,Cleon Ca$h,Veteran,FL,18000,60000,3.33,1,2,0,0,0,"CL 2| TCV 78K| AAV 39K| (60,18)",0,0,salary_jump_no_flag
QB,2023,2022,7836,"Rodgers, Aaron",0011,Cleon Ca$h,Cleon Ca$h,FL,Veteran,18000,9000,0.5,1,3,0,0,0,CL 3| TCV 27K| AAV 9K,0,0,contract_year_reset_no_flag
QB,2025,2024,9064,"Flacco, Joe",0007,Cleon Ca$h,Sex Manther,WW,Veteran,2000,6000,3.0,1,1,0,0,0,CL 1|,0,0,salary_jump_no_flag
QB,2017,2016,9099,"Ryan, Matt",0001,,Ulterior Warrior,,RESTRUCTURED,0,12000,,0,1,0,1,0,"Ext UW '17 [22K, 12K]",0,0,restructure_only
QB,2019,2018,9099,"Ryan, Matt",0002,Good in Da Hood,The Bash Bros,Veteran,Veteran,12000,10000,0.83,1,3,0,0,0,TCV 30K,0,0,contract_year_reset_no_flag
QB,2022,2021,9099,"Ryan, Matt",0002,Hawks,The Bash Bros,Veteran,Veteran,10000,28000,2.8,1,1,0,0,0,CL 1,0,0,salary_jump_no_flag
QB,2023,2022,9431,"Stafford, Matthew",0012,Hawks,Hawks,FL,FL,14000,26000,1.86,3,2,0,0,0,CL 3| TCV 67K| AAV 22K| Y1-14 Y2-26 Y3-27| No Further Extension Allowed,0,0,salary_jump_no_flag
RB,2019,2018,10276,"Ingram, Mark",0011,Good in Da Hood,Cleon Ca$h,FL,Veteran,17000,50000,2.94,1,1,0,0,0,,0,0,salary_jump_no_flag
RB,2018,2017,10369,"Powell, Bilal",0005,C'mon Son,C'mon Son,STANDARD,Veteran,1000,11000,11.0,2,1,0,0,0,"Ext '18 Son [1K, 11K]",0,0,salary_jump_no_flag
RB,2018,2017,10389,"Lewis, Dion",0010,White Power,Blake Bombers,STANDARD,Veteran,1000,27000,27.0,1,2,0,0,0,,0,0,salary_jump_no_flag
RB,2017,2016,10708,"Miller, Lamar",0004,,Pure Greatness,,RESTRUCTURED,0,51000,,0,1,0,1,0,"Ext. RB '17 [51K, 51K] Avg. Annual $46, $56",0,0,restructure_only
RB,2018,2017,11182,"Burkhead, Rex",0006,C'mon Son,Good in Da Hood,STANDARD,Veteran,9000,25000,2.78,1,1,0,0,0,,0,0,salary_jump_no_flag
RB,2018,2017,11186,"Thompson, Chris",0012,White Power,White Power,STANDARD,Veteran,5000,19000,3.8,1,3,0,0,0,,0,0,salary_jump_no_flag;contract_year_reset_no_flag
RB,2017,2016,11192,"Bell, Le'Veon",0009,,C-Town Chivalry,,FRONT LOAD [RESTRUCTURE],0,41000,,0,2,0,1,0,"(FL in '17) Ext. CTown '16 & '17 UW '18 [41K, 22K] Avg. 31K for FL",0,0,restructure_only
RB,2019,2018,11192,"Bell, Le'Veon",0012,Gride,Hawks,Veteran,Veteran GF,48000,48000,1.0,3,2,0,1,0,Ext. CTown '16 & '17  UW '18 BB '19/'20 Restructure AAV 61K,0,0,restructure_only
RB,2021,2020,11193,"Bernard, Giovani",0007,The Bash Bros,Sex Manther,WW,Veteran,2000,3000,1.5,1,2,0,0,0,CL 2| TCV 6K| AAV 3K,0,0,salary_jump_no_flag
RB,2019,2018,11390,"Murray, Latavius",0002,C'mon Son,The Bash Bros,Veteran,Veteran,6000,19000,3.17,1,2,0,0,0,TCV 38K,0,0,salary_jump_no_flag
RB,2017,2016,11454,"Anderson, C.J.",0011,,Cleon Ca$h,,RESTRUCTURE,0,21000,,0,1,0,1,0,"RB Ext '15 UW '16 Baster '17  [$33K, $39K, $21K ] Avg. Annual $35K",0,0,restructure_only
RB,2018,2017,11747,"White, James",0008,Gordon Is The New Blackmon,Gordon Is The New Blackmon,BACKLOADED,BL,8000,18000,2.25,3,2,0,0,0,"[8K, 18K, 25K] (AAV $17K)",0,0,salary_jump_no_flag
RB,2018,2017,11761,"McKinnon, Jerick",0003,Sex Manther,Gride,STANDARD,Veteran,1000,43000,43.0,1,1,0,0,0,,0,0,salary_jump_no_flag
RB,2020,2019,11761,"McKinnon, Jerick",0005,Run CMC,Run CMC,Veteran,WW,3000,10000,3.33,2,1,0,0,0,,0,0,salary_jump_no_flag
RB,2023,2022,11761,"McKinnon, Jerick",0001,Blake Bombers,Ulterior Warrior,WW,WW,2000,6000,3.0,1,1,0,0,0,,0,0,salary_jump_no_flag
RB,2019,2018,12152,"Coleman, Tevin",0005,The Bash Bros,Run CMC,Veteran,Veteran GF,16000,36000,2.25,3,2,0,0,0,"Ext. UW '18 Bash '19/'20 [16K,36K,36K]",0,0,salary_jump_no_flag
RB,2017,2016,12159,"Allen, Javorius",0010,,Blake Bombers,,RESTRUCTURE,0,17000,,0,2,0,1,0,"Ext. Blake '18 [17K, 7K]",0,0,restructure_only
RB,2018,2017,12159,"Allen, Javorius",0011,Blake Bombers,Cleon Ca$h,RESTRUCTURE,Veteran,17000,7000,0.41,2,1,0,1,0,"Restructure Ext. Blake '18 [17K, 7K] (AAV 17K)",0,0,restructure_only
RB,2021,2020,12164,"Davis, Mike",0005,Good in Da Hood,Run CMC,WW,Tag,12000,35000,2.92,1,1,0,0,0,CL 1| FA_2022| Multi_Eligible,0,0,salary_jump_no_flag
RB,2019,2018,12625,"Elliott, Ezekiel",0006,Good in Da Hood,Good in Da Hood,Rookie/Extension,Veteran GF,15000,35000,2.33,3,2,0,0,0,Extended GRide '19 '20,0,0,rookie_to_vet_no_flag;salary_jump_no_flag
RB,2021,2020,12625,"Elliott, Ezekiel",0003,C-Town Chivalry,Gride,BL,BL,29000,58000,2.0,3,2,0,0,0,CL 3| TCV 145K| L 29K,0,0,salary_jump_no_flag
RB,2021,2020,12626,"Henry, Derrick",0010,Blake Bombers,Blake Bombers,Veteran,Veteran,29000,49000,1.69,3,2,0,0,0,CL 3| TCV 127K,0,0,salary_jump_no_flag
RB,2023,2022,12626,"Henry, Derrick",0008,Pure Greatness,Real Deal Creel,Veteran,Veteran,49000,94000,1.92,1,1,0,0,0,CL 1| TCV K| AAV K,0,0,salary_jump_no_flag
RB,2017,2016,12629,"Booker, Devontae",0010,,Blake Bombers,,RESTRUCTURE,0,15000,,0,2,0,1,0,"Ext Blake '18 [15K, 5K]",0,0,restructure_only
RB,2019,2018,12630,"Drake, Kenyan",0001,Cleon Ca$h,Ulterior Warrior,Rookie,Veteran,5000,21000,4.2,1,2,0,0,0,"Ext. Manther '20 [21K, 31K] TCV 52K",0,0,rookie_to_vet_no_flag;salary_jump_no_flag
RB,2019,2018,12634,"Howard, Jordan",0005,C'mon Son,Run CMC,Rookie/Extension,Veteran GF,5000,25000,5.0,3,2,0,0,0,"Ext. Son '19 [5K, 25K,25K]",0,0,rookie_to_vet_no_flag;salary_jump_no_flag
RB,2019,2018,12637,"Barber, Peyton",0005,Gride,Run CMC,FL,WW,5000,9000,1.8,2,1,0,0,0,,0,0,salary_jump_no_flag
RB,2021,2020,13108,"McKissic, J.D.",0009,Hawks,C-Town Chivalry,WW,Veteran,1000,10000,10.0,1,1,0,0,0,CL 1|,0,0,salary_jump_no_flag
RB,2020,2019,13128,"Cook, Dalvin",0009,C-Town Chivalry,C-Town Chivalry,Rookie/Veteran GF,Veteran GF,10000,30000,3.0,3,2,0,0,0,"Ext. By Mather '20/'21 [10K, 30K, 30K]",0,0,rookie_to_vet_no_flag;salary_jump_no_flag
RB,2020,2019,13130,"McCaffrey, Christian",0003,Run CMC,Gride,Rookie/Veteran GF,FL,15000,55000,3.67,3,2,0,0,0,"Ext. Gordon '20/'21 TCV 70K AAV 35K [55K, 15K]",0,0,salary_jump_no_flag
RB,2020,2019,13131,"Mixon, Joe",0002,Hawks,The Bash Bros,Rookie/Veteran,Veteran,13000,33000,2.54,3,2,0,0,0,Ext. GRide '20/21 TCV 79K,0,0,rookie_to_vet_no_flag;salary_jump_no_flag
RB,2022,2021,13131,"Mixon, Joe",0008,The Bash Bros,#BLM,Veteran,Veteran,33000,51000,1.55,1,1,0,0,0,CL 1|Returns to FA in '23,0,0,salary_jump_no_flag
RB,2020,2019,13132,"Kamara, Alvin",0010,Gride,Blake Bombers,Rookie/Veteran,Veteran,5000,25000,5.0,3,2,0,0,0,Ext. CTown '20/21 TCV 55K,0,0,rookie_to_vet_no_flag;salary_jump_no_flag
RB,2022,2021,13132,"Kamara, Alvin",0007,Sex Manther,Sex Manther,Veteran,Veteran,25000,45000,1.8,3,2,0,0,0,CL 3| TCV 115K| AAV 45K| Y1-25 Y2-45 Y3-45,0,0,salary_jump_no_flag
RB,2023,2022,13134,"Foreman, D'Onta",0004,Good in Da Hood,Pure Greatness,WW,WW,1000,16000,16.0,1,1,0,0,0,,0,0,salary_jump_no_flag
RB,2021,2020,13138,"Hunt, Kareem",0010,Blake Bombers,Blake Bombers,Veteran,Veteran,19000,29000,1.53,2,1,0,0,0,CL 2| TCV 48K,0,0,salary_jump_no_flag
RB,2025,2024,13138,"Hunt, Kareem",0004,Real Deal Creel,Pure Greatness,WW,Veteran,1000,5000,5.0,1,1,0,0,0,CL 1|,0,0,salary_jump_no_flag
RB,2021,2020,13146,"Conner, James",0005,Ulterior Warrior,Run CMC,Veteran,Veteran,15000,25000,1.67,2,1,0,0,0,CL 2| TCV 40K,0,0,salary_jump_no_flag
RB,2021,2020,13290,"Cohen, Tarik",0009,Gride,C-Town Chivalry,Veteran,Veteran,12000,1000,0.08,1,3,0,0,0,CL 3| TCV 3K| AAV 1K,0,0,contract_year_reset_no_flag
RB,2023,2022,13319,"Jones, Aaron",0005,#BLM,HammerTime 🔨 ⏰,FL,Tag,22000,41000,1.86,1,1,0,0,0,CL 1|Returns to FA in '24,0,0,salary_jump_no_flag
RB,2020,2019,13364,"Carson, Chris",0008,#BLM,#BLM,Veteran,FL,1000,31000,31.0,3,2,0,0,0,"Ext. 'BLM '20/'21 - TCV 43K AAV 21K [1K, 31K, 11K]",0,0,salary_jump_no_flag
RB,2020,2019,13378,"Breida, Matt",0008,#BLM,#BLM,Veteran,Veteran,7000,22000,3.14,2,1,0,0,0,Ext. Blake '19 BLM '20 TCV 29K,0,0,salary_jump_no_flag
RB,2018,2017,13404,"Ekeler, Austin",0005,C-Town Chivalry,C'mon Son,STANDARD,Veteran,3000,10000,3.33,1,1,0,0,0,,0,0,salary_jump_no_flag
RB,2019,2018,13404,"Ekeler, Austin",0007,C'mon Son,Sex Manther,Veteran,Veteran,10000,21000,2.1,1,1,0,0,0,,0,0,salary_jump_no_flag
RB,2020,2019,13404,"Ekeler, Austin",0007,Sex Manther,Sex Manther,Veteran,Franchise,21000,42000,2.0,1,1,0,0,0,Tag Manther '20,0,0,salary_jump_no_flag
RB,2021,2020,13604,"Barkley, Saquon",0004,Pure Greatness,Pure Greatness,Rookie/Veteran,Veteran,15000,35000,2.33,3,2,0,0,0,CL 3| TCV 85K,0,0,rookie_to_vet_no_flag;salary_jump_no_flag
RB,2021,2020,13605,"Guice, Derrius",0005,Cleon Ca$h,Run CMC,Rookie GF,Veteran,14000,1000,0.07,1,3,0,0,0,CL 3| TCV 3K| AAV 1K,0,0,contract_year_reset_no_flag
RB,2021,2020,13606,"Jones, Ronald",0008,Cleon Ca$h,#BLM,Rookie GF,FL,12000,45000,3.75,1,2,0,0,0,"CL 2| TCV 60K| AAV 30K| (45,15)",0,0,salary_jump_no_flag
RB,2021,2020,13610,"Chubb, Nick",0001,Ulterior Warrior,Ulterior Warrior,Rookie/Veteran,Veteran,7000,27000,3.86,3,2,0,0,0,CL 3| TCV 61K,0,0,rookie_to_vet_no_flag;salary_jump_no_flag
RB,2023,2022,13610,"Chubb, Nick",0010,C-Town Chivalry,Blake Bombers,BL,Veteran,25000,48000,1.92,3,2,0,0,0,"CL 2| TCV 96K| AAV 47K| Ext: PG, Chivalry",0,0,salary_jump_no_flag
RB,2021,2020,13614,"Lindsay, Phillip",0005,Ulterior Warrior,Run CMC,Rookie GF,ER,3000,25000,8.33,1,1,0,0,0,CL 1|,0,0,salary_jump_no_flag
RB,2021,2020,13620,"Jackson, Justin",0004,Gride,Pure Greatness,Rookie GF,WW,2000,4000,2.0,1,1,0,0,0,CL 1|,0,0,salary_jump_no_flag
RB,2021,2020,13622,"Hines, Nyheim",0001,#BLM,Ulterior Warrior,Rookie GF,WW,5000,10000,2.0,1,1,0,0,0,CL 1|,0,0,salary_jump_no_flag
RB,2021,2020,13814,"Scott, Boston",0002,Gride,The Bash Bros,Rookie GF,WW,2000,4000,2.0,1,1,0,0,0,CL 1|,0,0,salary_jump_no_flag
RB,2021,2020,13850,"Edwards, Gus",0001,Ulterior Warrior,Ulterior Warrior,WW,FL,4000,14000,3.5,1,2,0,0,0,"CL 2| TCV 18K| AAV 9K| (14,4)",0,0,salary_jump_no_flag
RB,2024,2023,13850,"Edwards, Gus",0001,Ulterior Warrior,Ulterior Warrior,Veteran,Veteran,4000,14000,3.5,2,1,0,0,0,"CL 2 TCV 14K| AAV 14K| Y1-4K, Y2-14K| Ext: UW",0,0,salary_jump_no_flag
RB,2021,2020,14017,"Wilson, Jeffery",0001,#BLM,Ulterior Warrior,WW,WW,1000,5000,5.0,1,1,0,0,0,CL 1|,0,0,salary_jump_no_flag
RB,2022,2021,14017,"Wilson, Jeffery",0002,Blake Bombers,The Bash Bros,WW,Veteran,5000,2000,0.4,1,3,0,0,0,CL 3| TCV 6K| AAV 2K,0,0,contract_year_reset_no_flag
RB,2023,2022,14071,"Montgomery, David",0012,Hawks,Hawks,Veteran,Veteran,24000,44000,1.83,3,2,0,0,0,CL 3| TCV 112K| AAV 44K| Y1-24 Y2-44 Y3-44,0,0,salary_jump_no_flag
RB,2020,2019,14072,"Snell, Benny",0006,Good in Da Hood,Good in Da Hood,Rookie GF,WW,2000,9000,4.5,3,1,0,0,0,,0,0,salary_jump_no_flag
RB,2022,2021,14073,"Jacobs, Josh",0004,Pure Greatness,Pure Greatness,Rookie/Veteran,Veteran,15000,35000,2.33,3,2,0,0,0,CL 3| TCV 85K| AAV 35K| Y1-15 Y2-35 Y3-35,0,0,rookie_to_vet_no_flag;salary_jump_no_flag
RB,2023,2022,14075,"Harris, Damien",0012,Hawks,Hawks,Veteran,Veteran,15000,25000,1.67,2,1,0,0,0,CL 2| TCV 40K| AAV 25K| Y1-15 Y2-25| Ext: Hawks,0,0,salary_jump_no_flag
RB,2024,2023,14080,"Singletary, Devin",0003,Gride,Gride,Veteran,Veteran,4000,21000,5.25,1,1,0,0,0,CL 1|,0,0,salary_jump_no_flag
RB,2023,2022,14085,"Pollard, Tony",0001,Ulterior Warrior,Ulterior Warrior,BL,BL,7000,27000,3.86,2,1,0,0,0,"CL 2| TCV 34K| AAV 22K| Y1-7 Y2-27| Ext: Chivalry, UW",0,0,salary_jump_no_flag
RB,2021,2020,14095,"Johnson, Ty",0008,#BLM,#BLM,WW,FL,10000,9000,0.9,1,3,0,0,0,"CL 3| TCV 12K| AAV 4K| (9,2,1)",0,0,contract_year_reset_no_flag
RB,2022,2021,14223,"Mattison, Alexander",0003,The Bash Bros,Gride,Rookie GF,Veteran,2000,12000,6.0,1,3,0,0,0,CL 3| TCV 36K| AAV 12K,0,0,rookie_to_vet_no_flag;salary_jump_no_flag;contract_year_reset_no_flag
RB,2023,2022,14797,"Swift, D'Andre",0003,Gride,Gride,Rookie/Veteran,Veteran,11000,21000,1.91,2,1,0,0,0,CL 2| TCV 32K| AAV 21K| Y1-11 Y2-21| Ext: Hood,0,0,rookie_to_vet_no_flag;salary_jump_no_flag
RB,2024,2023,14798,"Moss, Zack",0005,The Main Event Mafia,HammerTime 🔨 ⏰,Veteran,Veteran,4000,1000,0.25,1,3,0,0,0,"CL 3| TCV 3K| AAV 1K| Y1-1, Y2-1, Y3-1",0,0,contract_year_reset_no_flag
RB,2024,2023,14800,"Dobbins, J.K.",0012,Cleon Ca$h,Hawks,Veteran,Veteran,13000,9000,0.69,1,3,0,0,0,"CL 3| TCV 27K| AAV 9K| Y1-9, Y2-9, Y3-9",0,0,contract_year_reset_no_flag
RB,2025,2024,14802,"Taylor, Jonathan",0002,CBP,CBP,Veteran,Tag,24000,38000,1.58,1,1,0,0,0,CL 1| TCV 38K| AAV 38K| No Further Extensions,0,0,salary_jump_no_flag
RB,2022,2021,14813,"Robinson, James",0003,Sex Manther,Gride,Rookie,Veteran,4000,10000,2.5,1,2,0,0,0,CL 2| TCV 20K| AAV 10K,0,0,rookie_to_vet_no_flag;salary_jump_no_flag
RB,2024,2023,14823,"Dowdle, Rico",0001,The Main Event Mafia,Ulterior Warrior,WW,Veteran,1000,11000,11.0,1,1,0,0,0,CL 1|,0,0,salary_jump_no_flag
RB,2024,2023,14852,"Gibson, Antonio",0010,Hawks,Blake Bombers,WW,WW,1000,4000,4.0,1,1,0,0,0,CL 1|,0,0,salary_jump_no_flag
RB,2024,2023,15254,"Harris, Najee",0002,CBP,CBP,Rookie|Veteran,Veteran,13000,23000,1.77,2,1,0,0,0,CL 2| TCV 36K| AAV 23K| Ext: Cleon,0,0,rookie_to_vet_no_flag;salary_jump_no_flag
RB,2025,2024,15259,"Stevenson, Rhamondre",0011,HammerTime 🔨 ⏰,Cleon Ca$h,Veteran,BL,8000,32000,4.0,2,1,0,0,0,"CL 2| TCV 40K| AAV 25K| Y1-8K, Y2-32K| Ext: Mafia, Hammer",0,0,salary_jump_no_flag
RB,2022,2021,15261,"Hubbard, Chuba",0012,Hawks,Hawks,Rookie,WW,2000,10000,5.0,3,1,0,0,0,CL 1,0,0,salary_jump_no_flag
RB,2024,2023,15261,"Hubbard, Chuba",0007,Cleon Ca$h,Sex Manther,Veteran,Veteran,1000,6000,6.0,1,1,0,0,0,CL 1|,0,0,salary_jump_no_flag
RB,2025,2024,15711,"Walker III, Kenneth",0009,Blake Bombers,C-Town Chivalry,Rookie/Veteran,Veteran,12000,32000,2.67,3,2,0,0,0,"CL 3| TCV 76K| AAV 32K| Y1-12, Y2-32, Y3-32| Ext: PG",0,0,rookie_to_vet_no_flag;salary_jump_no_flag
RB,2025,2024,15713,"Ford, Jerome",0007,Sex Manther,Sex Manther,Rookie,Veteran,2000,6000,3.0,1,1,0,0,0,CL 1|,0,0,rookie_to_vet_no_flag;salary_jump_no_flag
RB,2025,2024,15715,"Cook, James",0009,C-Town Chivalry,C-Town Chivalry,Rookie/Veteran,Veteran,7000,27000,3.86,3,2,0,0,0,"CL 3| TCV 61K| AAV 27K| Y1-7, Y2-27, Y3-27| Ext: CBP",0,0,rookie_to_vet_no_flag;salary_jump_no_flag
RB,2025,2024,15721,"White, Rachaad",0004,Hawks,Pure Greatness,Rookie,Veteran,5000,9000,1.8,1,1,0,0,0,CL 1|,0,0,rookie_to_vet_no_flag;salary_jump_no_flag
RB,2023,2022,15723,"Chandler, Ty",0007,Sex Manther,Sex Manther,Rookie,WW,2000,4000,2.0,2,1,0,0,0,,0,0,salary_jump_no_flag
RB,2024,2023,15723,"Chandler, Ty",0008,Real Deal Creel,Real Deal Creel,WW,Veteran,4000,9000,2.25,1,2,0,0,0,"CL 2| TCV 18K| AAV 9K| Y1-9, Y2-9,",0,0,salary_jump_no_flag
RB,2025,2024,15749,"Pacheco, Isiah",0001,Ulterior Warrior,L.A. Looks,Rookie/Veteran,Veteran,5000,15000,3.0,2,1,0,0,0,CL 2| TCV 20K| AAV 5K/15K| Y1- 5K Y2- 15K| Ext: PG,0,0,rookie_to_vet_no_flag;salary_jump_no_flag
RB,2024,2023,15972,"Mason, Jordan",0001,Ulterior Warrior,Ulterior Warrior,WW,Veteran,2000,4000,2.0,1,2,0,0,0,"CL 2| TCV 8K| AAV 4K| Y1-4, Y2-4,",0,0,salary_jump_no_flag
RB,2025,2024,16178,"Mitchell, Keaton",0007,The Long Haulers,Sex Manther,Veteran,Veteran,18000,1000,0.06,1,3,0,0,0,CL 3| TCV 3K| AAV 1K,0,0,contract_year_reset_no_flag
RB,2025,2024,16752,"Davis, Isaiah",0008,Real Deal Creel,Real Deal Creel,Rookie,Veteran,1000,1000,1.0,1,3,0,0,0,CL 3| TCV 3K| AAV 1K,0,0,contract_year_reset_no_flag
WR,2019,2018,10261,"Green, A.J.",0012,C'mon Son,Hawks,Tagged,Veteran,70000,40000,0.57,1,3,0,0,0,TCV 120K,0,0,contract_year_reset_no_flag
WR,2017,2016,10271,"Jones, Julio",0009,,C-Town Chivalry,,FL RESTRUCTURE,0,91000,,0,2,0,1,0,"Ext. RB '14 TCBOO '15 CBP '16, '17 C-Town '18K [91K, 49K] (75K AAV '18)",0,0,restructure_only
WR,2018,2017,10271,"Jones, Julio",0008,C-Town Chivalry,Gordon Is The New Blackmon,FL RESTRUCTURE,FL,91000,49000,0.54,2,1,0,1,0,"Ext. RB '14 TCBOO '15 CBP '16, '17 C-Town '18 (Restructured) [91K, 49K] (75K AAV '18)",0,0,restructure_only
WR,2019,2018,10271,"Jones, Julio",0008,Gordon Is The New Blackmon,#BLM,FL,Franchise GF,49000,76000,1.55,1,1,0,0,0,"Ext. RB '14 TCBOO '15 CBP '16, '17 C-Town '18 Tag Gordon '19",0,0,salary_jump_no_flag
WR,2020,2019,10308,"Cobb, Randall",0007,Gride,Sex Manther,WW,WW,4000,22000,5.5,1,1,0,0,0,,0,0,salary_jump_no_flag
WR,2020,2019,10722,"Jeffery, Alshon",0009,Gride,C-Town Chivalry,Veteran,Veteran,26000,3000,0.12,1,3,0,0,0,TCV 9K,0,0,contract_year_reset_no_flag
WR,2019,2018,10723,"Sanu, Mohamed",0006,Cleon Ca$h,Good in Da Hood,Veteran,Veteran,1000,6000,6.0,1,2,0,0,0,"Ext. Hawks '20 [6K, 16K] TCV 22K",0,0,salary_jump_no_flag
WR,2020,2019,10723,"Sanu, Mohamed",0012,Hawks,Hawks,Veteran,Veteran,6000,16000,2.67,2,1,0,0,0,"Ext. Hawks '20 [6K, 16K] TCV 22K",0,0,salary_jump_no_flag
WR,2019,2018,10738,"Jones, Marvin",0008,Ulterior Warrior,#BLM,Veteran,Veteran GF,16000,15000,0.94,2,1,0,1,0,Ext Manther '19 (restructured) AAV 21K,0,0,restructure_only
WR,2017,2016,10903,"Matthews, Rishard",0005,,C'mon Son,,RESTRUCTURED,0,1000,,0,1,0,1,0,"Ext. Hood '17 [11K, 1K]",0,0,restructure_only
WR,2018,2017,11076,"Kearse, Jermaine",0002,Pure Greatness,The Bash Bros,STANDARD,Veteran,2000,3000,1.5,1,3,0,0,0,,0,0,salary_jump_no_flag;contract_year_reset_no_flag
WR,2019,2018,11222,"Allen, Keenan",0001,Gride,Ulterior Warrior,Veteran,Veteran GF,35000,55000,1.57,3,2,0,0,0,"Ext. PG '16 & '17, BB '18 Manther '19/'20",0,0,salary_jump_no_flag
WR,2017,2016,11227,"Stills, Kenny",0002,,Crystal Blue Persuasian,,RESTRUCTURE,0,11000,,0,2,0,1,0,"Ext. Gordon '18 [11K, 1K]",0,0,restructure_only
WR,2020,2019,11228,"Woods, Robert",0006,C-Town Chivalry,Good in Da Hood,Veteran GF,Veteran,18000,31000,1.72,1,1,0,0,0,,0,0,salary_jump_no_flag
WR,2021,2020,11228,"Woods, Robert",0006,Good in Da Hood,Good in Da Hood,Veteran,FL,31000,66000,2.13,1,2,0,0,0,"CL 2| TCV 82K| AAV 41K| (66,16)",0,0,salary_jump_no_flag
WR,2019,2018,11670,"Watkins, Sammy",0009,Pure Greatness,C-Town Chivalry,Veteran,FL,35000,27000,0.77,1,3,0,0,0,"[27K, 12K, 6K] AAV 15K TCV 45K",0,0,contract_year_reset_no_flag
WR,2021,2020,11670,"Watkins, Sammy",0008,#BLM,#BLM,WW,Veteran,7000,1000,0.14,1,3,0,0,0,CL 3| TCV 3K| AAV 1K,0,0,contract_year_reset_no_flag
WR,2024,2023,11671,"Evans, Mike",0012,Real Deal Creel,Hawks,FL,Veteran,19000,24000,1.26,1,3,0,0,0,"CL 3| TCV 72K| AAV 24K| Y1-24, Y2-24, Y3-24",0,0,contract_year_reset_no_flag
WR,2018,2017,11672,"Lee, Marqise",0009,C-Town Chivalry,C-Town Chivalry,STANDARD,FL,15000,14000,0.93,1,3,0,0,0,"[14, 9, 4] (AAV 9)",0,0,contract_year_reset_no_flag
WR,2020,2019,11672,"Lee, Marqise",0005,Run CMC,Run CMC,BL,BL,6000,9000,1.5,2,1,0,0,0,AAV 9K TCV 13K,0,0,salary_jump_no_flag
WR,2021,2020,11674,"Cooks, Brandin",0004,The Bash Bros,Pure Greatness,BL,FL,43000,20000,0.47,1,3,0,0,0,"CL 3| TCV 27K| AAV 9K| (20,4,3)",0,0,contract_year_reset_no_flag
WR,2019,2018,11675,"Adams, Davante",0009,Good in Da Hood,C-Town Chivalry,Veteran,Veteran GF,25000,45000,1.8,3,2,0,0,0,"Ext PG '17, '18 Hood '19 & '20 [25K, 45K, 45K]",0,0,salary_jump_no_flag
WR,2024,2023,11675,"Adams, Davante",0004,Ulterior Warrior,Pure Greatness,Tag,FL,72000,50000,0.69,1,3,0,0,0,"CL 3| TCV 90K| AAV 30K| Y1-50, Y2-20, Y3-20",0,0,contract_year_reset_no_flag
WR,2019,2018,11678,"Robinson, Allen",0005,Gride,Run CMC,Veteran,Veteran GF,38000,38000,1.0,3,2,0,1,0,"Ext. Mather '17 & '18 GRide '19 & '20 Restructured [38K,39K]  AAV 45K",0,0,restructure_only
WR,2019,2018,11679,"Beckham, Odell",0007,Sex Manther,Sex Manther,Veteran,Veteran GF,28000,48000,1.71,3,2,0,0,0,"Ext. UW '17, '18 Manther '19 & '20 [28K,48K,48K]",0,0,salary_jump_no_flag
WR,2022,2021,11679,"Beckham, Odell",0005,Cleon Ca$h,Run CMC,Veteran,Veteran,58000,5000,0.09,1,3,0,0,0,CL 3| TCV 15K| AAV 5K,0,0,contract_year_reset_no_flag
WR,2017,2016,11681,"Richardson, Paul",0011,,Cleon Ca$h,,RESTRUCTURED,0,22000,,0,2,0,1,0,"Ext UW '17 Ext. CC '18 [22K, 12K]",0,0,restructure_only
WR,2018,2017,11681,"Richardson, Paul",0011,Cleon Ca$h,Cleon Ca$h,RESTRUCTURED,Veteran,22000,12000,0.55,2,1,0,1,0,"Ext UW '17 Ext. CC '18 (Restructured) [22K, 12K] (AAV $22K)",0,0,restructure_only
WR,2019,2018,11681,"Richardson, Paul",0009,Cleon Ca$h,C-Town Chivalry,Veteran,Veteran,12000,1000,0.08,1,3,0,0,0,TCV 3K,0,0,contract_year_reset_no_flag
WR,2018,2017,11688,"Bryant, Martavis",0004,Gordon Is The New Blackmon,Pure Greatness,ROOKIE,Veteran,2000,3000,1.5,1,3,0,0,0,,0,0,rookie_to_vet_no_flag;salary_jump_no_flag;contract_year_reset_no_flag
WR,2017,2016,11783,"Brown, John",0002,,Crystal Blue Persuasian,,RESTRUCTURED,0,17000,,0,2,0,1,0,"[17K, 17K, 18K] Avg. 4, 24, 24",0,0,restructure_only
WR,2018,2017,11890,"Wilson, Albert",0008,,Gordon Is The New Blackmon,,Restructure,0,11000,,0,2,0,1,0,"[11K,1K] (AAV 1K,11K)",0,0,restructure_only
WR,2022,2021,11938,"Thielen, Adam",0012,Hawks,Hawks,Veteran,Veteran,25000,40000,1.6,2,1,0,0,0,CL 2| TCV 65K| AAV 40K| Y1-25 Y2-40,0,0,salary_jump_no_flag
WR,2020,2019,12175,"Cooper, Amari",0004,Pure Greatness,Pure Greatness,FL GF,FL GF,70000,49000,0.7,3,2,0,1,0,"Ext. Blake '18/'19 PG '20/21 Restructure [49K,20K] AAV 53K/53K Overpay 37K",0,0,restructure_only
WR,2022,2021,12175,"Cooper, Amari",0002,Run CMC,The Bash Bros,BL,FL,20000,40000,2.0,2,2,0,0,0,CL 2| TCV 54K| AAV 27K| Y1-40 Y2-14,0,0,salary_jump_no_flag
WR,2022,2021,12176,"Parker, DeVante",0012,Hawks,Hawks,Veteran,Veteran,9000,5000,0.56,1,3,0,0,0,CL 3| TCV 15K| AAV 5K,0,0,contract_year_reset_no_flag
WR,2018,2017,12181,"Agholor, Nelson",0010,C'mon Son,Blake Bombers,STANDARD,FL,2000,26000,13.0,1,3,0,0,0,"[26K, 18K, 7K] AAV (17)",0,0,salary_jump_no_flag;contract_year_reset_no_flag
WR,2017,2016,12184,"Crowder, Jamison",0001,,Ulterior Warrior,,RESTRUCTURED,0,1000,,0,2,0,1,0,"Ext '17 Hood '18 UW [11K, 1K, 21K]",0,0,restructure_only
WR,2019,2018,12184,"Crowder, Jamison",0005,Ulterior Warrior,Run CMC,Restructure,Veteran GF,11000,1000,0.09,2,1,0,1,0,"Restructure [11K, 1K]  AAV 11K",0,0,restructure_only
WR,2020,2019,12184,"Crowder, Jamison",0005,Run CMC,Run CMC,Veteran GF,FL,1000,11000,11.0,1,2,0,0,0,"[11K, 3K] AAV 7K TCV 14K",0,0,salary_jump_no_flag
WR,2020,2019,12186,"Diggs, Stefon",0003,C-Town Chivalry,Gride,Veteran GF,Veteran GF,22000,42000,1.91,3,2,0,0,0,"Ext. Greatness '18/19, Blake '20, '21 [22K, 42K,42K]  TCV 106",0,0,salary_jump_no_flag
WR,2019,2018,12187,"Lockett, Tyler",0002,The Bash Bros,The Bash Bros,Veteran,Veteran,12000,46000,3.83,1,2,0,0,0,TCV 92K,0,0,salary_jump_no_flag
WR,2021,2020,12187,"Lockett, Tyler",0010,Ulterior Warrior,Blake Bombers,Veteran,FL,46000,30000,0.65,1,3,0,0,0,"CL 3| TCV 111K| AAV 37K| (30,40,41)",0,0,contract_year_reset_no_flag
WR,2022,2021,12187,"Lockett, Tyler",0005,Blake Bombers,Run CMC,FL,FL,30000,70000,2.33,3,2,0,0,0,CL 2| TCV 81K| AAV 37K| Y1-70 Y2-11,0,0,salary_jump_no_flag
WR,2024,2023,12187,"Lockett, Tyler",0012,HammerTime 🔨 ⏰,Hawks,FL,Veteran,11000,4000,0.36,1,3,0,0,0,"CL 3| TCV 12K| AAV 4K| Y1-4, Y2-4, Y3-4",0,0,contract_year_reset_no_flag
WR,2020,2019,12197,"Perriman, Breshad",0003,Gride,Gride,WW,Veteran,5000,11000,2.2,1,1,0,0,0,,0,0,salary_jump_no_flag
WR,2021,2020,12647,"Fuller, Will",0012,Hawks,Hawks,Veteran,Veteran,26000,46000,1.77,3,2,0,0,0,CL 3| TCV 118K,0,0,salary_jump_no_flag
WR,2020,2019,12650,"Boyd, Tyler",0009,#BLM,C-Town Chivalry,Veteran,Veteran,4000,24000,6.0,3,2,0,0,0,"Ext. BLM '20/'21 - TCV 52K [4K, 24K, 24K]",0,0,salary_jump_no_flag
WR,2019,2018,12652,"Thomas, Michael",0003,Gride,Gride,Rookie/Extension,Veteran GF,10000,30000,3.0,3,2,0,0,0,Extended by Hood '19 & '20,0,0,rookie_to_vet_no_flag;salary_jump_no_flag
WR,2021,2020,12652,"Thomas, Michael",0007,Sex Manther,Sex Manther,Veteran,Veteran,30000,50000,1.67,3,2,0,0,0,CL 3| TCV 130K,0,0,salary_jump_no_flag
WR,2019,2018,12656,"Higgins, Rashard",0006,Sex Manther,Good in Da Hood,Veteran,Veteran,1000,5000,5.0,1,2,0,0,0,TCV 10K,0,0,salary_jump_no_flag
WR,2019,2018,12658,"Shepard, Sterling",0003,C'mon Son,Gride,Rookie/Extension,Veteran,11000,25000,2.27,3,2,0,0,0,TCV 50K,0,0,rookie_to_vet_no_flag;salary_jump_no_flag
WR,2019,2018,12665,"Allison, Geronimo",0003,Cleon Ca$h,Gride,Veteran,Veteran,5000,9000,1.8,1,2,0,0,0,TCV 18K,0,0,salary_jump_no_flag
WR,2019,2018,12801,"Hill, Tyreek",0002,Sex Manther,The Bash Bros,Veteran,Veteran GF,14000,14000,1.0,3,2,0,1,0,"Restructure Ext. Manther '19 - '20 [14K,15K]  AAV 21K",0,0,restructure_only
WR,2021,2020,12801,"Hill, Tyreek",0006,Good in Da Hood,Good in Da Hood,FL,Veteran,21000,38000,1.81,3,2,0,0,0,CL 3| TCV 97K| AAV 41K,0,0,salary_jump_no_flag
WR,2024,2023,12801,"Hill, Tyreek",0007,CBP,Sex Manther,Tag,BL,51000,41000,0.8,1,3,0,0,0,"CL 3| TCV 183K| AAV 61Kl Y1- 41K, Y2- 71K, Y3-71K",0,0,contract_year_reset_no_flag
WR,2025,2024,12801,"Hill, Tyreek",0007,Sex Manther,Sex Manther,BL,FL,41000,80000,1.95,3,2,0,0,0,"CL 2| TCV 142K| AAV 61Kl Y1- 80K, Y2- 62K",0,0,salary_jump_no_flag
WR,2018,2017,12930,"Anderson, Robby",0008,White Power,Gordon Is The New Blackmon,STANDARD,Veteran,3000,17000,5.67,1,3,0,0,0,,0,0,salary_jump_no_flag;contract_year_reset_no_flag
WR,2021,2020,12930,"Anderson, Robby",0011,Blake Bombers,Cleon Ca$h,Veteran,Veteran,17000,27000,1.59,2,1,0,0,0,CL 2| TCV 44K,0,0,salary_jump_no_flag
WR,2020,2019,13154,"Williams, Mike",0004,Pure Greatness,Pure Greatness,Rookie/Veteran GF,Veteran GF,12000,22000,1.83,2,1,0,0,0,"Ext. Hawks '20 [12K, 22K]",0,0,rookie_to_vet_no_flag;salary_jump_no_flag
WR,2023,2022,13154,"Williams, Mike",0008,Blake Bombers,Real Deal Creel,Veteran,Veteran,6000,16000,2.67,2,1,0,0,0,CL 2| TCV 22K| AAV 16K|  Y1-6 Y2-16,0,0,salary_jump_no_flag
WR,2022,2021,13156,"Smith-Schuster, JuJu",0008,Cleon Ca$h,#BLM,FL,Veteran,1000,15000,15.0,1,3,0,0,0,CL 3| TCV 45K| AAV 15K,0,0,salary_jump_no_flag;contract_year_reset_no_flag
WR,2021,2020,13157,"Samuel, Curtis",0001,Pure Greatness,Ulterior Warrior,WW,FL,4000,15000,3.75,1,2,0,0,0,"CL 2| TCV 24K| AAV 12K| (15,9)",0,0,salary_jump_no_flag
WR,2023,2022,13157,"Samuel, Curtis",0005,#BLM,HammerTime 🔨 ⏰,WW,Veteran,12000,1000,0.08,1,3,0,0,0,CL 3| TCV 3K| AAV 1K,0,0,contract_year_reset_no_flag
WR,2020,2019,13163,"Godwin, Chris",0012,Hawks,Hawks,Rookie/Veteran,Veteran,5000,25000,5.0,3,2,0,0,0,"TCV 55K [5K, 25K, 25K]",0,0,rookie_to_vet_no_flag;salary_jump_no_flag
WR,2022,2021,13163,"Godwin, Chris",0012,Hawks,Hawks,Veteran,Tag,25000,43000,1.72,1,1,0,0,0,CL 1|Returns to FA in '23,0,0,salary_jump_no_flag
WR,2022,2021,13164,"Kupp, Cooper",0011,Cleon Ca$h,Cleon Ca$h,Veteran,Veteran,22000,42000,1.91,3,2,0,0,0,CL 3| TCV 106K |AAV 42K| Y1-22 Y2-42 Y3-42,0,0,salary_jump_no_flag
WR,2020,2019,13277,"Golladay, Kenny",0006,Blake Bombers,Good in Da Hood,Rookie GF,FL,5000,87000,17.4,1,2,0,0,0,"TCV 124K AAV 62K [87K, 37K]",0,0,salary_jump_no_flag
WR,2018,2017,13412,"Cole, Keelan",0001,Gordon Is The New Blackmon,Ulterior Warrior,STANDARD,FL,1000,14000,14.0,1,3,0,0,0,"[14K, 9K, 4K] AAV (9)",0,0,salary_jump_no_flag;contract_year_reset_no_flag
WR,2023,2022,13418,"Bourne, Kendrick",0012,Cleon Ca$h,Hawks,WW,WW,1000,5000,5.0,1,1,0,0,0,,0,0,salary_jump_no_flag
WR,2021,2020,13629,"Ridley, Calvin",0012,Hawks,Hawks,Veteran,Veteran,6000,26000,4.33,3,2,0,0,0,CL 2| TCV 52K,0,0,salary_jump_no_flag
WR,2023,2022,13629,"Ridley, Calvin",0007,The Bash Bros,Sex Manther,BL,BL,12000,18000,1.5,3,2,0,0,0,CL 3| TCV 54K| AAV 18K| Y1-12 Y2-18 Y3-24,0,0,salary_jump_no_flag
WR,2023,2022,13630,"Sutton, Courtland",0001,The Bash Bros,Ulterior Warrior,Veteran,Veteran,25000,10000,0.4,1,3,0,0,0,CL 3| TCV 30K| AAV 10K,0,0,contract_year_reset_no_flag
WR,2022,2021,13632,"Lazard, Allen",0011,The Bash Bros,Cleon Ca$h,WW,Veteran,2000,12000,6.0,1,3,0,0,0,CL 3| TCV 36K| AAV 12K,0,0,salary_jump_no_flag;contract_year_reset_no_flag
WR,2022,2021,13633,"Kirk, Christian",0003,Sex Manther,Gride,Veteran,Veteran,4000,9000,2.25,1,2,0,0,0,CL 2| TCV 18K| AAV 9K,0,0,salary_jump_no_flag
WR,2024,2023,13633,"Kirk, Christian",0004,HammerTime 🔨 ⏰,Pure Greatness,Veteran,Veteran,9000,19000,2.11,2,1,0,0,0,CL 2| TCV 28K| AAV 19K| Y1-9K Y2-19K,0,0,salary_jump_no_flag
WR,2023,2022,13635,"Moore, D.J.",0010,C-Town Chivalry,Blake Bombers,BL,FL,26000,61000,2.35,3,2,0,0,0,"CL 2| TCV 101K| AAV 49K |Y1-61 Y2-40| Ext: UW, Chivalry",0,0,salary_jump_no_flag
WR,2021,2020,13646,"Gallup, Michael",0006,Good in Da Hood,Good in Da Hood,Rookie GF,Veteran,5000,10000,2.0,1,2,0,0,0,CL 2| TCV 20K| AAV 10K,0,0,rookie_to_vet_no_flag;salary_jump_no_flag
WR,2021,2020,13793,"Valdes-Scantling, Marquez",0011,Cleon Ca$h,Cleon Ca$h,Rookie GF,ER,2000,4000,2.0,1,1,0,0,0,CL 1|,0,0,salary_jump_no_flag
WR,2022,2021,14105,"Brown, Marquise",0006,Run CMC,Good in Da Hood,Rookie/Veteran,Veteran,10000,20000,2.0,2,1,0,0,0,CL 2| TCV 30K| AAV 20K| Y1-10 Y2-20,0,0,rookie_to_vet_no_flag;salary_jump_no_flag
WR,2023,2022,14105,"Brown, Marquise",0011,Good in Da Hood,Cleon Ca$h,Veteran,Veteran,20000,37000,1.85,1,1,0,0,0,CL 1| TCV K| AAV K,0,0,salary_jump_no_flag
WR,2024,2023,14105,"Brown, Marquise",0012,Cleon Ca$h,Hawks,Veteran,Veteran,37000,8000,0.22,1,3,0,0,0,"CL 3| TCV 24K| AAV 8K| Y1-8, Y2-8, Y3-8",0,0,contract_year_reset_no_flag
WR,2025,2024,14109,"McLaurin, Terry",0010,Ulterior Warrior,Blake Bombers,Veteran,Veteran,32000,19000,0.59,1,3,0,0,0,CL 3| TCV 57K| AAV 19K,0,0,contract_year_reset_no_flag
WR,2020,2019,14122,"Slayton, Darius",0009,#BLM,C-Town Chivalry,Rookie,FL,2000,26000,13.0,1,2,0,0,0,"[26K, 8K] TCV 34K",0,0,salary_jump_no_flag
WR,2024,2023,14127,"Meyers, Jakobi",0001,Hawks,Ulterior Warrior,Veteran,Veteran,5000,4000,0.8,1,3,0,0,0,"CL 3| TCV 12K| AAV 4K| Y1-4, Y2-4, Y3-4",0,0,contract_year_reset_no_flag
WR,2022,2021,14136,"Samuel, Deebo",0007,Sex Manther,Sex Manther,Rookie/Veteran,Veteran,5000,25000,5.0,3,2,0,0,0,CL 3| TCV 55K| AAV 25K| Y1-5 Y2-25 Y3-25,0,0,rookie_to_vet_no_flag;salary_jump_no_flag
WR,2025,2024,14136,"Samuel, Deebo",0003,Blake Bombers,Gride,Veteran,Veteran,35000,8000,0.23,1,3,0,0,0,CL 3| TCV 24K| AAV 8K,0,0,contract_year_reset_no_flag
WR,2024,2023,14208,"Johnson, Diontae",0003,Gride,Gride,Veteran,Veteran,12000,48000,4.0,2,1,0,0,0,CL 2| TCV 60K| AAV 35K| Y1-12 Y2-48| Ext: PG,0,0,salary_jump_no_flag
WR,2020,2019,14613,"Sims, Steven",0003,Pure Greatness,Gride,Rookie,Veteran,1000,2000,2.0,1,3,0,0,0,TCV 6K,0,0,rookie_to_vet_no_flag;salary_jump_no_flag;contract_year_reset_no_flag
WR,2024,2023,14833,"Jeudy, Jerry",0011,The Main Event Mafia,Cleon Ca$h,Veteran,FL,20000,7000,0.35,1,3,0,0,0,"CL 3| TCV 9K| AAV 3K| Y1-7, Y2-1, Y3-1",0,0,contract_year_reset_no_flag
WR,2024,2023,14840,"Aiyuk, Brandon",0002,CBP,CBP,Veteran,Veteran,15000,25000,1.67,2,1,0,0,0,CL 2| TCV 40K| AAV 25K |Y1-15 Y2-25| Ext: CBP,0,0,salary_jump_no_flag
WR,2025,2024,14842,"Pittman, Michael",0003,Gride,Gride,Veteran,Veteran,25000,45000,1.8,3,2,0,0,0,CL 3| TCV 115K| AAV 45K| Y1-25K Y2-45K Y3-45K| Ext: PG,0,0,salary_jump_no_flag
WR,2025,2024,14860,"Jennings, Jauan",0008,Real Deal Creel,Real Deal Creel,Veteran,Veteran,1000,11000,11.0,2,1,0,0,0,CL 2| TCV 12K| AAV 11K| Y1-1 Y2-11| Ext: Creel,0,0,salary_jump_no_flag
WR,2025,2024,14974,"Mooney, Darnell",0002,CBP,CBP,Veteran,Veteran,2000,12000,6.0,2,1,0,0,0,CL 2| TCV 14K| AAV 12K |Y1-2 Y2-12| Ext: CBP,0,0,salary_jump_no_flag
WR,2025,2024,15282,"Smith, DeVonta",0002,CBP,CBP,Veteran,Veteran,16000,26000,1.62,2,1,0,0,0,"CL 2| TCV 42K| AAV 26K|Y1-16 Y2-26|Ext: GRide, CBP",0,0,salary_jump_no_flag
WR,2024,2023,15288,"Moore, Elijah",0008,Pure Greatness,Real Deal Creel,WW,WW,5000,29000,5.8,1,1,0,0,0,CL 1|,0,0,salary_jump_no_flag
WR,2024,2023,15293,"Bateman, Rashod",0003,Sex Manther,Gride,Veteran,WW,1000,3000,3.0,3,1,0,0,0,CL 1|,0,0,salary_jump_no_flag
WR,2025,2024,15293,"Bateman, Rashod",0005,The Long Haulers,HammerTime 🔨 ⏰,WW,Veteran,3000,5000,1.67,1,3,0,0,0,CL 3| TCV 15K| AAV 5K,0,0,salary_jump_no_flag;contract_year_reset_no_flag
WR,2025,2024,15754,"Olave, Chris",0004,Pure Greatness,Pure Greatness,Rookie/Veteran,FL,11000,51000,4.64,3,2,0,0,0,"CL 2| TCV 62K| AAV 31K| Y1-51, Y2-11| Ext: Blake",0,0,salary_jump_no_flag
WR,2025,2024,15761,"Shakir, Khalil",0010,HammerTime 🔨 ⏰,Blake Bombers,Rookie,BL,2000,14000,7.0,1,3,0,0,0,"CL 3| TCV 57K| AAV 19K| Y1-14K, Y2-25K, Y3-18K",0,0,salary_jump_no_flag;contract_year_reset_no_flag
WR,2023,2022,15763,"Ross, Justyn",0011,The Bash Bros,Cleon Ca$h,Rookie,Veteran,2000,15000,7.5,3,1,0,0,0,CL 1| TCV K| AAV K,0,0,rookie_to_vet_no_flag;salary_jump_no_flag
WR,2025,2024,15779,"Doubs, Romeo",0005,Hawks,HammerTime 🔨 ⏰,Rookie,Veteran,2000,4000,2.0,1,1,0,0,0,CL 1|,0,0,rookie_to_vet_no_flag;salary_jump_no_flag
WR,2025,2024,15789,"Watson, Christian",0008,Pure Greatness,Real Deal Creel,Rookie,Veteran,6000,1000,0.17,1,3,0,0,0,CL 3| TCV 3K| AAV 1K,0,0,contract_year_reset_no_flag
WR,2025,2024,16080,"Shaheed, Rashid",0010,CBP,Blake Bombers,Rookie,Veteran,1000,7000,7.0,1,3,0,0,0,"CL 3| TCV 21K| AAV 7K| Y1-7K, Y2-7K, Y3-7K",0,0,rookie_to_vet_no_flag;salary_jump_no_flag;contract_year_reset_no_flag
WR,2024,2023,16287,"Tucker, Tre",0010,Real Deal Creel,Blake Bombers,Rookie,Veteran,1000,1000,1.0,1,3,0,0,0,"CL 3| TCV 3K| AAV 1K| Y1-1, Y2-1, Y3-1",0,0,contract_year_reset_no_flag
WR,2025,2024,16342,"Douglas, Demario",0004,Pure Greatness,Pure Greatness,Rookie/Veteran,Veteran,1000,12000,12.0,2,1,0,0,0,CL 2| TCV 14K| AAV 12K |Y1-2 Y2-12| Ext: Blake,0,0,rookie_to_vet_no_flag;salary_jump_no_flag
WR,2018,2017,7393,"Fitzgerald, Larry",0010,White Power,Blake Bombers,STANDARD,BL,32000,18000,0.56,1,3,0,0,0,"[18K, 43K,62K] (AAV 41)",0,0,contract_year_reset_no_flag
WR,2019,2018,9075,"Jackson, DeSean",0006,The Bash Bros,Good in Da Hood,Veteran,FL,5000,10000,2.0,1,2,0,0,0,"TCV 14K AAV 7K [10K, 4K]",0,0,salary_jump_no_flag
WR,2017,2016,9662,"Edelman, Julian",0005,,C'mon Son,,RESTRUCTURED - FL,0,69000,,0,2,0,1,0,"Ext. Gordon '16, T-Tag Gordon '17, Ext '18 Son [ 69K, 37K]",0,0,restructure_only
WR,2019,2018,9662,"Edelman, Julian",0008,Blake Bombers,#BLM,Veteran,Transition GF,29000,54000,1.86,1,1,0,0,0,Tag Blake '19,0,0,salary_jump_no_flag
WR,2018,2017,9823,"Bryant, Dez",0002,Gride,The Bash Bros,STANDARD,Veteran,65000,14000,0.22,1,3,0,0,0,,0,0,contract_year_reset_no_flag
WR,2018,2017,9831,"Tate, Golden",0009,Good in Da Hood,C-Town Chivalry,STANDARD,Veteran,27000,34000,1.26,1,3,0,0,0,,0,0,contract_year_reset_no_flag
TE,2023,2022,11244,"Kelce, Travis",0005,C-Town Chivalry,HammerTime 🔨 ⏰,BL,BL,26000,52000,2.0,3,2,0,0,0,"CL 2| TCV 128K| AAV 64KK| Y1-52, Y2-76| Ext: Chivalry",0,0,salary_jump_no_flag
TE,2018,2017,11247,"Ertz, Zach",0001,Ulterior Warrior,Ulterior Warrior,STANDARD,Veteran,25000,30000,1.2,1,3,0,0,0,"Tag UW '18 Ext '19/'20 C-Town [30K, 42K,42K]",0,0,contract_year_reset_no_flag
TE,2023,2022,11247,"Ertz, Zach",0009,Pure Greatness,C-Town Chivalry,Veteran,Veteran,11000,23000,2.09,3,2,0,0,0,"CL 3| TCV 57K| AAV 23K|  Y1-11 Y2-23 Y3-23| Ext: Hawks, PG",0,0,salary_jump_no_flag
TE,2019,2018,11257,"McDonald, Vance",0006,Good in Da Hood,Good in Da Hood,Veteran,Veteran,7000,16000,2.29,1,2,0,0,0,TCV 32K,0,0,salary_jump_no_flag
TE,2020,2019,11516,"Doyle, Jack",0002,The Bash Bros,The Bash Bros,WW,Veteran,4000,7000,1.75,1,2,0,0,0,TCV 14K AAV 4K/10K Ext. Bash '21,0,0,salary_jump_no_flag
TE,2022,2021,11647,"Thomas, Logan",0005,Blake Bombers,Run CMC,Veteran,Veteran,5000,11000,2.2,2,1,0,0,0,CL 2| TCV 16K| AAV 11K| Y1-5 Y2-11,0,0,salary_jump_no_flag
TE,2018,2017,11695,"Ebron, Eric",0005,Good in Da Hood,C'mon Son,STANDARD,Veteran,2000,7000,3.5,1,1,0,0,0,,0,0,salary_jump_no_flag
TE,2018,2017,11705,"Burton, Trey",0001,Ulterior Warrior,Ulterior Warrior,STANDARD,FL,4000,18000,4.5,1,3,0,0,0,"[18K, 13K, 5K] AAV (12)",0,0,salary_jump_no_flag;contract_year_reset_no_flag
TE,2018,2017,12110,"Brate, Cameron",0005,White Power,C'mon Son,STANDARD,Veteran,3000,6000,2.0,1,1,0,0,0,,0,0,salary_jump_no_flag
TE,2022,2021,12263,"Waller, Darren",0006,Good in Da Hood,Good in Da Hood,FL,FL,10000,16000,1.6,3,2,0,0,0,CL 3| TCV 42K| AAV 18K| L 10K| Y1-10 Y2-16 Y3-16,0,0,salary_jump_no_flag
TE,2019,2018,12677,"Hooper, Austin",0005,Gordon Is The New Blackmon,Run CMC,Rookie,Veteran GF,5000,10000,2.0,1,2,0,0,0,,0,0,rookie_to_vet_no_flag;salary_jump_no_flag
TE,2020,2019,12678,"Higbee, Tyler",0001,Blake Bombers,Ulterior Warrior,WW,Veteran,1000,1000,1.0,1,3,0,0,0,TCV 3K,0,0,contract_year_reset_no_flag
TE,2023,2022,12678,"Higbee, Tyler",0012,Pure Greatness,Hawks,Veteran,Veteran,1000,9000,9.0,1,1,0,0,0,CL 1| TCV K| AAV K,0,0,salary_jump_no_flag
TE,2024,2023,12678,"Higbee, Tyler",0008,Hawks,Real Deal Creel,Veteran,Veteran,9000,1000,0.11,1,3,0,0,0,"CL 3| TCV 3K| AAV 1K| Y1-1, Y2-1, Y3-1",0,0,contract_year_reset_no_flag
TE,2020,2019,13188,"Howard, O.J.",0004,The Bash Bros,Pure Greatness,Rookie GF,Veteran,8000,11000,1.38,1,1,0,0,0,Eligible for Multi,0,0,rookie_to_vet_no_flag
TE,2020,2019,13189,"Engram, Evan",0008,#BLM,#BLM,Rookie/Veteran GF,Veteran GF,7000,19000,2.71,3,2,0,0,0,"Ext. Cleon '20/'21 [7K,19K, 19K]",0,0,rookie_to_vet_no_flag;salary_jump_no_flag
TE,2023,2022,13189,"Engram, Evan",0010,Blake Bombers,Blake Bombers,Veteran,Tag,2000,17000,8.5,1,1,0,0,0,CL 1|Returns to FA in '24,0,0,salary_jump_no_flag
TE,2020,2019,13192,"Njoku, David",0011,Cleon Ca$h,Cleon Ca$h,Rookie/Veteran,Veteran,5000,11000,2.2,2,1,0,0,0,Ext. Manther '20,0,0,rookie_to_vet_no_flag;salary_jump_no_flag
TE,2022,2021,13192,"Njoku, David",0005,Blake Bombers,Run CMC,WW,Veteran,1000,3000,3.0,1,3,0,0,0,CL 3| TCV 9K| AAV 3K,0,0,salary_jump_no_flag;contract_year_reset_no_flag
TE,2025,2024,13192,"Njoku, David",0003,CBP,Gride,Veteran,Veteran,3000,27000,9.0,1,2,0,0,0,CL 2| TCV 54K| AAV 27K,0,0,salary_jump_no_flag
TE,2025,2024,13193,"Smith, Jonnu",0005,Cleon Ca$h,HammerTime 🔨 ⏰,Veteran,Veteran,1000,6000,6.0,1,3,0,0,0,CL 3| TCV 16K| AAV 6K,0,0,salary_jump_no_flag;contract_year_reset_no_flag
TE,2023,2022,13236,"Everett, Gerald",0005,Pure Greatness,HammerTime 🔨 ⏰,WW,WW,2000,5000,2.5,1,1,0,0,0,,0,0,salary_jump_no_flag
TE,2024,2023,13299,"Kittle, George",0003,Gride,Gride,FL,FL,17000,32000,1.88,2,1,0,0,0,"CL 2| TCV 49K| AAV 32K| Y1-17 Y2-32| Ext: PG, Sex, GRide",0,0,salary_jump_no_flag
TE,2018,2017,13382,"Seals-Jones, Ricky",0008,Sex Manther,Gordon Is The New Blackmon,STANDARD,Veteran,1000,7000,7.0,1,3,0,0,0,,0,0,salary_jump_no_flag;contract_year_reset_no_flag
TE,2023,2022,13424,"Hill, Taysom",0002,The Bash Bros,CBP,Veteran,WW,1000,4000,4.0,3,1,0,0,0,,0,0,salary_jump_no_flag
TE,2019,2018,13671,"Andrews, Mark",0005,Pure Greatness,Run CMC,Veteran,Veteran GF,1000,3000,3.0,1,3,0,0,0,,0,0,salary_jump_no_flag;contract_year_reset_no_flag
TE,2024,2023,13671,"Andrews, Mark",0002,CBP,CBP,Veteran,Veteran,9000,27000,3.0,3,2,0,0,0,"CL 3| TCV 63K| AAV 27K| Y1-9K, Y2-27K, Y3-27K| Ext: BB, UW",0,0,salary_jump_no_flag
TE,2022,2021,13672,"Gesicki, Mike",0008,#BLM,#BLM,Veteran,Veteran,1000,13000,13.0,3,2,0,0,0,CL 3| TCV 27K| AAV 13K| Y1-1 Y2-13 Y3-13,0,0,salary_jump_no_flag
TE,2025,2024,13672,"Gesicki, Mike",0011,Ulterior Warrior,Cleon Ca$h,WW,WW,2000,5000,2.5,1,1,0,0,0,CL 1|,0,0,salary_jump_no_flag
TE,2023,2022,13674,"Goedert, Dallas",0004,C-Town Chivalry,Pure Greatness,FL,FL,1000,24000,24.0,1,3,0,0,0,CL 3| TCV 66K| AAV 22K| Y1-24 Y2-22 Y3-20,0,0,salary_jump_no_flag;contract_year_reset_no_flag
TE,2019,2018,13678,"Thomas, Ian",0007,Ulterior Warrior,Sex Manther,Veteran,WW,1000,2000,2.0,1,1,0,0,0,,0,0,salary_jump_no_flag
TE,2023,2022,13772,"Schultz, Dalton",0011,Ulterior Warrior,Cleon Ca$h,Veteran,Veteran,7000,13000,1.86,2,1,0,0,0,CL 2| TCV 20K| AAV 13K|  Y1-7 Y2-13| Ext: Creel,0,0,salary_jump_no_flag
TE,2024,2023,13772,"Schultz, Dalton",0012,Ulterior Warrior,Hawks,Veteran,Veteran,13000,4000,0.31,1,3,0,0,0,"CL 3| TCV 12K| AAV 4K| Y1-4, Y2-4, Y3-4",0,0,contract_year_reset_no_flag
TE,2022,2021,14137,"Fant, Noah",0008,Run CMC,#BLM,Veteran,WW,2000,4000,2.0,2,1,0,0,0,CL 1,0,0,salary_jump_no_flag
TE,2024,2023,14137,"Fant, Noah",0008,Cleon Ca$h,Real Deal Creel,WW,Veteran,1000,4000,4.0,1,3,0,0,0,"CL 3| TCV 12K| AAV 4K| Y1-4, Y2-4, Y3-4",0,0,salary_jump_no_flag;contract_year_reset_no_flag
TE,2022,2021,14141,"Smith Jr., Irv",0008,Pure Greatness,#BLM,Rookie GF,FL,5000,18000,3.6,1,3,0,0,0,CL 3| TCV 24K| AAV 8K| Y1-18 Y2-5 Y3-1,0,0,salary_jump_no_flag;contract_year_reset_no_flag
TE,2022,2021,14143,"Knox, Dawson",0002,Good in Da Hood,The Bash Bros,Rookie GF,Veteran,2000,9000,4.5,1,3,0,0,0,CL 3| TCV 27K| AAV 9K,0,0,rookie_to_vet_no_flag;salary_jump_no_flag;contract_year_reset_no_flag
TE,2023,2022,14861,"Johnson, Juwan",0003,Hawks,Gride,WW,Veteran,5000,2000,0.4,1,3,0,0,0,CL 3| TCV 6K| AAV 2K,0,0,contract_year_reset_no_flag
TE,2023,2022,14867,"Kmet, Cole",0001,The Bash Bros,Ulterior Warrior,Rookie/Veteran,Veteran,2000,8000,4.0,2,1,0,0,0,CL 2| TCV 10K| AAV 8K|  Y1-2 Y2-8| Ext: Creel,0,0,rookie_to_vet_no_flag;salary_jump_no_flag
TE,2024,2023,14867,"Kmet, Cole",0001,Ulterior Warrior,Ulterior Warrior,Veteran,FL,8000,20000,2.5,1,3,0,0,0,"CL 3| TCV 27K| AAV 9K| Y1-20, Y2-1, Y3-6",0,0,salary_jump_no_flag;contract_year_reset_no_flag
TE,2024,2023,15329,"Pitts, Kyle",0008,Real Deal Creel,Real Deal Creel,Rookie/Veteran,Veteran,15000,27000,1.8,3,2,0,0,0,CL 3| TCV 69K| AAV 27K| Y1-15 Y2- 27 Y3- 27| Ext: Gride,0,0,rookie_to_vet_no_flag;salary_jump_no_flag
TE,2025,2024,15802,"Otton, Cade",0006,Hawks,The Long Haulers,Rookie,Veteran,2000,5000,2.5,1,3,0,0,0,"CL 3| TCV 15K| AAV 5K| Y1-5K, Y2-5K, Y3-5K",0,0,rookie_to_vet_no_flag;salary_jump_no_flag;contract_year_reset_no_flag
TE,2025,2024,15889,"Okonkwo, Chigoziem",0002,The Long Haulers,CBP,WW,WW,1000,5000,5.0,1,1,0,0,0,CL 1|,0,0,salary_jump_no_flag
TE,2025,2024,16269,"Strange, Brenton",0005,Gride,HammerTime 🔨 ⏰,WW,Veteran,8000,2000,0.25,1,3,0,0,0,CL 3| TCV 6K| AAV 2K,0,0,contract_year_reset_no_flag
TE,2018,2017,9474,"Cook, Jared",0002,Good in Da Hood,The Bash Bros,STANDARD,Veteran,1000,4000,4.0,1,2,0,0,0,,0,0,salary_jump_no_flag
TE,2020,2019,9474,"Cook, Jared",0012,Hawks,Hawks,Veteran,Veteran,4000,16000,4.0,3,2,0,0,0,"TCV 36K [4K,16K, 16K]",0,0,salary_jump_no_flag
TE,2018,2017,9925,"Graham, Jimmy",0002,Crystal Blue Persuasian,The Bash Bros,STANDARD,Tagged,16000,30000,1.88,1,1,0,0,0,Tag Bash '18,0,0,salary_jump_no_flag
