season,franchise_id,team_name,era,player_id,player_name,position,nfl_team,weeks_started,playoff_weeks_started,total_pts_started,playoff_pts_started,ppg_started,avg_salary,min_contract_year,max_contract_year,contract_status_last
2017,0006,Good in Da Hood,1QB,11232,"Hopkins, DeAndre",WR,HOU,14,2,301.0,35.7,21.5,29000,2,2,STANDARD
2017,0006,Good in Da Hood,1QB,13138,"Hunt, Kareem",RB,KCC,14,2,265.3,59.9,18.95,9000,3,3,ROOKIE
2017,0006,Good in Da Hood,1QB,12652,"Thomas, Michael",WR,NOS,14,2,234.0,37.9,16.71,10000,2,2,ROOKIE
2017,0006,Good in Da Hood,1QB,11728,"Mosley, C.J.",LB,BAL,14,2,137.5,15.0,9.82,4000,1,1,STANDARD
2017,0006,Good in Da Hood,1QB,9966,"Jones, Reshad",S,MIA,14,2,132.5,21.0,9.46,1000,2,2,STANDARD
2017,0006,Good in Da Hood,1QB,9988,"Brown, Antonio",WR,PIT,4,1,125.9,4.6,31.47,80000,2,2,STANDARD
2017,0006,Good in Da Hood,1QB,11813,"Smith, Telvin",LB,JAC,12,1,122.0,2.5,10.17,4000,2,2,STANDARD
2017,0006,Good in Da Hood,1QB,9831,"Tate, Golden",WR,DET,10,2,120.7,11.5,12.07,27000,1,1,STANDARD
2017,0006,Good in Da Hood,1QB,7394,"Rivers, Philip",QB,LAC,5,2,104.4,24.9,20.88,6000,1,1,STANDARD
2017,0006,Good in Da Hood,1QB,7393,?,?,?,7,0,103.4,0.0,14.77,,,,
2017,0006,Good in Da Hood,1QB,13130,?,?,?,7,0,102.5,0.0,14.64,,,,
2017,0006,Good in Da Hood,1QB,9427,?,?,?,7,0,102.1,0.0,14.59,,,,
2017,0006,Good in Da Hood,1QB,10276,"Ingram, Mark",RB,NOS,5,2,100.4,47.4,20.08,33000,2,2,FRONT LOAD
2017,0006,Good in Da Hood,1QB,11345,?,?,?,9,0,87.7,0.0,9.74,,,,
2017,0006,Good in Da Hood,1QB,6789,?,?,?,9,0,86.8,0.0,9.64,,,,
2017,0006,Good in Da Hood,1QB,12233,"Alexander, Kwon",LB,TBB,10,2,83.0,22.5,8.3,1000,2,2,STANDARD
2017,0006,Good in Da Hood,1QB,10312,"Rudolph, Kyle",TE,MIN,8,2,78.8,11.5,9.85,25000,2,2,STANDARD
2017,0006,Good in Da Hood,1QB,10313,"Dalton, Andy",QB,CIN,4,0,69.3,0.0,17.32,16000,1,1,STANDARD
2017,0006,Good in Da Hood,1QB,9833,"Pierre-Paul, Jason",DE,NYG,10,2,68.5,12.0,6.85,3000,1,1,STANDARD
2017,0006,Good in Da Hood,1QB,9474,"Cook, Jared",TE,OAK,6,0,56.5,0.0,9.42,1000,1,1,STANDARD
2017,0006,Good in Da Hood,1QB,12140,?,?,?,4,0,38.2,0.0,9.55,,,,
2017,0006,Good in Da Hood,1QB,11772,?,?,?,5,0,34.5,0.0,6.9,,,,
2017,0006,Good in Da Hood,1QB,13303,"Elliott, Jake",PK,PHI,5,2,29.9,16.9,5.98,1000,1,1,STANDARD
2017,0006,Good in Da Hood,1QB,9330,"Woodyard, Wesley",LB,TEN,3,1,26.0,12.0,8.67,1000,1,1,STANDARD
2017,0006,Good in Da Hood,1QB,11180,?,?,?,3,0,21.2,0.0,7.07,,,,
2017,0006,Good in Da Hood,1QB,11695,"Ebron, Eric",TE,DET,1,1,19.7,19.7,19.7,2000,1,1,STANDARD
2017,0006,Good in Da Hood,1QB,12536,?,?,?,4,0,14.5,0.0,3.63,,,,
2017,0006,Good in Da Hood,1QB,12844,?,?,?,2,0,14.0,0.0,7.0,,,,
2017,0006,Good in Da Hood,1QB,8252,?,?,?,1,0,11.2,0.0,11.2,,,,
2017,0006,Good in Da Hood,1QB,12142,?,?,?,1,0,11.1,0.0,11.1,,,,
2017,0006,Good in Da Hood,1QB,9310,?,?,?,2,0,8.0,0.0,4.0,,,,
2017,0006,Good in Da Hood,1QB,9866,?,?,?,1,0,7.0,0.0,7.0,,,,
2017,0006,Good in Da Hood,1QB,12155,"Abdullah, Ameer",RB,DET,1,0,6.3,0.0,6.3,8000,1,1,ROOKIE
2017,0006,Good in Da Hood,1QB,11985,"Way, Tress",PN,WAS,1,1,5.0,5.0,5.0,1000,1,1,STANDARD
2017,0006,Good in Da Hood,1QB,12695,?,?,?,1,0,5.0,0.0,5.0,,,,
2017,0006,Good in Da Hood,1QB,8448,?,?,?,1,0,5.0,0.0,5.0,,,,
2017,0006,Good in Da Hood,1QB,13319,"Jones, Aaron",RB,GBP,2,0,4.6,0.0,2.3,2000,3,3,ROOKIE
2017,0006,Good in Da Hood,1QB,12626,"Henry, Derrick",RB,TEN,1,0,3.9,0.0,3.9,9000,2,2,ROOKIE
2017,0006,Good in Da Hood,1QB,12860,?,?,?,1,0,2.0,0.0,2.0,,,,
2017,0006,Good in Da Hood,1QB,12323,?,?,?,1,1,0.0,0.0,0.0,,,,
2017,0006,Good in Da Hood,1QB,8247,?,?,?,1,0,0.0,0.0,0.0,,,,
2018,0011,Cleon Ca$h,1QB,13156,"Smith-Schuster, JuJu",WR,PIT,14,3,301.2,69.5,21.51,5000,2,2,Rookie
2018,0011,Cleon Ca$h,1QB,12630,"Drake, Kenyan",RB,MIA,15,3,192.0,34.2,12.8,5000,1,1,Rookie
2018,0011,Cleon Ca$h,1QB,4925,"Brees, Drew",QB,NOS,8,3,190.2,38.9,23.77,13000,2,2,BL
2018,0011,Cleon Ca$h,1QB,9099,"Ryan, Matt",QB,ATL,6,0,155.4,0.0,25.9,12000,1,1,Veteran
2018,0011,Cleon Ca$h,1QB,10976,"Tucker, Justin",PK,BAL,15,3,147.6,26.2,9.84,3000,1,1,Veteran
2018,0011,Cleon Ca$h,1QB,11313,"Mathieu, Tyrann",S,HOU,15,3,145.4,20.3,9.69,3000,1,1,Veteran
2018,0011,Cleon Ca$h,1QB,10723,"Sanu, Mohamed",WR,ATL,12,3,133.3,42.1,11.11,1000,1,1,Veteran
2018,0011,Cleon Ca$h,1QB,11813,"Smith, Telvin",LB,JAC,14,2,132.5,24.5,9.46,4000,1,1,Veteran
2018,0011,Cleon Ca$h,1QB,9833,"Pierre-Paul, Jason",DE,TBB,14,3,132.0,29.5,9.43,5000,1,1,Veteran
2018,0011,Cleon Ca$h,1QB,11740,"Clinton-Dix, Ha Ha",S,WAS,13,3,123.6,28.8,9.51,4000,1,1,Veteran
2018,0011,Cleon Ca$h,1QB,10753,"Jones, Chandler",DE,ARI,9,0,95.0,0.0,10.56,11000,1,1,Veteran
2018,0011,Cleon Ca$h,1QB,12985,"Littleton, Cory",LB,LAR,9,0,93.5,0.0,10.39,4000,1,1,Veteran
2018,0011,Cleon Ca$h,1QB,12701,"Smith, Jaylon",LB,DAL,10,3,91.0,38.0,9.1,2000,1,1,Rookie
2018,0011,Cleon Ca$h,1QB,11293,"Ogletree, Alec",LB,NYG,9,2,89.5,21.0,9.94,6000,1,1,Veteran
2018,0011,Cleon Ca$h,1QB,12628,"Collins, Alex",RB,BAL,8,0,89.5,0.0,11.19,2000,1,1,Rookie
2018,0011,Cleon Ca$h,1QB,10308,"Cobb, Randall",WR,GBP,8,2,83.8,21.9,10.47,15000,1,1,Veteran
2018,0011,Cleon Ca$h,1QB,11383,"Martin, Sam",PN,DET,8,3,81.0,46.0,10.13,1000,1,1,Veteran
2018,0011,Cleon Ca$h,1QB,9118,"Nelson, Jordy",WR,OAK,9,3,76.2,42.3,8.47,70000,1,1,Veteran
2018,0011,Cleon Ca$h,1QB,10292,"Jordan, Cameron",DE,NOS,6,3,75.0,29.5,12.5,6000,1,1,Veteran
2018,0011,Cleon Ca$h,1QB,12159,"Allen, Javorius",RB,BAL,8,0,70.2,0.0,8.78,7000,1,1,Veteran
2018,0011,Cleon Ca$h,1QB,10312,"Rudolph, Kyle",TE,MIN,5,3,65.5,44.2,13.1,25000,1,1,Veteran
2018,0011,Cleon Ca$h,1QB,9662,"Edelman, Julian",WR,NEP,4,0,64.2,0.0,16.05,29000,1,1,Veteran
2018,0011,Cleon Ca$h,1QB,13136,"Clement, Corey",RB,PHI,8,1,61.1,0.5,7.64,22000,1,1,Veteran
2018,0011,Cleon Ca$h,1QB,13189,"Engram, Evan",TE,NYG,7,1,58.9,18.3,8.41,7000,2,2,Rookie
2018,0011,Cleon Ca$h,1QB,11257,"McDonald, Vance",TE,PIT,6,0,57.0,0.0,9.5,7000,1,1,Veteran
2018,0011,Cleon Ca$h,1QB,9308,"Amendola, Danny",WR,MIA,3,0,38.9,0.0,12.97,1000,1,1,Veteran
2018,0011,Cleon Ca$h,1QB,13144,"McGuire, Elijah",RB,NYJ,2,2,37.0,37.0,18.5,1000,1,1,Veteran
2018,0011,Cleon Ca$h,1QB,7578,"Lee, Andy",PN,ARI,4,0,37.0,0.0,9.25,1000,1,1,Veteran
2018,0011,Cleon Ca$h,1QB,11840,"O'Donnell, Pat",PN,CHI,4,0,27.0,0.0,6.75,1000,1,1,Veteran
2018,0011,Cleon Ca$h,1QB,11760,"Garoppolo, Jimmy",QB,SFO,1,0,15.6,0.0,15.6,7000,2,2,FL
2018,0011,Cleon Ca$h,1QB,11330,"Williams, Shawn",S,CIN,1,0,15.1,0.0,15.1,2000,1,1,Veteran
2018,0011,Cleon Ca$h,1QB,12665,"Allison, Geronimo",WR,GBP,1,0,14.6,0.0,14.6,5000,1,1,Veteran
2018,0011,Cleon Ca$h,1QB,7391,"Manning, Eli",QB,NYG,1,0,10.6,0.0,10.6,2000,1,1,Veteran
2018,0011,Cleon Ca$h,1QB,9686,"Succop, Ryan",PK,TEN,1,0,10.4,0.0,10.4,1000,1,1,Veteran
2018,0011,Cleon Ca$h,1QB,11326,"McDonald, T.J.",S,MIA,1,0,9.4,0.0,9.4,1000,1,1,Veteran
2018,0011,Cleon Ca$h,1QB,11676,"Matthews, Jordan",WR,PHI,1,0,7.6,0.0,7.6,1000,1,1,Veteran
2018,0011,Cleon Ca$h,1QB,11742,"Joyner, Lamarcus",S,LAR,1,0,7.6,0.0,7.6,1000,1,1,Veteran
2018,0011,Cleon Ca$h,1QB,10280,"Kerrigan, Ryan",LB,WAS,1,0,7.0,0.0,7.0,1000,1,1,Veteran
2018,0011,Cleon Ca$h,1QB,11707,"Tuitt, Stephon",DE,PIT,1,0,7.0,0.0,7.0,1000,1,1,Veteran
2018,0011,Cleon Ca$h,1QB,12261,"Montgomery, Ty",RB,BAL,3,1,6.0,0.0,2.0,22000,2,2,Veteran
2018,0011,Cleon Ca$h,1QB,11723,"Van Noy, Kyle",LB,NEP,1,1,3.0,3.0,3.0,1000,1,1,Veteran
2018,0011,Cleon Ca$h,1QB,12075,"Barrett, Shaq",LB,DEN,1,0,2.0,0.0,2.0,1000,1,1,Veteran
2018,0011,Cleon Ca$h,1QB,12230,"Beasley, Vic",DE,ATL,1,0,1.0,0.0,1.0,1000,1,1,Veteran
2018,0011,Cleon Ca$h,1QB,10806,"Wolfe, Derek",DE,DEN,1,0,0.5,0.0,0.5,1000,1,1,Veteran
2018,0011,Cleon Ca$h,1QB,12717,"Joseph, Karl",S,OAK,2,0,0.0,0.0,0.0,1000,1,1,Veteran
2019,0007,Sex Manther,1QB,13116,"Mahomes, Patrick",QB,KCC,13,3,328.1,69.8,25.24,2000,3,3,Rookie/Veteran GF
2019,0007,Sex Manther,1QB,13164,"Kupp, Cooper",WR,LAR,14,2,260.3,32.0,18.59,2000,1,1,Rookie GF
2019,0007,Sex Manther,1QB,13404,"Ekeler, Austin",RB,LAC,14,3,251.7,58.9,17.98,21000,1,1,Veteran
2019,0007,Sex Manther,1QB,13604,"Barkley, Saquon",RB,NYG,12,3,223.2,86.3,18.6,15000,2,2,Rookie GF
2019,0007,Sex Manther,1QB,12652,"Thomas, Michael",WR,NOS,7,3,204.9,103.2,29.27,30000,2,2,Veteran GF
2019,0007,Sex Manther,1QB,12686,"Bosa, Joey",DE,LAC,15,3,155.5,41.0,10.37,7000,2,2,Veteran GF
2019,0007,Sex Manther,1QB,13733,"Leonard, Darius",LB,IND,12,3,150.5,41.0,12.54,2000,2,2,Rookie GF
2019,0007,Sex Manther,1QB,13782,"Dickson, Michael",PN,SEA,15,3,145.0,29.0,9.67,4000,2,2,Rookie GF
2019,0007,Sex Manther,1QB,11757,"Donald, Aaron",DT,LAR,15,3,143.5,25.0,9.57,50000,3,3,FL
2019,0007,Sex Manther,1QB,13146,"Conner, James",RB,PIT,9,1,128.0,3.2,14.22,5000,1,1,Rookie GF
2019,0007,Sex Manther,1QB,12250,"Collins, Landon",S,WAS,11,0,126.7,0.0,11.52,13000,1,1,Veteran GF
2019,0007,Sex Manther,1QB,12676,"Henry, Hunter",TE,LAC,8,1,98.4,12.1,12.3,17000,2,2,Veteran GF
2019,0007,Sex Manther,1QB,13157,"Samuel, Curtis",WR,CAR,7,0,94.8,0.0,13.54,5000,2,2,Rookie/Veteran GF
2019,0007,Sex Manther,1QB,10768,"David, Lavonte",LB,TBB,10,0,86.5,0.0,8.65,7000,1,1,Veteran 
2019,0007,Sex Manther,1QB,13715,"Harrison, Ronnie",S,JAC,11,2,85.4,16.6,7.76,3000,2,2,Veteran
2019,0007,Sex Manther,1QB,11244,"Kelce, Travis",TE,KCC,4,3,84.6,69.8,21.15,52000,1,1,Veteran GF
2019,0007,Sex Manther,1QB,8153,"Gould, Robbie",PK,SFO,7,3,69.4,34.1,9.91,1000,1,1,WW
2019,0007,Sex Manther,1QB,8687,"Olsen, Greg",TE,CAR,6,0,69.2,0.0,11.53,1000,1,1,WW
2019,0007,Sex Manther,1QB,11679,"Beckham, Odell",WR,CLE,5,0,68.9,0.0,13.78,48000,2,2,Veteran GF
2019,0007,Sex Manther,1QB,14104,"Brown, A.J.",WR,TEN,4,2,66.3,44.1,16.57,6000,3,3,Rookie GF
2019,0007,Sex Manther,1QB,12630,"Drake, Kenyan",RB,ARI,4,1,65.0,35.8,16.25,21000,2,2,Veteran
2019,0007,Sex Manther,1QB,12417,"Lambo, Josh",PK,JAC,6,0,56.8,0.0,9.47,1000,1,1,WW
2019,0007,Sex Manther,1QB,13250,"King, Kevin",CB,GBP,5,0,51.0,0.0,10.2,1000,1,1,WW
2019,0007,Sex Manther,1QB,9918,"Sanders, Emmanuel",WR,SFO,6,1,50.4,2.9,8.4,18000,1,1,Veteran
2019,0007,Sex Manther,1QB,12910,"Harris, Erik",S,OAK,4,1,45.1,9.1,11.28,1000,1,1,WW
2019,0007,Sex Manther,1QB,11723,"Van Noy, Kyle",LB,NEP,5,0,40.0,0.0,8.0,1000,1,1,WW
2019,0007,Sex Manther,1QB,12620,"Prescott, Dak",QB,DAL,2,0,34.4,0.0,17.2,9000,1,1,Veteran
2019,0007,Sex Manther,1QB,13153,"Davis, Corey",WR,TEN,3,0,33.1,0.0,11.03,14000,1,1,Rookie GF
2019,0007,Sex Manther,1QB,13466,"Burgess, James",LB,NYJ,3,3,28.5,28.5,9.5,1000,1,1,WW
2019,0007,Sex Manther,1QB,13154,"Williams, Mike",WR,LAC,3,0,27.6,0.0,9.2,12000,2,2,Rookie/Veteran GF
2019,0007,Sex Manther,1QB,8713,"Weddle, Eric",S,LAR,4,3,24.0,23.2,6.0,1000,1,1,WW
2019,0007,Sex Manther,1QB,10697,"Tannehill, Ryan",QB,TEN,1,0,23.5,0.0,23.5,6000,1,1,WW
2019,0007,Sex Manther,1QB,12635,"Williams, Jonathan",RB,IND,1,0,21.7,0.0,21.7,21000,1,1,WW
2019,0007,Sex Manther,1QB,12779,"Campbell, De'Vondre",LB,ATL,2,2,21.5,21.5,10.75,1000,1,1,WW
2019,0007,Sex Manther,1QB,12736,"Neal, Keanu",S,ATL,3,0,17.2,0.0,5.73,11000,1,1,Veteran GF
2019,0007,Sex Manther,1QB,13245,"Reddick, Haason",LB,ARI,2,0,15.5,0.0,7.75,1000,1,1,WW
2019,0007,Sex Manther,1QB,13980,"Badgley, Mike",PK,LAC,2,0,15.4,0.0,7.7,1000,1,1,WW
2019,0007,Sex Manther,1QB,9464,"Matthews, Clay",LB,LAR,3,0,15.0,0.0,5.0,1000,1,1,WW
2019,0007,Sex Manther,1QB,14717,"McLaughlin, Chase",PK,IND,1,0,14.4,0.0,14.4,1000,1,1,WW
2019,0007,Sex Manther,1QB,12785,"Robinson, Demarcus",WR,KCC,2,0,14.0,0.0,7.0,1000,1,1,WW
2019,0007,Sex Manther,1QB,13201,"Barnett, Derek",DE,PHI,4,0,14.0,0.0,3.5,5000,2,2,Veteran
2019,0007,Sex Manther,1QB,12481,"Hewitt, Neville",LB,NYJ,1,0,8.5,0.0,8.5,1000,1,1,WW
2019,0007,Sex Manther,1QB,13631,"Washington, James",WR,PIT,1,1,7.9,7.9,7.9,5000,2,2,Rookie GF
2019,0007,Sex Manther,1QB,10973,"Beasley, Cole",WR,BUF,1,0,5.5,0.0,5.5,4000,1,1,WW
2019,0007,Sex Manther,1QB,12241,"Johnson, A.J.",LB,DEN,1,1,5.5,5.5,5.5,1000,1,1,WW
2019,0007,Sex Manther,1QB,13869,"Bojorquez, Corey",PN,BUF,1,0,4.0,0.0,4.0,2000,1,1,WW
2019,0007,Sex Manther,1QB,12181,"Agholor, Nelson",WR,PHI,1,0,0.0,0.0,0.0,1000,3,3,Veteran
2019,0007,Sex Manther,1QB,13447,"Wilson, Eric",LB,MIN,1,0,0.0,0.0,0.0,1000,1,1,WW
2020,0002,The Bash Bros,1QB,13589,"Allen, Josh",QB,BUF,14,2,421.8,84.3,30.13,8000,3,3,Veteran
2020,0002,The Bash Bros,1QB,13164,"Kupp, Cooper",WR,LAR,14,2,215.6,25.0,15.4,22000,2,2,Veteran
2020,0002,The Bash Bros,1QB,14071,"Montgomery, David",RB,CHI,13,2,206.5,50.1,15.88,14000,2,2,Rookie GF
2020,0002,The Bash Bros,1QB,11674,"Cooks, Brandin",WR,HOU,11,2,184.0,42.6,16.73,43000,1,1,BL
2020,0002,The Bash Bros,1QB,13230,"Adams, Jamal",S,SEA,10,2,138.0,26.6,13.8,7000,2,2,Veteran GF
2020,0002,The Bash Bros,1QB,12701,"Smith, Jaylon",LB,DAL,14,2,128.0,21.0,9.14,4000,2,2,Veteran
2020,0002,The Bash Bros,1QB,13198,"Garrett, Myles",DE,CLE,12,2,125.5,17.0,10.46,10000,2,2,Veteran
2020,0002,The Bash Bros,1QB,12956,"Lutz, Wil",PK,NOS,14,2,124.2,13.0,8.87,2000,1,1,Veteran
2020,0002,The Bash Bros,1QB,12301,"Smith, Za'Darius",LB,GBP,12,1,107.0,7.5,8.92,1000,1,1,WW
2020,0002,The Bash Bros,1QB,9925,"Graham, Jimmy",TE,CHI,8,1,104.1,23.7,13.01,1000,1,1,WW
2020,0002,The Bash Bros,1QB,9430,"Jenkins, Malcolm",S,NOS,11,2,103.5,31.5,9.41,2000,1,1,WW
2020,0002,The Bash Bros,1QB,14833,"Jeudy, Jerry",WR,DEN,8,0,100.2,0.0,12.53,10000,3,3,Rookie
2020,0002,The Bash Bros,1QB,13131,"Mixon, Joe",RB,CIN,6,0,99.4,0.0,16.57,33000,2,2,Veteran
2020,0002,The Bash Bros,1QB,14080,"Singletary, Devin",RB,BUF,9,1,86.5,7.0,9.61,5000,2,2,Rookie GF
2020,0002,The Bash Bros,1QB,12676,"Henry, Hunter",TE,LAC,8,1,84.2,18.5,10.53,25000,3,3,Veteran
2020,0002,The Bash Bros,1QB,13430,"Haack, Matt",PN,MIA,12,2,79.0,10.0,6.58,1000,1,1,Veteran
2020,0002,The Bash Bros,1QB,13713,"Fitzpatrick, Minkah",S,PIT,7,2,71.1,21.0,10.16,1000,1,1,Rookie GF
2020,0002,The Bash Bros,1QB,12181,"Agholor, Nelson",WR,LVR,4,2,60.2,40.8,15.05,1000,2,2,Veteran
2020,0002,The Bash Bros,1QB,11783,"Brown, John",WR,BUF,5,0,54.4,0.0,10.88,4000,2,2,Veteran
2020,0002,The Bash Bros,1QB,13135,"Gallman, Wayne",RB,NYG,4,1,53.9,2.9,13.47,10000,1,1,WW
2020,0002,The Bash Bros,1QB,14186,"Rapp, Taylor",S,LAR,7,0,52.5,0.0,7.5,1000,2,2,Rookie GF
2020,0002,The Bash Bros,1QB,13716,"Edmunds, Terrell",S,PIT,6,0,35.7,0.0,5.95,1000,1,1,WW
2020,0002,The Bash Bros,1QB,11193,"Bernard, Giovani",RB,CIN,3,1,34.9,19.1,11.63,2000,1,1,WW
2020,0002,The Bash Bros,1QB,11721,"Mack, Khalil",LB,CHI,5,0,33.5,0.0,6.7,11000,2,2,Veteran GF
2020,0002,The Bash Bros,1QB,14136,"Samuel, Deebo",WR,SFO,3,0,31.8,0.0,10.6,5000,2,2,Rookie GF
2020,0002,The Bash Bros,1QB,12656,"Higgins, Rashard",WR,CLE,2,1,22.1,12.2,11.05,8000,1,1,WW
2020,0002,The Bash Bros,1QB,10266,"Heyward, Cameron",DE,PIT,3,1,18.0,9.0,6.0,3000,1,1,WW
2020,0002,The Bash Bros,1QB,12797,"Ioannidis, Matt",DT,WAS,3,0,18.0,0.0,6.0,4000,1,1,Veteran
2020,0002,The Bash Bros,1QB,13284,"Hendrickson, Trey",DE,NOS,2,0,15.5,0.0,7.75,1000,1,1,WW
2020,0002,The Bash Bros,1QB,14227,"Wishnowsky, Mitch",PN,SFO,2,0,15.0,0.0,7.5,1000,1,1,WW
2020,0002,The Bash Bros,1QB,12225,"Williams, Leonard",DE,NYG,2,1,13.0,1.0,6.5,1000,1,1,WW
2020,0002,The Bash Bros,1QB,12716,"Mills, Jalen",S,PHI,1,0,11.1,0.0,11.1,1000,1,1,WW
2020,0002,The Bash Bros,1QB,7813,"Smith, Alex",QB,WAS,1,0,9.8,0.0,9.8,1000,1,1,WW
2020,0002,The Bash Bros,1QB,13607,"Michel, Sony",RB,NEP,1,0,9.7,0.0,9.7,13000,1,1,Rookie GF
2020,0002,The Bash Bros,1QB,11283,"Richardson, Sheldon",DT,CLE,2,0,9.0,0.0,4.5,1000,1,1,WW
2020,0002,The Bash Bros,1QB,9853,"Hughes, Jerry",DE,BUF,1,0,8.5,0.0,8.5,1000,1,1,WW
2020,0002,The Bash Bros,1QB,11516,"Doyle, Jack",TE,IND,1,0,8.3,0.0,8.3,7000,2,2,Veteran
2020,0002,The Bash Bros,1QB,12745,"Jones, Deion",LB,ATL,1,1,8.0,8.0,8.0,3000,1,1,WW
2020,0002,The Bash Bros,1QB,12234,"Dupree, Bud",LB,PIT,1,0,7.5,0.0,7.5,1000,1,1,WW
2020,0002,The Bash Bros,1QB,9694,"Gano, Graham",PK,NYG,1,0,7.3,0.0,7.3,1000,1,1,WW
2020,0002,The Bash Bros,1QB,9826,"Graham, Brandon",DE,PHI,2,0,7.0,0.0,3.5,2000,1,1,WW
2020,0002,The Bash Bros,1QB,11660,"Freeman, Devonta",RB,FA,1,0,6.5,0.0,6.5,1000,1,1,Veteran
2020,0002,The Bash Bros,1QB,13208,"Allen, Jonathan",DT,WAS,1,0,6.0,0.0,6.0,1000,1,1,WW
2020,0002,The Bash Bros,1QB,15032,"Fox, Jack",PN,DET,1,0,4.0,0.0,4.0,3000,1,1,WW
2020,0002,The Bash Bros,1QB,13129,"Fournette, Leonard",RB,TBB,1,0,3.8,0.0,3.8,31000,2,2,Veteran
2020,0002,The Bash Bros,1QB,13849,"Nall, Ryan",RB,CHI,1,0,2.8,0.0,2.8,1000,1,1,WW
2020,0002,The Bash Bros,1QB,8658,"Peterson, Adrian",RB,DET,1,0,1.8,0.0,1.8,1000,1,1,WW
2020,0002,The Bash Bros,1QB,10554,"Addison, Mario",DE,BUF,1,0,1.5,0.0,1.5,1000,1,1,WW
2020,0002,The Bash Bros,1QB,9825,"Dunlap, Carlos",DE,SEA,1,0,1.5,0.0,1.5,1000,1,1,WW
2020,0002,The Bash Bros,1QB,11679,"Beckham, Odell",WR,CLE,1,0,0.0,0.0,0.0,48000,2,2,Veteran
2021,0011,Cleon Ca$h,1QB,13164,"Kupp, Cooper",WR,LAR,15,2,416.9,46.6,27.79,22000,3,3,Veteran
2021,0011,Cleon Ca$h,1QB,7836,"Rodgers, Aaron",QB,GBP,14,2,387.9,55.7,27.71,60000,2,2,FL
2021,0011,Cleon Ca$h,1QB,15254,"Harris, Najee",RB,PIT,14,2,291.9,48.4,20.85,13000,3,3,Rookie
2021,0011,Cleon Ca$h,1QB,15284,"Waddle, Jaylen",WR,MIA,11,2,191.8,35.1,17.44,10000,3,3,Rookie
2021,0011,Cleon Ca$h,1QB,14852,"Gibson, Antonio",RB,WAS,12,0,165.3,0.0,13.78,5000,2,2,Rookie
2021,0011,Cleon Ca$h,1QB,10976,"Tucker, Justin",PK,BAL,15,2,157.3,18.8,10.49,1000,2,2,FL
2021,0011,Cleon Ca$h,1QB,13672,"Gesicki, Mike",TE,MIA,11,0,129.7,0.0,11.79,1000,3,3,Veteran
2021,0011,Cleon Ca$h,1QB,14167,"Allen, Josh",DE,JAC,13,0,118.0,0.0,9.08,2000,1,1,Rookie GF
2021,0011,Cleon Ca$h,1QB,14921,"Dugger, Kyle",S,NEP,12,2,113.6,16.1,9.47,2000,2,2,Rookie
2021,0011,Cleon Ca$h,1QB,11680,"Landry, Jarvis",WR,CLE,9,1,102.8,9.3,11.42,11000,1,1,FL
2021,0011,Cleon Ca$h,1QB,15366,"Holland, Jevon",S,MIA,12,2,100.3,21.4,8.36,2000,3,3,Rookie
2021,0011,Cleon Ca$h,1QB,12745,"Jones, Deion",LB,ATL,11,0,99.5,0.0,9.05,4000,1,1,Veteran
2021,0011,Cleon Ca$h,1QB,14803,"Edwards-Helaire, Clyde",RB,KCC,6,1,90.8,10.3,15.13,15000,2,2,Rookie
2021,0011,Cleon Ca$h,1QB,13706,"Baker, Jerome",LB,MIA,12,2,86.0,24.5,7.17,4000,2,2,Veteran
2021,0011,Cleon Ca$h,1QB,11679,"Beckham, Odell",WR,LAR,6,2,71.6,30.6,11.93,58000,1,1,Veteran
2021,0011,Cleon Ca$h,1QB,14896,"Queen, Patrick",LB,BAL,12,2,65.5,10.5,5.46,2000,2,2,Rookie
2021,0011,Cleon Ca$h,1QB,13772,"Schultz, Dalton",TE,DAL,5,2,62.1,35.2,12.42,1000,2,2,Veteran
2021,0011,Cleon Ca$h,1QB,12930,"Anderson, Robby",WR,CAR,8,1,59.4,11.4,7.42,27000,1,1,Veteran
2021,0011,Cleon Ca$h,1QB,14163,"Simmons, Jeffery",DT,TEN,8,2,57.5,4.5,7.19,3000,1,1,Veteran
2021,0011,Cleon Ca$h,1QB,14412,"Singleton, Alex",LB,PHI,8,2,57.0,29.0,7.13,4000,1,1,WW
2021,0011,Cleon Ca$h,1QB,12691,"Ogbah, Emmanuel",DE,MIA,7,2,56.5,19.0,8.07,1000,1,1,Veteran
2021,0011,Cleon Ca$h,1QB,15500,"Siposs, Arryn",PN,PHI,9,0,37.0,0.0,4.11,1000,1,1,Veteran
2021,0011,Cleon Ca$h,1QB,13793,"Valdes-Scantling, Marquez",WR,GBP,3,0,36.4,0.0,12.13,4000,1,1,ER
2021,0011,Cleon Ca$h,1QB,13156,"Smith-Schuster, JuJu",WR,PIT,4,0,35.6,0.0,8.9,1000,1,1,FL
2021,0011,Cleon Ca$h,1QB,14225,"Crosby, Maxx",DE,LVR,5,0,31.5,0.0,6.3,1000,2,2,Veteran
2021,0011,Cleon Ca$h,1QB,14113,"Hardman, Mecole",WR,KCC,3,0,29.5,0.0,9.83,7000,1,1,Rookie GF
2021,0011,Cleon Ca$h,1QB,14834,"Ruggs, Henry",WR,FA,2,0,26.6,0.0,13.3,1000,2,2,Veteran
2021,0011,Cleon Ca$h,1QB,13623,"Williams, Darrel",RB,KCC,1,1,26.5,26.5,26.5,1000,1,1,WW
2021,0011,Cleon Ca$h,1QB,13590,"Mayfield, Baker",QB,CLE,1,0,22.1,0.0,22.1,14000,2,2,Veteran
2021,0011,Cleon Ca$h,1QB,14256,"Bailey, Jake",PN,NEP,3,0,22.0,0.0,7.33,1000,1,1,Veteran
2021,0011,Cleon Ca$h,1QB,11760,"Garoppolo, Jimmy",QB,SFO,1,0,21.9,0.0,21.9,1000,2,2,FL
2021,0011,Cleon Ca$h,1QB,14207,"Thornhill, Juan",S,KCC,4,0,18.4,0.0,4.6,1000,1,1,Veteran
2021,0011,Cleon Ca$h,1QB,8444,"Koch, Sam",PN,BAL,3,2,18.0,13.0,6.0,2000,1,1,WW
2021,0011,Cleon Ca$h,1QB,12720,"Kearse, Jayron",S,DAL,2,0,16.1,0.0,8.05,1000,1,1,WW
2021,0011,Cleon Ca$h,1QB,13304,"Brown, Jayon",LB,TEN,2,0,16.0,0.0,8.0,4000,1,1,Veteran
2021,0011,Cleon Ca$h,1QB,14911,"Davis, Ashtyn",S,NYJ,2,0,9.3,0.0,4.65,3000,1,1,WW
2021,0011,Cleon Ca$h,1QB,12308,"Amos, Adrian",S,GBP,1,0,6.2,0.0,6.2,3000,1,1,WW
2021,0011,Cleon Ca$h,1QB,15368,"McPherson, Evan",PK,CIN,1,0,6.1,0.0,6.1,2000,1,1,Rookie
2021,0011,Cleon Ca$h,1QB,11367,"Juszczyk, Kyle",RB,SFO,2,0,4.6,0.0,2.3,1000,1,1,Veteran
2021,0011,Cleon Ca$h,1QB,14985,"Mann, Braden",PN,NYJ,1,0,3.0,0.0,3.0,1000,1,1,Veteran
2021,0011,Cleon Ca$h,1QB,9846,"McCourty, Devin",S,NEP,1,0,2.6,0.0,2.6,1000,1,1,Veteran
2022,0009,C-Town Chivalry,SF,13116,"Mahomes, Patrick",QB,KCC,16,3,538.4,105.5,33.65,2000,2,2,FL
2022,0009,C-Town Chivalry,SF,13404,"Ekeler, Austin",RB,LAC,16,3,364.7,75.4,22.79,57000,1,1,Veteran
2022,0009,C-Town Chivalry,SF,13610,"Chubb, Nick",RB,CLE,16,3,275.8,37.5,17.24,25000,3,3,BL
2022,0009,C-Town Chivalry,SF,5848,"Brady, Tom",QB,TBB,11,3,248.6,93.5,22.6,66000,1,1,Veteran
2022,0009,C-Town Chivalry,SF,11244,"Kelce, Travis",TE,KCC,11,3,215.7,56.1,19.61,26000,3,3,BL
2022,0009,C-Town Chivalry,SF,13635,"Moore, D.J.",WR,CAR,15,2,196.0,47.8,13.07,26000,3,3,BL
2022,0009,C-Town Chivalry,SF,13129,"Fournette, Leonard",RB,TBB,13,2,186.6,20.1,14.35,39000,1,1,Veteran
2022,0009,C-Town Chivalry,SF,14208,"Johnson, Diontae",WR,PIT,13,3,145.6,39.1,11.2,25000,2,2,Veteran
2022,0009,C-Town Chivalry,SF,13674,"Goedert, Dallas",TE,PHI,10,1,132.9,10.3,13.29,1000,1,1,FL
2022,0009,C-Town Chivalry,SF,11985,"Way, Tress",PN,WAS,13,0,132.0,0.0,10.15,4000,1,1,WW
2022,0009,C-Town Chivalry,SF,11222,"Allen, Keenan",WR,LAC,6,3,116.1,55.2,19.35,60000,1,1,Veteran
2022,0009,C-Town Chivalry,SF,10816,"Davis, Demario",LB,NOS,15,3,114.5,15.5,7.63,1000,1,1,WW
2022,0009,C-Town Chivalry,SF,11313,"Mathieu, Tyrann",S,NOS,13,0,97.2,0.0,7.48,1000,1,1,WW
2022,0009,C-Town Chivalry,SF,13718,"Carlson, Daniel",PK,LVR,11,3,94.6,24.6,8.6,1000,1,1,WW
2022,0009,C-Town Chivalry,SF,14157,"Williams, Quinnen",DT,NYJ,9,1,94.5,4.0,10.5,2000,1,1,WW
2022,0009,C-Town Chivalry,SF,13325,"Woods, Xavier",S,CAR,11,0,79.8,0.0,7.25,1000,1,1,WW
2022,0009,C-Town Chivalry,SF,12702,"Jack, Myles",LB,PIT,11,0,68.5,0.0,6.23,1000,1,1,WW
2022,0009,C-Town Chivalry,SF,14928,"Wilson, Logan",LB,CIN,8,0,51.5,0.0,6.44,2000,1,1,WW
2022,0009,C-Town Chivalry,SF,14164,"Jones, Dre'Mont",DE,DEN,7,0,50.5,0.0,7.21,1000,1,1,WW
2022,0009,C-Town Chivalry,SF,13590,"Mayfield, Baker",QB,LAR,3,0,47.8,0.0,15.93,40000,1,1,WW
2022,0009,C-Town Chivalry,SF,15762,"Pickens, George",WR,PIT,5,0,46.9,0.0,9.38,9000,3,3,Rookie
2022,0009,C-Town Chivalry,SF,10768,"David, Lavonte",LB,TBB,4,3,40.0,31.0,10.0,1000,1,1,WW
2022,0009,C-Town Chivalry,SF,14489,"Gillan, Jamie",PN,NYG,4,3,36.0,23.0,9.0,1000,1,1,WW
2022,0009,C-Town Chivalry,SF,13403,"Koo, Younghoe",PK,ATL,5,0,33.6,0.0,6.72,1000,1,1,WW
2022,0009,C-Town Chivalry,SF,12225,"Williams, Leonard",DE,NYG,4,0,32.5,0.0,8.13,1000,1,1,WW
2022,0009,C-Town Chivalry,SF,13133,"Perine, Samaje",RB,CIN,2,0,32.3,0.0,16.15,1000,1,1,WW
2022,0009,C-Town Chivalry,SF,15871,"Joseph, Kerby",S,DET,4,3,31.1,21.9,7.78,1000,1,1,WW
2022,0009,C-Town Chivalry,SF,14122,"Slayton, Darius",WR,NYG,3,0,30.5,0.0,10.17,1000,1,1,WW
2022,0009,C-Town Chivalry,SF,14954,"Hawkins, Jaylinn",S,ATL,5,0,30.2,0.0,6.04,1000,1,1,WW
2022,0009,C-Town Chivalry,SF,11678,"Robinson, Allen",WR,LAR,5,0,29.7,0.0,5.94,3000,2,2,Veteran
2022,0009,C-Town Chivalry,SF,15290,"Collins, Nico",WR,HOU,3,0,29.6,0.0,9.87,2000,2,2,Rookie
2022,0009,C-Town Chivalry,SF,13746,"Green, Rasheem",DE,HOU,3,0,24.0,0.0,8.0,1000,1,1,WW
2022,0009,C-Town Chivalry,SF,10272,"Watt, J.J.",DE,ARI,3,2,22.5,19.0,7.5,1000,1,1,WW
2022,0009,C-Town Chivalry,SF,14217,"Barton, Cody",LB,SEA,3,3,20.5,20.5,6.83,1000,1,1,WW
2022,0009,C-Town Chivalry,SF,13760,"Whitehead, Jordan",S,NYJ,4,3,19.6,13.9,4.9,1000,1,1,WW
2022,0009,C-Town Chivalry,SF,10753,"Jones, Chandler",DE,LVR,2,2,19.5,19.5,9.75,1000,1,1,WW
2022,0009,C-Town Chivalry,SF,11706,"Clowney, Jadeveon",DE,CLE,2,0,18.5,0.0,9.25,1000,1,1,WW
2022,0009,C-Town Chivalry,SF,15797,"Dulcich, Greg",TE,DEN,1,0,13.3,0.0,13.3,2000,3,3,Rookie
2022,0009,C-Town Chivalry,SF,15849,"McCreary, Roger",CB,TEN,2,0,12.2,0.0,6.1,1000,1,1,WW
2022,0009,C-Town Chivalry,SF,14903,"Diggs, Trevon",CB,DAL,2,0,11.8,0.0,5.9,1000,1,1,WW
2022,0009,C-Town Chivalry,SF,10738,"Jones, Marvin",WR,JAC,2,0,10.4,0.0,5.2,1000,1,1,WW
2022,0009,C-Town Chivalry,SF,12691,"Ogbah, Emmanuel",DE,MIA,2,0,7.5,0.0,3.75,1000,1,1,WW
2022,0009,C-Town Chivalry,SF,13762,"White, Kyzir",LB,PHI,1,0,5.0,0.0,5.0,1000,1,1,WW
2022,0009,C-Town Chivalry,SF,14186,"Rapp, Taylor",S,LAR,1,0,3.7,0.0,3.7,1000,1,1,WW
2022,0009,C-Town Chivalry,SF,13668,"Chark, D.J.",WR,DET,1,1,3.0,3.0,3.0,1000,3,3,Veteran
2022,0009,C-Town Chivalry,SF,13228,"Hooker, Malik",S,DAL,1,0,2.6,0.0,2.6,1000,1,1,WW
2022,0009,C-Town Chivalry,SF,14148,"Sweat, Montez",DE,WAS,1,1,2.5,2.5,2.5,1000,1,1,WW
2022,0009,C-Town Chivalry,SF,9825,"Dunlap, Carlos",DE,KCC,1,0,2.0,0.0,2.0,1000,1,1,WW
2022,0009,C-Town Chivalry,SF,8851,"Folk, Nick",PK,NEP,1,0,1.0,0.0,1.0,1000,1,1,WW
2022,0009,C-Town Chivalry,SF,13115,"Trubisky, Mitchell",QB,PIT,1,0,-0.1,0.0,-0.1,1000,1,1,WW
2023,0010,Blake Bombers,SF,15708,"Hall, Breece",RB,NYJ,15,2,261.7,69.7,17.45,15000,2,2,Rookie
2023,0010,Blake Bombers,SF,11222,"Allen, Keenan",WR,LAC,11,0,257.8,0.0,23.44,28000,2,2,Veteran
2023,0010,Blake Bombers,SF,13635,"Moore, D.J.",WR,CHI,13,2,254.7,40.3,19.59,61000,2,2,FL
2023,0010,Blake Bombers,SF,15754,"Olave, Chris",WR,NOS,15,2,238.5,32.7,15.9,11000,2,2,Rookie
2023,0010,Blake Bombers,SF,16211,"Nacua, Puka",WR,LAR,12,2,233.5,59.5,19.46,2000,3,3,Rookie
2023,0010,Blake Bombers,SF,12447,"Mostert, Raheem",RB,MIA,12,1,218.3,12.6,18.19,10000,1,1,Veteran
2023,0010,Blake Bombers,SF,13590,"Mayfield, Baker",QB,TBB,11,2,218.1,47.2,19.83,5000,2,2,Veteran
2023,0010,Blake Bombers,SF,14136,"Samuel, Deebo",WR,SFO,11,2,211.2,30.3,19.2,25000,2,2,Veteran
2023,0010,Blake Bombers,SF,14779,"Herbert, Justin",QB,LAC,9,0,172.6,0.0,19.18,22000,2,2,Veteran
2023,0010,Blake Bombers,SF,13189,"Engram, Evan",TE,JAC,11,2,144.2,33.3,13.11,17000,1,1,Tag
2023,0010,Blake Bombers,SF,15887,"Camarda, Jake",PN,TBB,15,2,132.0,12.0,8.8,1000,1,1,WW
2023,0010,Blake Bombers,SF,15869,"Bernard, Terrel",LB,BUF,12,2,127.0,30.0,10.58,3000,2,2,Veteran
2023,0010,Blake Bombers,SF,15404,"Jones, Ernest",LB,LAR,9,2,94.0,25.5,10.44,2000,1,1,Rookie
2023,0010,Blake Bombers,SF,14405,"Granderson, Carl",DE,NOS,10,2,89.0,12.5,8.9,1000,2,2,Veteran
2023,0010,Blake Bombers,SF,11387,"Hopkins, Dustin",PK,CLE,9,1,85.2,2.0,9.47,1000,1,1,WW
2023,0010,Blake Bombers,SF,13251,"Baker, Budda",S,ARI,9,2,78.6,18.7,8.73,2000,2,2,Veteran
2023,0010,Blake Bombers,SF,14162,"Wilkins, Christian",DT,MIA,11,1,74.0,4.5,6.73,1000,3,3,Veteran
2023,0010,Blake Bombers,SF,13743,"Warner, Fred",LB,SFO,9,2,72.5,15.5,8.06,5000,1,1,WW
2023,0010,Blake Bombers,SF,13762,"White, Kyzir",LB,ARI,8,0,60.0,0.0,7.5,1000,1,1,WW
2023,0010,Blake Bombers,SF,13113,"Watson, Deshaun",QB,CLE,3,0,55.4,0.0,18.47,16000,2,2,FL
2023,0010,Blake Bombers,SF,15381,"Grant, Richie",S,ATL,6,0,52.8,0.0,8.8,1000,1,1,WW
2023,0010,Blake Bombers,SF,12741,"Jones, Chris",DT,KCC,7,0,51.5,0.0,7.36,2000,3,3,Veteran
2023,0010,Blake Bombers,SF,14059,"Jones, Daniel",QB,NYG,5,0,49.3,0.0,9.86,31000,3,3,FL
2023,0010,Blake Bombers,SF,14982,"Gilman, Alohi",S,LAC,5,0,44.3,0.0,8.86,1000,1,1,WW
2023,0010,Blake Bombers,SF,15799,"Ferguson, Jake",TE,DAL,4,0,43.1,0.0,10.78,1000,2,2,Veteran
2023,0010,Blake Bombers,SF,13146,"Conner, James",RB,ARI,3,1,42.2,29.1,14.07,40000,1,1,BL
2023,0010,Blake Bombers,SF,16414,"Aubrey, Brandon",PK,DAL,4,0,37.2,0.0,9.3,1000,1,1,Rookie
2023,0010,Blake Bombers,SF,15094,"Locke, P.J.",S,DEN,3,2,32.1,18.5,10.7,1000,1,1,WW
2023,0010,Blake Bombers,SF,13119,"Dobbs, Joshua",QB,MIN,1,0,30.2,0.0,30.2,10000,1,1,WW
2023,0010,Blake Bombers,SF,14069,"Stick, Easton",QB,LAC,2,2,29.3,29.3,14.65,4000,1,1,WW
2023,0010,Blake Bombers,SF,13610,"Chubb, Nick",RB,CLE,2,0,25.1,0.0,12.55,48000,2,2,Veteran
2023,0010,Blake Bombers,SF,15452,"Hufanga, Talanoa",S,SFO,2,0,18.5,0.0,9.25,3000,1,1,Tag
2023,0010,Blake Bombers,SF,14900,"Madubuike, Justin",DT,BAL,2,0,18.0,0.0,9.0,4000,1,1,WW
2023,0010,Blake Bombers,SF,13702,"Jewell, Josey",LB,DEN,3,0,16.0,0.0,5.33,1000,1,1,WW
2023,0010,Blake Bombers,SF,15549,"Jacobs, Jerry",CB,DET,2,0,14.8,0.0,7.4,1000,1,1,WW
2023,0010,Blake Bombers,SF,11945,"Santos, Cairo",PK,CHI,1,1,14.6,14.6,14.6,4000,1,1,WW
2023,0010,Blake Bombers,SF,15712,"Allgeier, Tyler",RB,ATL,1,0,14.6,0.0,14.6,5000,2,2,Rookie
2023,0010,Blake Bombers,SF,13339,"Ford, Rudy",S,GBP,3,0,14.4,0.0,4.8,1000,1,1,WW
2023,0010,Blake Bombers,SF,14842,"Pittman, Michael",WR,IND,1,0,14.4,0.0,14.4,15000,2,2,Veteran
2023,0010,Blake Bombers,SF,10292,"Jordan, Cameron",DE,NOS,2,0,13.0,0.0,6.5,1000,1,1,WW
2023,0010,Blake Bombers,SF,14251,"Cashman, Blake",LB,HOU,3,0,13.0,0.0,4.33,1000,1,1,WW
2023,0010,Blake Bombers,SF,14227,"Wishnowsky, Mitch",PN,SFO,1,0,9.0,0.0,9.0,1000,1,1,WW
2023,0010,Blake Bombers,SF,13898,"Joseph, Greg",PK,MIN,2,0,8.5,0.0,4.25,1000,1,1,WW
2023,0010,Blake Bombers,SF,14235,"Tranquill, Drue",LB,KCC,1,0,6.0,0.0,6.0,1000,1,1,WW
2023,0010,Blake Bombers,SF,15821,"Dean, Nakobe",LB,PHI,1,0,5.5,0.0,5.5,1000,1,1,WW
2023,0010,Blake Bombers,SF,11317,"Poyer, Jordan",S,BUF,1,0,2.6,0.0,2.6,1000,1,1,WW
2023,0010,Blake Bombers,SF,15395,"Koonce, Malcolm",DE,LVR,1,1,2.5,2.5,2.5,3000,1,1,WW
2023,0010,Blake Bombers,SF,14210,"Pratt, Germaine",LB,CIN,1,0,1.5,0.0,1.5,1000,1,1,WW
2023,0010,Blake Bombers,SF,15798,"Likely, Isaiah",TE,BAL,1,0,1.4,0.0,1.4,2000,2,2,Rookie
2023,0010,Blake Bombers,SF,16251,"Gonzalez, Christian",CB,NEP,1,0,1.3,0.0,1.3,1000,3,3,Rookie
2023,0010,Blake Bombers,SF,15751,"London, Drake",WR,ATL,1,0,0.0,0.0,0.0,13000,2,2,Rookie
2024,0005,HammerTime 🔨 ⏰,SF,14783,"Hurts, Jalen",QB,PHI,15,2,367.1,39.0,24.47,22000,3,3,Veteran
2024,0005,HammerTime 🔨 ⏰,SF,14836,"Jefferson, Justin",WR,MIN,16,3,334.5,79.1,20.91,48000,3,3,Veteran
2024,0005,HammerTime 🔨 ⏰,SF,15794,"McBride, Trey",TE,ARI,15,3,241.9,57.2,16.13,2000,1,1,Rookie
2024,0005,HammerTime 🔨 ⏰,SF,15281,"Chase, Ja'Marr",WR,CIN,8,3,241.3,65.6,30.16,14000,2,2,BL
2024,0005,HammerTime 🔨 ⏰,SF,14104,"Brown, A.J.",WR,PHI,13,3,239.1,66.3,18.39,19000,2,2,BL
2024,0005,HammerTime 🔨 ⏰,SF,14073,"Jacobs, Josh",RB,GBP,11,3,231.6,56.0,21.05,45000,1,1,FL
2024,0005,HammerTime 🔨 ⏰,SF,14779,"Herbert, Justin",QB,LAC,9,3,199.1,78.8,22.12,22000,1,1,Veteran
2024,0005,HammerTime 🔨 ⏰,SF,11936,"Boswell, Chris",PK,PIT,15,3,163.8,21.3,10.92,1000,1,1,WW
2024,0005,HammerTime 🔨 ⏰,SF,13714,"James, Derwin",S,LAC,15,3,151.0,31.4,10.07,14000,1,1,BL
2024,0005,HammerTime 🔨 ⏰,SF,16150,"Stroud, C.J.",QB,HOU,8,0,147.8,0.0,18.48,12000,2,2,Rookie
2024,0005,HammerTime 🔨 ⏰,SF,12221,"Hunter, Danielle",DE,HOU,16,3,133.5,18.5,8.34,2000,2,2,BL
2024,0005,HammerTime 🔨 ⏰,SF,16627,"McConkey, Ladd",WR,LAC,7,3,130.0,64.1,18.57,5000,3,3,Rookie
2024,0005,HammerTime 🔨 ⏰,SF,15259,"Stevenson, Rhamondre",RB,NEP,10,0,119.9,0.0,11.99,8000,2,2,Veteran
2024,0005,HammerTime 🔨 ⏰,SF,16190,"Flowers, Zay",WR,BAL,7,0,105.5,0.0,15.07,5000,2,2,Rookie
2024,0005,HammerTime 🔨 ⏰,SF,14218,"Okereke, Bobby",LB,NYG,12,0,101.5,0.0,8.46,1000,1,1,WW
2024,0005,HammerTime 🔨 ⏰,SF,13146,"Conner, James",RB,ARI,5,3,98.3,62.6,19.66,20000,2,2,Veteran
2024,0005,HammerTime 🔨 ⏰,SF,15846,"Walker, Quay",LB,GBP,12,1,94.5,3.0,7.88,1000,1,1,WW
2024,0005,HammerTime 🔨 ⏰,SF,15404,"Jones, Ernest",LB,SEA,12,3,94.0,17.5,7.83,3000,1,1,Veteran
2024,0005,HammerTime 🔨 ⏰,SF,14907,"Delpit, Grant",S,CLE,10,3,87.1,31.9,8.71,1000,1,1,WW
2024,0005,HammerTime 🔨 ⏰,SF,14630,"Cole, A.J.",PN,LVR,7,0,58.0,0.0,8.29,1000,1,1,WW
2024,0005,HammerTime 🔨 ⏰,SF,13713,"Fitzpatrick, Minkah",S,PIT,8,0,57.8,0.0,7.22,4000,2,2,Veteran
2024,0005,HammerTime 🔨 ⏰,SF,12447,"Mostert, Raheem",RB,MIA,6,0,50.7,0.0,8.45,10000,2,2,BL
2024,0005,HammerTime 🔨 ⏰,SF,16886,"Hayball, Matthew",PN,NOS,5,3,50.0,34.0,10.0,1000,1,1,Rookie
2024,0005,HammerTime 🔨 ⏰,SF,11244,"Kelce, Travis",TE,KCC,5,0,48.9,0.0,9.78,76000,1,1,BL
2024,0005,HammerTime 🔨 ⏰,SF,14159,"Lawrence, Dexter",DT,NYG,7,0,47.0,0.0,6.71,1000,1,1,WW
2024,0005,HammerTime 🔨 ⏰,SF,14798,"Moss, Zack",RB,CIN,4,0,47.0,0.0,11.75,1000,3,3,Veteran
2024,0005,HammerTime 🔨 ⏰,SF,15761,"Shakir, Khalil",WR,BUF,3,0,42.8,0.0,14.27,2000,1,1,Rookie
2024,0005,HammerTime 🔨 ⏰,SF,14171,"Burns, Brian",DE,NYG,5,3,42.5,23.5,8.5,5000,2,2,Veteran
2024,0005,HammerTime 🔨 ⏰,SF,15331,"Freiermuth, Pat",TE,PIT,4,0,33.7,0.0,8.43,12000,1,1,Veteran
2024,0005,HammerTime 🔨 ⏰,SF,15834,"Hamilton, Kyle",S,BAL,4,3,32.0,27.3,8.0,2000,1,1,Rookie
2024,0005,HammerTime 🔨 ⏰,SF,14251,"Cashman, Blake",LB,MIN,2,2,28.0,28.0,14.0,4000,1,1,WW
2024,0005,HammerTime 🔨 ⏰,SF,15241,"Jones, Mac",QB,JAC,1,1,23.7,23.7,23.7,4000,1,1,WW
2024,0005,HammerTime 🔨 ⏰,SF,12842,"Dixon, Riley",PN,DEN,4,0,21.5,0.0,5.38,1000,1,1,WW
2024,0005,HammerTime 🔨 ⏰,SF,15254,"Harris, Najee",RB,PIT,2,0,19.3,0.0,9.65,23000,1,1,Veteran
2024,0005,HammerTime 🔨 ⏰,SF,16239,"Campbell, Jack",LB,DET,2,0,16.5,0.0,8.25,3000,3,3,Veteran
2024,0005,HammerTime 🔨 ⏰,SF,15256,"Williams, Javonte",RB,DEN,3,0,16.3,0.0,5.43,27000,2,2,Veteran
2024,0005,HammerTime 🔨 ⏰,SF,16266,"Tuipulotu, Tuli",DE,LAC,1,0,13.5,0.0,13.5,4000,3,3,Veteran
2024,0005,HammerTime 🔨 ⏰,SF,12697,"Robinson, A'Shawn",DT,CAR,1,0,11.5,0.0,11.5,1000,1,1,WW
2024,0005,HammerTime 🔨 ⏰,SF,13844,"Cooke, Logan",PN,JAC,1,0,11.0,0.0,11.0,2000,1,1,WW
2024,0005,HammerTime 🔨 ⏰,SF,14163,"Simmons, Jeffery",DT,TEN,1,0,8.5,0.0,8.5,2000,1,1,WW
2024,0005,HammerTime 🔨 ⏰,SF,15368,"McPherson, Evan",PK,CIN,1,0,6.1,0.0,6.1,1000,1,1,WW
2024,0005,HammerTime 🔨 ⏰,SF,12625,"Elliott, Ezekiel",RB,LAC,1,0,5.7,0.0,5.7,1000,1,1,WW
2024,0005,HammerTime 🔨 ⏰,SF,13325,"Woods, Xavier",S,CAR,1,0,5.5,0.0,5.5,1000,1,1,WW
2024,0005,HammerTime 🔨 ⏰,SF,14896,"Queen, Patrick",LB,PIT,1,0,5.5,0.0,5.5,4000,1,1,WW
2024,0005,HammerTime 🔨 ⏰,SF,15378,"Oweh, Odafe",DE,BAL,2,0,5.5,0.0,2.75,1000,1,1,WW
2024,0005,HammerTime 🔨 ⏰,SF,12956,"Lutz, Wil",PK,DEN,1,0,4.7,0.0,4.7,1000,1,1,WW
2024,0005,HammerTime 🔨 ⏰,SF,15469,"Hamlin, Damar",S,BUF,1,0,4.2,0.0,4.2,1000,1,1,WW
2024,0005,HammerTime 🔨 ⏰,SF,11723,"Van Noy, Kyle",LB,BAL,1,0,3.5,0.0,3.5,1000,1,1,WW
2024,0005,HammerTime 🔨 ⏰,SF,15809,"Johnson, Jermaine",DE,NYJ,1,0,3.0,0.0,3.0,1000,1,1,WW
2024,0005,HammerTime 🔨 ⏰,SF,15001,"Curl, Kamren",S,LAR,1,0,2.1,0.0,2.1,1000,1,1,WW
2024,0005,HammerTime 🔨 ⏰,SF,14149,"Gary, Rashan",DE,GBP,1,0,2.0,0.0,2.0,1000,1,1,WW
2024,0005,HammerTime 🔨 ⏰,SF,14940,"Highsmith, Alex",DE,PIT,1,0,0.5,0.0,0.5,4000,1,1,WW
2024,0005,HammerTime 🔨 ⏰,SF,15349,"Phillips, Jaelan",DE,MIA,1,0,0.0,0.0,0.0,1000,1,1,WW
2025,0011,Cleon Ca$h,SF_TEP,14779,"Herbert, Justin",QB,LAC,16,3,354.0,68.1,22.13,61000,3,3,FL
2025,0011,Cleon Ca$h,SF_TEP,16161,"Robinson, Bijan",RB,ATL,15,2,351.6,73.1,23.44,15000,1,1,Rookie
2025,0011,Cleon Ca$h,SF_TEP,17032,"Dart, Jaxson",QB,NYG,11,3,258.0,52.7,23.45,9000,3,3,Rookie
2025,0011,Cleon Ca$h,SF_TEP,14832,"Lamb, CeeDee",WR,DAL,11,3,175.2,41.6,15.93,64000,2,2,Veteran
2025,0011,Cleon Ca$h,SF_TEP,15757,"Robinson, Wan'Dale",WR,NYG,10,3,152.8,47.5,15.28,12000,2,2,Veteran
2025,0011,Cleon Ca$h,SF_TEP,12676,"Henry, Hunter",TE,NEP,12,3,148.8,38.6,12.4,2000,1,1,Veteran
2025,0011,Cleon Ca$h,SF_TEP,16222,"Kraft, Tucker",TE,GBP,7,0,130.5,0.0,18.64,2000,1,1,Rookie
2025,0011,Cleon Ca$h,SF_TEP,14225,"Crosby, Maxx",DE,LVR,11,0,127.0,0.0,11.55,10000,1,1,Veteran
2025,0011,Cleon Ca$h,SF_TEP,13696,"Smith, Roquan",LB,BAL,14,3,123.5,22.0,8.82,3000,2,2,FL
2025,0011,Cleon Ca$h,SF_TEP,15761,"Shakir, Khalil",WR,BUF,11,3,121.9,32.5,11.08,14000,3,3,BL
2025,0011,Cleon Ca$h,SF_TEP,15404,"Jones, Ernest",LB,SEA,14,3,119.5,19.5,8.54,4000,1,1,Veteran
2025,0011,Cleon Ca$h,SF_TEP,13713,"Fitzpatrick, Minkah",S,MIA,13,1,118.4,8.8,9.11,1000,1,1,WW
2025,0011,Cleon Ca$h,SF_TEP,15259,"Stevenson, Rhamondre",RB,NEP,11,2,111.2,38.5,10.11,32000,1,1,BL
2025,0011,Cleon Ca$h,SF_TEP,14833,"Jeudy, Jerry",WR,CLE,11,1,99.0,4.2,9.0,1000,2,2,FL
2025,0011,Cleon Ca$h,SF_TEP,15051,"Townsend, Tommy",PN,HOU,9,3,90.0,30.0,10.0,1000,1,1,WW
2025,0011,Cleon Ca$h,SF_TEP,15284,"Waddle, Jaylen",WR,MIA,5,0,76.9,0.0,15.38,30000,1,1,Veteran
2025,0011,Cleon Ca$h,SF_TEP,14163,"Simmons, Jeffery",DT,TEN,5,3,74.3,47.8,14.86,4000,1,1,Veteran
2025,0011,Cleon Ca$h,SF_TEP,13354,"Butker, Harrison",PK,KCC,9,0,73.5,0.0,8.17,1000,1,1,WW
2025,0011,Cleon Ca$h,SF_TEP,15355,"Bolton, Nick",LB,KCC,9,2,72.5,26.0,8.06,1000,1,1,Veteran
2025,0011,Cleon Ca$h,SF_TEP,17222,"Loop, Tyler",PK,BAL,8,3,70.9,22.9,8.86,1000,1,1,WW
2025,0011,Cleon Ca$h,SF_TEP,15712,"Allgeier, Tyler",RB,ATL,6,1,68.4,8.9,11.4,15000,1,1,Veteran
2025,0011,Cleon Ca$h,SF_TEP,17132,"Starks, Malaki",S,BAL,11,1,67.0,3.9,6.09,2000,3,3,Rookie
2025,0011,Cleon Ca$h,SF_TEP,16615,"Nabers, Malik",WR,NYG,4,0,64.3,0.0,16.07,13000,2,2,Rookie
2025,0011,Cleon Ca$h,SF_TEP,16252,"McDonald, Will",DE,NYJ,12,2,62.5,12.5,5.21,1000,1,1,Rookie
2025,0011,Cleon Ca$h,SF_TEP,17104,"Loveland, Colston",TE,CHI,4,1,60.7,25.4,15.17,5000,3,3,Rookie
2025,0011,Cleon Ca$h,SF_TEP,16584,"McCarthy, J.J.",QB,MIN,5,0,59.3,0.0,11.86,11000,2,2,Rookie
2025,0011,Cleon Ca$h,SF_TEP,16295,"Conner, Chamarri",S,KCC,6,3,55.1,33.6,9.18,1000,1,1,WW
2025,0011,Cleon Ca$h,SF_TEP,16193,"Boutte, Kayshon",WR,NEP,6,1,47.9,4.2,7.98,2000,1,1,Rookie
2025,0011,Cleon Ca$h,SF_TEP,16189,"Mims, Marvin",WR,DEN,4,0,43.4,0.0,10.85,5000,1,1,Rookie
2025,0011,Cleon Ca$h,SF_TEP,16676,"Kinchens, Kamren",S,LAR,6,1,32.8,5.0,5.47,1000,1,1,WW
2025,0011,Cleon Ca$h,SF_TEP,15822,"Lloyd, Devin",LB,JAC,5,1,28.5,3.5,5.7,1000,1,1,WW
2025,0011,Cleon Ca$h,SF_TEP,15815,"Walker, Travon",DE,JAC,5,1,24.5,13.5,4.9,1000,2,2,Veteran
2025,0011,Cleon Ca$h,SF_TEP,14221,"Williams, Quincy",LB,NYJ,3,0,22.5,0.0,7.5,4000,1,1,Veteran
2025,0011,Cleon Ca$h,SF_TEP,14518,"Thompson, Jalen",S,ARI,3,0,18.2,0.0,6.07,1000,1,1,WW
2025,0011,Cleon Ca$h,SF_TEP,15032,"Fox, Jack",PN,DET,2,0,17.0,0.0,8.5,1000,1,1,WW
2025,0011,Cleon Ca$h,SF_TEP,14797,"Swift, D'Andre",RB,CHI,1,0,16.2,0.0,16.2,23000,1,1,Veteran
2025,0011,Cleon Ca$h,SF_TEP,14630,"Cole, A.J.",PN,LVR,5,0,12.0,0.0,2.4,1000,1,1,WW
2025,0011,Cleon Ca$h,SF_TEP,15727,"Knight, Bam",RB,ARI,2,1,6.0,-0.2,3.0,1000,1,1,WW
2025,0011,Cleon Ca$h,SF_TEP,14852,"Gibson, Antonio",RB,NEP,1,0,4.8,0.0,4.8,1000,1,1,WW
2025,0011,Cleon Ca$h,SF_TEP,16383,"Pace, Ivan",LB,MIN,1,0,3.5,0.0,3.5,1000,1,1,WW
2025,0011,Cleon Ca$h,SF_TEP,15911,"Araiza, Matt",PN,KCC,1,0,3.0,0.0,3.0,1000,1,1,WW
2025,0011,Cleon Ca$h,SF_TEP,15391,"Williams, Milton",DT,NEP,1,0,2.5,0.0,2.5,1000,1,1,WW
