season,round,slot,player_id,gsis_id,player_name,position,tier_y1_3,production_hit,extension_worthy,extension_v1_flag_only,extension_seasons_observed,ppg_y1,ppg_y2,ppg_y3,avg_ppg_y1_3_ups,best2_of_3_ups,ppg_y4_ppr,ppg_y5_ppr,avg_ppg_y4_5_ppr,never_played_y4_5,threshold_ups,threshold_ppr,was_worthy_at_y3,was_worthy_best2,paid_off_y4_5,cliff_pct
2017,1,1,13130,00-0033280,"McCaffrey, Christian",RB,Smash,1,1,1,2019;2020;2021,14.79,25.42,30.25,23.49,27.84,30.13,18.21,24.17,0,15.0,16.1,1,1,1,2.9
2017,1,10,13155,00-0033460,"Ross, John",WR,Bust,0,0,0,,0,8.13,14.43,11.28,11.28,1.85,4.56,3.2,0,13.5,14.0,0,0,0,-71.6
2017,1,2,13153,00-0033871,"Davis, Corey",WR,Bust,0,0,0,,7.39,12.71,8.73,9.61,10.72,12.76,11.69,12.22,0,13.5,14.0,0,0,0,27.2
2017,1,3,13131,00-0033897,"Mixon, Joe",RB,Hit,1,1,1,2019;2020,10.01,17.7,12.91,13.54,15.3,16.6,17.65,17.13,0,15.0,16.1,0,1,1,26.5
2017,1,4,13154,00-0033536,"Williams, Mike",WR,Bust,0,1,1,2019;2020,4.22,12.44,12.06,9.57,12.25,10.98,15.41,13.2,0,13.5,14.0,0,0,0,37.8
2017,1,5,13129,00-0033856,"Fournette, Leonard",RB,Smash,1,1,1,2020,17.93,14.75,17.02,16.57,17.48,13.68,19.15,16.41,0,15.0,16.1,1,1,1,-0.9
2017,1,6,13128,00-0033893,"Cook, Dalvin",RB,Smash,1,1,1,2019;2020;2021,16.35,13.96,21.0,17.1,18.68,24.13,15.87,20.0,0,15.0,16.1,1,1,1,16.9
2017,1,7,13138,00-0033923,"Hunt, Kareem",RB,Smash,1,1,1,2020,19.24,21.22,13.0,17.82,20.23,13.78,13.75,13.76,0,15.0,16.1,1,1,0,-22.8
2017,1,8,13188,00-0033879,"Howard, O.J.",TE,Hit,1,0,0,,9.76,14.34,7.79,10.63,12.05,9.4,3.04,6.22,0,12.5,12.0,0,0,0,-41.5
2017,1,9,13189,00-0033881,"Engram, Evan",TE,Smash,1,1,1,2019;2020,13.07,10.88,14.87,12.94,13.97,8.81,6.83,7.82,0,12.5,12.0,1,1,0,-39.5
2017,1,11,13156,00-0033857,"Smith-Schuster, JuJu",WR,Smash,1,1,1,2020,13.93,21.15,11.18,15.42,17.54,15.81,7.07,11.44,0,13.5,14.0,1,1,0,-25.8
2017,1,12,13192,00-0033885,"Njoku, David",TE,Bust,0,1,1,2019;2020,6.21,10.05,8.35,8.2,9.2,4.92,7.17,6.04,0,12.5,12.0,0,0,0,-26.3
2017,2,1,13132,00-0033906,"Kamara, Alvin",RB,Smash,1,1,1,2019;2020;2021,19.13,23.78,16.92,19.94,21.45,24.17,18.05,21.11,0,15.0,16.1,1,1,1,5.9
2017,2,10,13157,00-0033282,"Samuel, Curtis",WR,Bust,0,1,1,2019,5.15,11.61,12.03,9.6,11.82,14.14,1.96,8.05,0,13.5,14.0,0,0,0,-16.1
2017,2,2,13237,00-0033948,"Williams, Joe",RB,Bust,0,0,0,,0,0,0,0,0,8.88,9.22,9.05,0,15.0,16.1,0,0,0,
2017,2,3,13176,00-0033891,"Jones, Zay",WR,Bust,0,0,0,,6.97,10.39,3.74,7.03,8.68,3.32,7.69,5.51,0,13.5,14.0,0,0,0,-21.7
2017,2,4,13133,00-0033526,"Perine, Samaje",RB,Bust,0,0,0,,9.01,1.8,1.17,3.99,5.41,5.48,5.16,5.32,0,15.0,16.1,0,0,0,33.2
2017,2,5,13234,00-0033951,"Mack, Marlon",RB,Contrib,0,1,1,2020,6.97,14.74,12.63,11.45,13.69,8.6,2.58,5.59,0,15.0,16.1,0,0,0,-51.2
2017,2,6,13146,00-0033553,"Conner, James",RB,Contrib,0,1,1,2020,1.2,22.42,14.25,12.62,18.34,13.16,16.69,14.93,0,15.0,16.1,0,1,0,18.3
2017,2,7,13134,00-0033925,"Foreman, D'Onta",RB,Bust,0,0,0,,6.3,10.5,0,8.4,8.4,3.4,10.05,6.73,0,15.0,16.1,0,0,0,-19.9
2017,2,8,13139,00-0033948,"Williams, Jamaal",RB,Bust,0,0,0,,9.31,7.28,10.49,9.03,9.9,8.88,9.22,9.05,0,15.0,16.1,0,0,0,0.2
2017,2,9,13277,00-0033932,"Golladay, Kenny",WR,Hit,1,1,1,2020;2021,8.28,15.49,17.71,13.83,16.6,13.16,6.36,9.76,0,13.5,14.0,1,1,0,-29.4
2017,2,12,13163,00-0033921,"Godwin, Chris",WR,Contrib,0,1,1,2019;2020,6.37,12.4,22.19,13.65,17.3,14.8,17.31,16.06,0,13.5,14.0,1,1,1,17.6
2017,3,1,13168,00-0033943,"Reynolds, Josh",WR,Bust,0,1,1,2019,3.97,9.48,6.69,6.71,8.09,7.99,7.33,7.66,0,13.5,14.0,0,0,0,14.1
2017,3,10,13158,00-0033839,"Westbrook, Dede",WR,Contrib,0,0,0,,11.5,13.85,10.85,12.07,12.68,0.7,1.12,0.91,0,13.5,14.0,0,0,0,-92.5
2017,3,2,13236,00-0033895,"Everett, Gerald",TE,Bust,0,0,0,,4.68,6.43,8.75,6.62,7.59,5.46,7.85,6.66,0,12.5,12.0,0,0,0,0.6
2017,3,3,13319,00-0033293,"Jones, Aaron",RB,Hit,1,1,1,2020;2021,8.96,14.13,20.22,14.44,17.18,17.66,15.94,16.8,0,15.0,16.1,0,1,1,16.4
2017,3,4,13137,,"Pumphrey, Donnel",RB,Bust,0,0,0,,0,0,0,0,0,,,0,1,15.0,16.1,0,0,0,
2017,3,5,13113,00-0033537,"Watson, Deshaun",QB,Smash,1,1,1,2019;2020;2021,27.74,22.41,25.39,25.18,26.56,23.08,,23.08,0,18.0,17.0,1,1,1,-8.3
2017,3,6,13164,00-0033908,"Kupp, Cooper",WR,Smash,1,1,1,2020;2021,12.89,18.16,19.54,16.86,18.85,13.91,26.42,20.16,0,13.5,14.0,1,1,1,19.6
2017,3,7,13171,,"Henderson, Carlos",WR,Bust,0,0,0,,0,0,0,0,0,,,0,1,13.5,14.0,0,0,0,
2017,3,8,13280,00-0033933,"Williams, Chad",WR,Bust,0,0,0,,2.65,4.6,0,3.62,3.62,,,0,1,13.5,14.0,0,0,0,-100.0
2017,3,9,13135,00-0033950,"Gallman, Wayne",RB,Bust,0,0,0,,7.86,3.0,5.97,5.61,6.92,9.76,1.93,5.84,0,15.0,16.1,0,0,0,4.2
2017,3,11,13143,00-0033955,"McNichols, Jeremy",RB,Bust,0,0,0,,1.0,0.4,0,0.7,0.7,2.77,5.66,4.22,0,15.0,16.1,0,0,0,502.2
2017,3,12,13167,00-0033911,"Taylor, Taywan",WR,Bust,0,0,0,,4.52,8.33,0.7,4.52,6.42,,,0,1,13.5,14.0,0,0,0,-100.0
2017,4,10,13370,00-0033604,"Hogan, Krishawn",WR,Bust,0,0,0,,1.0,0,1.4,1.2,1.2,,,0,1,13.5,14.0,0,0,0,-100.0
2017,4,2,13254,00-0033896,"Shaheen, Adam",TE,Bust,0,0,0,,7.55,4.6,3.8,5.32,6.07,3.46,3.29,3.37,0,12.5,12.0,0,0,0,-36.5
2017,4,3,13116,00-0033873,"Mahomes, Patrick",QB,Smash,1,1,1,2019;2020;2021,0,32.64,25.24,28.94,28.94,23.98,22.98,23.48,0,18.0,17.0,1,1,1,-18.9
2017,4,4,13193,00-0033858,"Smith, Jonnu",TE,Bust,0,1,1,2021,4.83,7.53,7.97,6.78,7.75,9.54,4.21,6.88,0,12.5,12.0,0,0,0,1.5
2017,4,5,13173,00-0033916,"Stewart, ArDarius",WR,Bust,0,0,0,,1.77,0,0,1.77,1.77,,,0,1,13.5,14.0,0,0,0,-100.0
2017,4,6,13244,,"Zamora, Ishmael",WR,Bust,0,0,0,,0,0,0,0,0,,,0,1,13.5,14.0,0,0,0,
2017,4,7,13141,,"Hood, Elijah",RB,Bust,0,0,0,,0,0,0,0,0,,,0,1,15.0,16.1,0,0,0,
2017,4,9,13240,00-0033567,"Hill, Brian",RB,Bust,0,0,0,,3.37,3.02,7.77,4.72,5.57,5.96,,5.96,0,15.0,16.1,0,0,0,26.3
2017,4,12,13165,00-0033562,"Switzer, Ryan",WR,Bust,0,0,0,,2.41,6.44,2.4,3.75,4.43,,,0,1,13.5,14.0,0,0,0,-100.0
2017,5,1,13187,,"Yancey, DeAngelo",QB,Bust,0,0,0,,0,0,0,0,0,,,0,1,18.0,17.0,0,0,0,
2017,5,10,13121,,"Kelly, Chad",QB,Bust,0,0,0,,0,0,0,0,0,,,0,1,18.0,17.0,0,0,0,
2017,5,2,13160,,"Dupre, Malachi",WR,Bust,0,0,0,,0,0,0,0,0,,,0,1,13.5,14.0,0,0,0,
2017,5,3,13357,00-0033304,"Mays, Devante",RB,Bust,0,0,0,,0,0,0,0,0,,,0,1,15.0,16.1,0,0,0,
2017,5,4,13166,00-0033937,"Darboh, Amara",WR,Bust,0,0,0,,3.0,0,0,3.0,3.0,,,0,1,13.5,14.0,0,0,0,-100.0
2017,5,5,13136,00-0033725,"Clement, Corey",RB,Bust,0,0,0,,6.99,8.23,0.8,5.34,7.61,2.1,2.63,2.36,0,15.0,16.1,0,0,0,-55.7
2017,5,6,13115,00-0033869,"Trubisky, Mitchell",QB,Contrib,0,0,0,,10.85,22.42,15.2,16.16,18.81,15.15,1.32,8.24,0,18.0,17.0,0,1,0,-49.0
2017,5,7,13299,00-0033288,"Kittle, George",TE,Smash,1,1,1,2020;2021,6.95,16.77,17.6,13.77,17.19,15.64,13.05,14.34,0,12.5,12.0,1,1,1,4.1
2017,5,8,13190,00-0033564,"Butt, Jake",TE,Bust,0,0,0,,0,6.1,0,6.1,6.1,0.62,,0.62,0,12.5,12.0,0,0,0,-89.8
2017,5,9,13191,,"Hodges, Bucky",TE,Bust,0,0,0,,0,0,0,0,0,,,0,1,12.5,12.0,0,0,0,
2017,5,11,13162,00-0033471,"Ford, Isaiah",WR,Bust,0,0,0,,0,0,7.72,7.72,7.72,6.18,4.01,5.09,0,13.5,14.0,0,0,0,-34.0
2017,5,12,13290,00-0033556,"Cohen, Tarik",RB,Hit,1,1,1,2020,10.81,16.28,10.23,12.44,13.55,5.83,,5.83,0,15.0,16.1,0,0,0,-53.1
2018,1,1,13604,00-0034844,"Barkley, Saquon",RB,Smash,1,1,1,2020;2021;2022,24.19,18.6,7.4,16.73,21.4,11.43,17.89,14.66,0,15.0,16.1,1,1,0,-12.4
2018,1,2,13605,00-0034358,"Guice, Derrius",RB,Bust,0,0,0,,0,11.48,0,11.48,11.48,,,0,1,15.0,16.1,0,0,0,-100.0
2018,1,3,13607,00-0034845,"Michel, Sony",RB,Bust,0,0,0,,11.78,9.28,7.61,9.56,10.53,7.45,2.49,4.97,0,15.0,16.1,0,0,0,-48.0
2018,1,4,13606,00-0034816,"Jones, Ronald",RB,Contrib,0,1,0,2021,2.96,10.15,13.33,8.81,11.74,5.28,2.7,3.99,0,15.0,16.1,0,0,0,-54.7
2018,1,5,13617,00-0034838,"Freeman, Royce",RB,Bust,0,0,0,,6.31,9.03,3.55,6.3,7.67,2.88,4.75,3.82,0,15.0,16.1,0,0,0,-39.4
2018,1,6,13608,00-0034750,"Penny, Rashaad",RB,Bust,0,0,0,,6.09,9.9,0.75,5.58,8.0,12.17,10.44,11.3,0,15.0,16.1,0,0,0,102.6
2018,1,7,13635,00-0034827,"Moore, D.J.",WR,Hit,1,1,1,2021;2022,10.99,17.28,15.51,14.59,16.39,13.97,11.71,12.84,0,13.5,14.0,1,1,0,-12.0
2018,1,8,13612,00-0034349,"Johnson, Kerryon",RB,Bust,0,0,0,,13.82,10.01,5.4,9.74,11.91,,,0,1,15.0,16.1,0,0,0,-100.0
2018,1,9,13610,00-0034791,"Chubb, Nick",RB,Smash,1,1,1,2020;2021;2022,13.29,16.77,17.63,15.9,17.2,15.38,16.55,15.97,0,15.0,16.1,1,1,0,0.4
2018,1,10,13629,00-0034837,"Ridley, Calvin",WR,Smash,1,1,1,2020,14.65,16.26,23.1,18.0,19.68,14.22,,14.22,0,13.5,14.0,1,1,1,-21.0
2018,1,11,13646,00-0034764,"Gallup, Michael",WR,Contrib,0,1,0,2021,6.54,15.25,12.61,11.47,13.93,10.17,7.56,8.86,0,13.5,14.0,0,1,0,-22.7
2018,1,12,13639,00-0034353,"Miller, Anthony",WR,Bust,0,1,1,2020,9.42,10.2,8.14,9.25,9.81,4.83,,4.83,0,13.5,14.0,0,0,0,-47.8
2018,2,1,13633,00-0034775,"Kirk, Christian",WR,Contrib,0,0,0,,11.67,14.03,11.69,12.46,12.86,12.15,14.93,13.54,0,13.5,14.0,0,0,0,8.6
2018,2,2,13621,00-0034799,"Ballage, Kalen",RB,Bust,0,0,0,,3.46,4.57,7.95,5.33,6.26,0.86,,0.86,0,15.0,16.1,0,0,0,-83.9
2018,2,3,13630,00-0034348,"Sutton, Courtland",WR,Hit,1,1,1,2021,9.37,15.24,11.0,11.87,13.12,8.84,10.63,9.73,0,13.5,14.0,0,0,0,-18.0
2018,2,4,13631,00-0034676,"Washington, James",WR,Bust,0,0,0,,5.27,11.13,8.75,8.38,9.94,4.84,,4.84,0,13.5,14.0,0,0,0,-42.2
2018,2,5,13672,00-0034829,"Gesicki, Mike",TE,Bust,0,1,1,2019;2021,4.05,9.23,12.18,8.49,10.71,9.71,5.98,7.84,0,12.5,12.0,0,0,0,-7.6
2018,2,6,13634,00-0034860,"Pettis, Dante",WR,Bust,0,0,0,,12.43,5.13,2.13,6.56,8.78,8.45,3.84,6.14,0,13.5,14.0,0,0,0,-6.4
2018,2,7,13668,00-0034777,"Chark, D.J.",WR,Contrib,0,1,1,2021;2022,4.8,16.76,12.69,11.42,14.73,11.47,8.93,10.2,0,13.5,14.0,0,1,0,-10.7
2018,2,8,13640,00-0034772,"Callaway, Antonio",WR,Bust,0,0,0,,8.1,4.62,1.45,4.72,6.36,,,0,1,13.5,14.0,0,0,0,-100.0
2018,2,9,13622,00-0034367,"Hines, Nyheim",RB,Bust,0,0,0,,10.03,8.28,12.64,10.32,11.34,6.86,4.69,5.78,0,15.0,16.1,0,0,0,-44.0
2018,2,10,13593,00-0034796,"Jackson, Lamar",QB,Hit,1,1,1,2021;2022,10.04,32.54,24.25,22.28,28.39,20.0,19.67,19.84,0,18.0,17.0,1,1,1,-11.0
2018,2,11,13674,00-0034351,"Goedert, Dallas",TE,Contrib,0,1,1,2021,7.5,11.12,11.27,9.96,11.2,11.26,11.82,11.54,0,12.5,12.0,0,0,0,15.8
2018,3,2,13680,00-0034830,"Hurst, Hayden",TE,Bust,0,1,1,2020,5.07,5.37,10.26,6.9,7.81,5.34,8.53,6.94,0,12.5,12.0,0,0,0,0.5
2018,3,3,13590,00-0034855,"Mayfield, Baker",QB,Bust,0,1,1,2021,18.9,16.42,17.91,17.74,18.41,12.92,10.12,11.52,0,18.0,17.0,0,1,0,-35.1
2018,3,4,13726,00-0034681,"Edmonds, Chase",RB,Bust,0,1,1,2021,4.68,7.95,11.28,7.97,9.62,11.24,5.71,8.47,0,15.0,16.1,0,0,0,6.3
2018,3,5,13619,00-0034808,"Kelly, John",RB,Bust,0,0,0,,3.05,0.9,0,1.97,1.97,1.3,,1.3,0,15.0,16.1,0,0,0,-34.2
2018,3,6,13657,00-0034268,"Moore, J'Mon",WR,Bust,0,0,0,,1.63,0,0,1.63,1.63,,,0,1,13.5,14.0,0,0,0,-100.0
2018,3,7,13662,00-0034366,"Coutee, Keke",WR,Bust,0,0,0,,11.22,7.3,13.5,10.67,12.36,1.5,0.14,0.82,0,13.5,14.0,0,0,0,-92.3
2018,3,8,13638,00-0034419,"Berrios, Braxton",WR,Bust,0,0,0,,0,2.01,7.36,4.69,4.69,7.57,3.39,5.48,0,13.5,14.0,0,0,0,17.0
2018,3,9,13789,00-0034400,"Wilkins, Jordan",RB,Bust,0,0,0,,4.53,4.95,5.14,4.87,5.04,,3.68,3.68,0,15.0,16.1,0,0,0,-24.6
2018,3,10,13613,00-0034331,"Samuels, Jaylen",RB,Bust,0,0,0,,9.66,8.02,2.12,6.6,8.84,1.77,,1.77,0,15.0,16.1,0,0,0,-73.2
2018,3,11,13591,00-0034343,"Rosen, Josh",QB,Bust,0,0,0,,10.06,8.45,0,9.25,9.25,,,0,1,18.0,17.0,0,0,0,-100.0
2018,3,12,13645,00-0034765,"Smith, Tre'Quan",WR,Bust,0,0,0,,12.49,7.28,8.96,9.58,10.73,8.77,5.28,7.03,0,13.5,14.0,0,0,0,-26.6
2018,4,1,13592,00-0034869,"Darnold, Sam",QB,Bust,0,0,0,,16.29,18.79,12.72,15.93,17.54,13.11,14.39,13.75,0,18.0,17.0,0,0,0,-13.7
2018,4,3,13636,00-0034406,"Cain, Deon",WR,Bust,0,0,0,,0,3.26,0,3.26,3.26,,,0,1,13.5,14.0,0,0,0,-100.0
2018,4,4,13620,00-0034440,"Jackson, Justin",RB,Bust,0,0,0,,7.58,4.9,7.36,6.61,7.47,6.16,3.41,4.78,0,15.0,16.1,0,0,0,-27.7
2018,4,5,13768,00-0034378,"Smith, Ito",RB,Bust,0,0,0,,7.32,6.0,4.83,6.05,6.66,6.4,,6.4,0,15.0,16.1,0,0,0,5.8
2018,4,6,13589,00-0034857,"Allen, Josh",QB,Smash,1,1,1,2022,16.87,20.17,29.55,22.2,24.86,25.23,24.15,24.69,0,18.0,17.0,1,1,1,11.3
2018,4,8,13595,00-0034771,"Rudolph, Mason",QB,Bust,0,0,0,,0,12.64,0.1,6.37,6.37,9.19,,9.19,0,18.0,17.0,0,0,0,44.3
2018,4,9,13616,00-0034679,"Walton, Mark",RB,Bust,0,0,0,,1.93,5.66,0,3.79,3.79,,,0,1,15.0,16.1,0,0,0,-100.0
2018,5,3,13637,00-0034279,"St. Brown, Equanimeous",WR,Bust,0,0,0,,5.69,0,4.77,5.23,5.23,1.56,4.04,2.8,0,13.5,14.0,0,0,0,-46.4
2018,5,4,13649,00-0034370,"Hamilton, DaeSean",WR,Bust,0,0,0,,7.76,5.6,6.25,6.54,7.0,,,0,1,13.5,14.0,0,0,0,-100.0
2018,5,5,13666,00-0034395,"Fountain, Daurice",WR,Bust,0,0,0,,0,0,4.7,4.7,4.7,,,0,1,13.5,14.0,0,0,0,-100.0
2018,5,6,13776,00-0034386,"Watson, Justin",WR,Bust,0,0,0,,1.08,6.46,3.99,3.84,5.22,,3.39,3.39,0,13.5,14.0,0,0,0,-11.7
2018,5,7,13814,00-0034414,"Scott, Boston",RB,Bust,0,0,0,,2.4,8.29,6.57,5.75,7.43,9.09,3.68,6.38,0,15.0,16.1,0,0,0,11.0
2018,5,8,13615,00-0034432,"Scarbrough, Bo",RB,Bust,0,0,0,,0,7.76,3.1,5.43,5.43,,,0,1,15.0,16.1,0,0,0,-100.0
2018,5,9,13678,00-0034365,"Thomas, Ian",TE,Bust,0,0,0,,7.62,7.04,3.8,6.15,7.33,2.63,3.13,2.88,0,12.5,12.0,0,0,0,-53.2
2018,5,10,13793,00-0034272,"Valdes-Scantling, Marquez",WR,Bust,0,0,0,,7.61,8.68,12.01,9.43,10.34,7.91,7.68,7.79,0,13.5,14.0,0,0,0,-17.4
2018,5,12,13609,,"Wadley, Akrum",RB,Bust,0,0,0,,0,0,0,0,0,,,0,1,15.0,16.1,0,0,0,
2019,1,1,14073,00-0035700,"Jacobs, Josh",RB,Smash,1,1,1,2021;2022;2023,15.02,14.83,14.39,14.75,14.93,19.31,13.93,16.62,0,15.0,16.1,0,0,1,12.7
2019,1,2,14071,00-0035685,"Montgomery, David",RB,Hit,1,1,1,2021;2022,10.17,16.63,16.1,14.3,16.37,11.11,14.59,12.85,0,15.0,16.1,0,1,0,-10.2
2019,1,3,14101,,"Harry, N'Keal",WR,Bust,0,0,0,,6.76,6.76,3.98,5.83,6.76,,,0,1,13.5,14.0,0,0,0,-100.0
2019,1,4,14079,00-0035243,"Sanders, Miles",RB,Contrib,0,1,1,2022,14.33,14.37,10.15,12.95,14.35,12.24,5.48,8.86,0,15.0,16.1,0,0,0,-31.6
2019,1,5,14087,00-0035664,"Henderson, Darrell",RB,Contrib,0,0,0,,3.04,8.65,13.92,8.54,11.29,7.35,10.88,9.11,0,15.0,16.1,0,0,0,6.7
2019,1,6,14105,00-0035662,"Brown, Marquise",WR,Hit,1,1,1,2021;2022,11.59,12.42,15.72,13.24,14.07,13.0,10.36,11.68,0,13.5,14.0,0,1,0,-11.8
2019,1,7,14112,00-0035639,"Campbell, Parris",WR,Bust,0,0,0,,7.3,8.25,6.92,7.49,7.78,8.77,3.04,5.91,0,13.5,14.0,0,0,0,-21.2
2019,1,8,14138,00-0035229,"Hockenson, T.J.",TE,Hit,1,1,1,2022;2023,7.86,11.91,13.97,11.25,12.94,13.35,14.6,13.98,0,12.5,12.0,0,1,1,24.3
2019,1,9,14113,00-0035140,"Hardman, Mecole",WR,Bust,0,0,0,,9.13,9.66,8.64,9.14,9.39,10.83,4.24,7.54,0,13.5,14.0,0,0,0,-17.6
2019,1,10,14104,00-0035676,"Brown, A.J.",WR,Smash,1,1,1,2022;2023,14.33,18.24,15.37,15.98,16.8,16.66,17.04,16.85,0,13.5,14.0,1,1,1,5.4
2019,1,11,14102,00-0035640,"Metcalf, DK",WR,Smash,1,1,1,2022,12.4,19.63,15.43,15.82,17.53,14.58,14.09,14.33,0,13.5,14.0,1,1,1,-9.4
2019,1,12,14121,00-0035527,"Isabella, Andy",WR,Bust,0,0,0,,3.81,5.87,1.6,3.76,4.84,1.05,,1.05,0,13.5,14.0,0,0,0,-72.1
2019,2,1,14106,,"Butler, Hakeem",WR,Bust,0,0,0,,0,0,0,0,0,,,0,1,13.5,14.0,0,0,0,
2019,2,2,14056,00-0035228,"Murray, Kyler",QB,Smash,1,1,1,2021;2022;2023,18.51,27.46,26.56,24.18,27.01,18.23,18.3,18.26,0,18.0,17.0,1,1,1,-24.5
2019,2,3,14136,00-0035719,"Samuel, Deebo",WR,Smash,1,1,1,2021;2022;2023,12.51,12.5,22.82,15.94,17.66,13.12,15.16,14.14,0,13.5,14.0,1,1,1,-11.3
2019,2,4,14107,00-0035246,"Arcega-Whiteside, JJ",WR,Bust,0,0,0,,5.19,2.97,2.08,3.41,4.08,,,0,1,13.5,14.0,0,0,0,-100.0
2019,2,5,14086,00-0034975,"Hill, Justice",RB,Bust,0,0,0,,2.92,2.27,0,2.59,2.59,2.81,7.04,4.93,0,15.0,16.1,0,0,0,89.8
2019,2,6,14141,00-0034970,"Smith Jr., Irv",TE,Bust,0,1,0,2022,6.32,9.87,0,8.09,8.09,6.94,3.35,5.15,0,12.5,12.0,0,0,0,-36.4
2019,2,7,14137,00-0035644,"Fant, Noah",TE,Contrib,0,1,1,2021,8.08,11.3,10.93,10.1,11.12,6.93,4.89,5.91,0,12.5,12.0,0,0,0,-41.5
2019,2,8,14075,00-0035657,"Harris, Damien",RB,Contrib,0,1,1,2022,1.2,9.41,14.76,8.46,12.09,8.26,3.17,5.72,0,15.0,16.1,0,0,0,-32.4
2019,2,9,14208,00-0035216,"Johnson, Diontae",WR,Smash,1,1,1,2022;2023,11.52,16.23,18.79,15.51,17.51,10.63,11.96,11.3,0,13.5,14.0,1,1,0,-27.2
2019,2,10,14103,00-0035590,"Ridley, Riley",WR,Bust,0,0,0,,2.35,4.25,0,3.3,3.3,,,0,1,13.5,14.0,0,0,0,-100.0
2019,2,11,14080,00-0035250,"Singletary, Devin",RB,Contrib,0,1,1,2022,12.01,9.15,11.05,10.74,11.53,10.77,10.28,10.53,0,15.0,16.1,0,0,0,-2.0
2019,2,12,14125,00-0035703,"Boykin, Miles",WR,Bust,0,0,0,,6.6,5.33,1.6,4.51,5.96,0.31,0.59,0.45,0,13.5,14.0,0,0,0,-90.0
2019,3,3,14284,00-0035148,"Thompson, Darwin",RB,Bust,0,0,0,,3.26,2.03,0,2.64,2.64,,,0,1,15.0,16.1,0,0,0,-100.0
2019,3,4,14116,,"Hurd, Jalen",WR,Bust,0,0,0,,0,0,0,0,0,,,0,1,13.5,14.0,0,0,0,
2019,3,5,14223,00-0034972,"Mattison, Alexander",RB,Bust,0,1,0,2022,5.15,4.75,8.45,6.12,6.8,4.98,8.33,6.65,0,15.0,16.1,0,0,0,8.7
2019,3,6,14081,00-0035311,"Gaskin, Myles",RB,Contrib,0,1,1,2022,5.07,15.77,10.53,10.46,13.15,4.7,,4.7,0,15.0,16.1,0,0,0,-55.1
2019,3,7,14058,00-0035232,"Haskins, Dwayne",QB,Bust,0,0,0,,10.19,13.1,0,11.64,11.64,,,0,1,18.0,17.0,0,0,0,-100.0
2019,3,10,14093,00-0035268,"Armstead, Ryquell",RB,Bust,0,0,0,,3.04,0,4.6,3.82,3.82,,,0,1,15.0,16.1,0,0,0,-100.0
2019,3,11,14114,00-0035297,"Harmon, Kelvin",WR,Bust,0,0,0,,4.83,0,0,4.83,4.83,,,0,1,13.5,14.0,0,0,0,-100.0
2019,3,12,14109,00-0035659,"McLaurin, Terry",WR,Hit,1,1,1,2022;2023,14.96,16.26,14.73,15.32,15.61,13.47,11.95,12.71,0,13.5,14.0,1,1,0,-17.0
2019,4,1,14140,00-0035671,"Sternberger, Jace",TE,Bust,0,0,0,,0.5,5.13,0,2.81,2.81,,,0,1,12.5,12.0,0,0,0,-100.0
2019,4,2,14120,,"Jennings, Gary",WR,Bust,0,0,0,,0,0,0,0,0,,,0,1,13.5,14.0,0,0,0,
2019,4,3,14062,00-0035251,"Grier, Will",QB,Bust,0,0,0,,1.0,0,0,1.0,1.0,,,0,1,18.0,17.0,0,0,0,-100.0
2019,4,4,14082,,"Love, Bryce",RB,Bust,0,0,0,,0,0,0,0,0,,,0,1,15.0,16.1,0,0,0,
2019,4,6,14143,00-0035689,"Knox, Dawson",TE,Contrib,0,1,0,2022,5.91,6.43,12.97,8.44,9.7,9.31,5.33,7.32,0,12.5,12.0,0,0,0,-13.3
2019,4,7,14115,00-0036955,"Hall, Emanuel",WR,Bust,0,0,0,,0,0,0,0,0,6.38,4.11,5.25,0,13.5,14.0,0,0,0,
2019,4,8,14088,,"Anderson, Rodney",RB,Bust,0,0,0,,0,0,0,0,0,,,0,1,15.0,16.1,0,0,0,
2019,4,9,14097,00-0035273,"Ollison, Qadree",RB,Bust,0,0,0,,6.66,0.3,3.18,3.38,4.92,,,0,1,15.0,16.1,0,0,0,-100.0
2019,4,10,14074,00-0034995,"Williams, Dexter",RB,Bust,0,0,0,,0.2,0.8,0,0.5,0.5,,,0,1,15.0,16.1,0,0,0,-100.0
2019,4,12,14085,00-0035261,"Pollard, Tony",RB,Bust,0,1,1,2021;2022,8.07,8.71,12.31,9.7,10.51,14.78,13.56,14.17,0,15.0,16.1,0,0,0,46.1
2019,5,2,14076,00-0035291,"Williams, Trayveon",RB,Bust,0,0,0,,0,1.68,1.0,1.34,1.34,0.8,0.93,0.87,0,15.0,16.1,0,0,0,-35.4
2019,5,3,14072,00-0035217,"Snell, Benny",RB,Bust,0,0,0,,4.62,6.28,1.24,4.05,5.45,2.08,,2.08,0,15.0,16.1,0,0,0,-48.7
2019,5,4,14315,00-0035021,"Dulin, Ashton",WR,Bust,0,0,0,,1.53,2.1,5.14,2.92,3.62,4.25,,4.25,0,13.5,14.0,0,0,0,45.4
2019,5,5,14123,00-0034983,"Renfrow, Hunter",WR,Contrib,0,1,1,2022,10.18,9.73,17.21,12.37,13.7,7.9,3.46,5.68,0,13.5,14.0,0,1,0,-54.1
2019,5,6,14146,00-0035631,"Sample, Drew",TE,Bust,0,0,0,,2.3,6.12,2.77,3.73,4.45,0.9,3.59,2.25,0,12.5,12.0,0,0,0,-39.8
2019,5,7,14126,00-0035350,"Williams, Preston",WR,Bust,0,0,0,,12.93,10.2,3.6,8.91,11.56,,,0,1,13.5,14.0,0,0,0,-100.0
2019,5,8,14209,00-0035249,"Oliver, Josh",TE,Bust,0,0,0,,1.67,0,2.54,2.1,2.1,3.5,4.1,3.8,0,12.5,12.0,0,0,0,80.5
2019,5,9,14314,,"Anderson, Bruce",RB,Bust,0,0,0,,0,0,0,0,0,,,0,1,15.0,16.1,0,0,0,
2019,5,10,14057,00-0035704,"Lock, Drew",QB,Bust,0,0,0,,16.85,15.44,9.03,13.77,16.14,,7.28,7.28,0,18.0,17.0,0,0,0,-47.1
2019,5,11,14195,00-0035660,"Warring, Kahale",TE,Bust,0,0,0,,0,3.45,0,3.45,3.45,,,0,1,12.5,12.0,0,0,0,-100.0
2020,1,1,14803,00-0036360,"Edwards-Helaire, Clyde",RB,Hit,1,0,0,,13.44,12.16,11.12,12.24,12.8,4.11,5.0,4.56,0,15.0,16.1,0,0,0,-62.8
2020,1,2,14802,00-0036223,"Taylor, Jonathan",RB,Smash,1,1,1,2023,15.06,24.64,13.95,17.88,19.85,15.64,17.48,16.56,0,15.0,16.1,1,1,1,-7.4
2020,1,3,14800,00-0036158,"Dobbins, J.K.",RB,Bust,0,1,1,2022,9.91,0,10.95,10.43,10.43,11.7,13.89,12.79,0,15.0,16.1,0,0,0,22.7
2020,1,4,14832,00-0036358,"Lamb, CeeDee",WR,Smash,1,1,1,2023;2024,15.56,16.81,19.5,17.29,18.16,23.54,17.56,20.55,0,13.5,14.0,1,1,1,18.9
2020,1,5,14797,00-0036275,"Swift, D'Andre",RB,Hit,1,1,1,2022;2023,14.08,15.96,13.47,14.5,15.02,12.35,12.62,12.48,0,15.0,16.1,0,1,0,-13.9
2020,1,6,14833,00-0036407,"Jeudy, Jerry",WR,Contrib,0,1,1,2023,10.26,10.53,14.9,11.9,12.71,8.86,14.17,11.52,0,13.5,14.0,0,0,0,-3.2
2020,1,7,14839,00-0036387,"Reagor, Jalen",WR,Bust,0,0,0,,9.51,6.49,2.22,6.07,8.0,3.17,2.1,2.63,0,13.5,14.0,0,0,0,-56.6
2020,1,8,14836,00-0036322,"Jefferson, Justin",WR,Smash,1,1,1,2023;2024,18.55,21.13,25.32,21.67,23.23,20.22,18.24,19.23,0,13.5,14.0,1,1,1,-11.3
2020,1,9,14835,00-0036410,"Higgins, Tee",WR,Smash,1,1,1,2023;2024,15.14,17.26,18.26,16.89,17.76,11.47,18.51,14.99,0,13.5,14.0,1,1,1,-11.2
2020,1,10,14799,00-0036414,"Akers, Cam",RB,Contrib,0,1,1,2023,9.24,0,10.32,9.78,9.78,6.67,5.71,6.19,0,15.0,16.1,0,0,0,-36.7
2020,1,11,14834,00-0036357,"Ruggs, Henry",WR,Bust,0,0,0,,7.33,13.21,0,10.27,10.27,,,0,1,13.5,14.0,0,0,0,-100.0
2020,1,12,14846,00-0036255,"Mims, Denzel",WR,Bust,0,0,0,,8.93,3.68,4.43,5.68,6.68,,,0,1,13.5,14.0,0,0,0,-100.0
2020,2,1,14842,00-0036252,"Pittman, Michael",WR,Hit,1,1,1,2022;2023;2024,8.45,14.62,14.85,12.64,14.73,15.76,10.36,13.06,0,13.5,14.0,0,1,0,3.3
2020,2,2,14810,00-0036450,"Vaughn, Ke'Shawn",RB,Bust,0,0,0,,4.6,5.34,1.1,3.68,4.97,1.28,0.4,0.84,0,15.0,16.1,0,0,0,-77.2
2020,2,4,14777,00-0036442,"Burrow, Joe",QB,Smash,1,1,1,2023,20.33,25.08,28.89,24.77,26.98,14.72,21.93,18.32,0,18.0,17.0,1,1,1,-26.0
2020,2,5,14798,00-0036251,"Moss, Zack",RB,Bust,0,0,0,,8.06,8.78,3.72,6.85,8.42,12.11,10.24,11.18,0,15.0,16.1,0,0,0,63.1
2020,2,6,14840,00-0036261,"Aiyuk, Brandon",WR,Hit,1,1,1,2023,16.77,10.66,14.49,13.97,15.63,14.69,8.91,11.8,0,13.5,14.0,1,1,0,-15.5
2020,2,7,14778,00-0036212,"Tagovailoa, Tua",QB,Bust,0,1,1,2022;2024,14.39,19.18,23.53,19.03,21.36,15.71,16.51,16.11,0,18.0,17.0,1,1,0,-15.4
2020,2,8,14805,00-0036265,"Dillon, AJ",RB,Bust,0,1,1,2023,5.1,12.34,10.64,9.36,11.49,7.84,,7.84,0,15.0,16.1,0,0,0,-16.2
2020,2,10,14844,00-0036365,"Edwards, Bryan",WR,Bust,0,0,0,,3.51,8.67,1.5,4.56,6.09,,,0,1,13.5,14.0,0,0,0,-100.0
2020,2,11,14838,00-0036268,"Shenault, Laviska",WR,Bust,0,0,0,,10.72,8.24,6.9,8.62,9.48,2.69,1.47,2.08,0,13.5,14.0,0,0,0,-75.9
2020,2,12,14852,00-0036328,"Gibson, Antonio",RB,Hit,1,0,0,,14.61,14.4,11.93,13.65,14.5,7.96,6.08,7.02,0,15.0,16.1,0,0,0,-48.5
2020,3,1,14867,00-0036290,"Kmet, Cole",TE,Bust,0,1,1,2022;2023,5.59,7.42,10.03,7.68,8.72,11.32,7.53,9.42,0,12.5,12.0,0,0,0,22.7
2020,3,2,14807,00-0036370,"Kelley, Joshua",RB,Bust,0,0,0,,6.18,2.15,5.73,4.69,5.96,3.63,0.2,1.91,0,15.0,16.1,0,0,0,-59.1
2020,3,3,14804,00-0036336,"McFarland, Anthony",RB,Bust,0,0,0,,2.0,2.1,6.5,3.53,4.3,1.03,,1.03,0,15.0,16.1,0,0,0,-70.8
2020,3,4,14841,00-0036326,"Claypool, Chase",WR,Contrib,0,0,0,,13.8,11.3,8.41,11.17,12.55,1.97,,1.97,0,13.5,14.0,0,0,0,-82.3
2020,3,5,14808,00-0036297,"Evans, Darrynton",RB,Bust,0,0,0,,5.2,4.0,4.27,4.49,4.73,5.0,0.3,2.65,0,15.0,16.1,0,0,0,-41.0
2020,3,6,14837,00-0036412,"Hamler, KJ",WR,Bust,0,0,0,,8.79,4.4,5.32,6.17,7.05,,,0,1,13.5,14.0,0,0,0,-100.0
2020,3,8,14801,00-0036383,"Benjamin, Eno",RB,Bust,0,0,0,,0,3.33,7.89,5.61,5.61,,,0,1,15.0,16.1,0,0,0,-100.0
2020,3,9,14870,00-0036422,"Trautman, Adam",TE,Bust,0,0,0,,4.92,6.43,4.75,5.37,5.67,3.78,3.21,3.49,0,12.5,12.0,0,0,0,-34.9
2020,3,10,14815,00-0036425,"Dallas, DeeJay",RB,Bust,0,0,0,,6.22,5.49,4.38,5.36,5.86,0.72,1.31,1.02,0,15.0,16.1,0,0,0,-81.1
2020,3,11,14858,00-0036415,"Jefferson, Van",WR,Bust,0,0,0,,4.23,10.83,9.15,8.07,9.99,2.95,4.71,3.83,0,13.5,14.0,0,0,0,-52.6
2020,3,12,14850,00-0036277,"Cephus, Quintez",WR,Bust,0,0,0,,5.24,10.24,2.23,5.9,7.74,,,0,1,13.5,14.0,0,0,0,-100.0
2020,4,1,14873,00-0036423,"Okwuegbunam, Albert",TE,Bust,0,0,0,,7.57,6.58,6.57,6.91,7.08,,,0,1,12.5,12.0,0,0,0,-100.0
2020,4,2,14847,00-0036331,"Duvernay, Devin",WR,Bust,0,0,0,,5.06,7.53,10.14,7.58,8.84,0.49,1.48,0.98,0,13.5,14.0,0,0,0,-87.0
2020,4,3,14843,,"Bowden, Lynn",RB,Bust,0,0,0,,5.66,0,0,5.66,5.66,,,0,1,15.0,16.1,0,0,0,-100.0
2020,4,4,14851,00-0036382,"Hill, K.J.",WR,Bust,0,0,0,,2.38,1.92,0,2.15,2.15,,,0,1,13.5,14.0,0,0,0,-100.0
2020,4,6,14806,00-0036269,"Perine, Lamical",RB,Bust,0,0,0,,5.25,1.65,0,3.45,3.45,7.0,,7.0,0,15.0,16.1,0,0,0,102.9
2020,4,8,14864,00-0036427,"Johnson, Tyler",WR,Bust,0,0,0,,6.65,5.28,0,5.96,5.96,8.8,5.55,7.18,0,13.5,14.0,0,0,0,20.3
2020,4,9,14863,00-0036340,"Gandy-Golden, Antonio",WR,Bust,0,0,0,,1.75,0,0,1.75,1.75,,,0,1,13.5,14.0,0,0,0,-100.0
2020,4,10,14939,00-0036225,"Keene, Dalton",TE,Bust,0,0,0,,2.0,0,0,2.0,2.0,,,0,1,12.5,12.0,0,0,0,-100.0
2020,4,11,14977,00-0036345,"Osborn, K.J.",WR,Bust,0,0,0,,1.46,10.65,9.86,7.32,10.25,8.0,2.67,5.34,0,13.5,14.0,0,0,0,-27.1
2020,4,12,14857,00-0036233,"Peoples-Jones, Donovan",WR,Contrib,0,1,1,2023,6.59,9.79,12.15,9.51,10.97,1.68,,1.68,0,13.5,14.0,0,0,0,-82.4
2020,5,1,14845,00-0036196,"Davis, Gabriel",WR,Contrib,0,1,1,2023,9.01,10.62,12.74,10.79,11.68,10.09,5.39,7.74,0,13.5,14.0,0,0,0,-28.3
2020,5,2,14779,00-0036355,"Herbert, Justin",QB,Smash,1,1,1,2023,25.01,28.71,21.1,24.94,26.86,18.01,16.17,17.09,0,18.0,17.0,1,1,1,-31.5
2020,5,4,14821,00-0035806,"Hasty, JaMycal",RB,Bust,0,0,0,,5.52,5.12,6.02,5.55,5.77,,2.4,2.4,0,15.0,16.1,0,0,0,-56.8
2020,5,5,14782,00-0036264,"Love, Jordan",QB,Bust,0,1,1,2024,0,6.07,4.12,5.1,5.1,18.73,14.83,16.78,0,18.0,17.0,0,0,0,229.4
2020,5,6,15037,,"Lipscomb, Kalija",WR,Bust,0,0,0,,0,0,0,0,0,,,0,1,13.5,14.0,0,0,0,
2020,5,7,14972,,"Coulter, Isaiah",WR,Bust,0,0,0,,0,0,0,0,0,,,0,1,13.5,14.0,0,0,0,
2020,5,8,14936,00-0036194,"Asiasi, Devin",TE,Bust,0,0,0,,0,0,1.45,1.45,1.45,,,0,1,12.5,12.0,0,0,0,-100.0
2020,5,9,14783,00-0036389,"Hurts, Jalen",QB,Smash,1,1,1,2023;2024,8.66,24.53,31.59,21.59,28.06,20.63,21.66,21.14,0,18.0,17.0,1,1,1,-2.1
2021,1,1,15329,00-0036970,"Pitts, Kyle",TE,Contrib,0,1,1,2023;2024,12.02,7.96,8.84,9.61,10.43,7.72,12.4,10.06,0,12.5,12.0,0,0,0,4.7
2021,1,2,15281,00-0036900,"Chase, Ja'Marr",WR,Smash,1,1,1,2023;2025,20.99,22.06,19.01,20.69,21.52,23.71,19.6,21.65,0,13.5,14.0,1,1,1,4.7
2021,1,3,15254,00-0036893,"Harris, Najee",RB,Smash,1,1,1,2023;2024,18.9,13.22,11.11,14.41,16.06,11.86,3.87,7.86,0,15.0,16.1,0,1,0,-45.4
2021,1,4,15253,00-0036973,"Etienne, Travis",RB,Smash,1,1,1,2024,0,13.32,17.39,15.36,15.36,8.68,15.36,12.02,0,15.0,16.1,1,1,0,-21.7
2021,1,5,15240,00-0037012,"Lance, Trey",QB,Bust,0,1,1,2023,13.58,7.6,0,10.59,10.59,3.19,3.38,3.29,0,18.0,17.0,0,0,0,-69.0
2021,1,6,15284,00-0036613,"Waddle, Jaylen",WR,Smash,1,1,1,2024,17.04,17.27,15.59,16.63,17.16,9.97,12.13,11.05,0,13.5,14.0,1,1,0,-33.5
2021,1,7,15237,00-0036971,"Lawrence, Trevor",QB,Contrib,0,1,1,2024,14.34,22.96,20.33,19.21,21.64,14.52,19.86,17.19,0,18.0,17.0,1,1,1,-10.5
2021,1,8,15257,00-0036984,"Sermon, Trey",RB,Bust,0,0,0,,5.2,2.3,3.52,3.67,4.36,3.59,,3.59,0,15.0,16.1,0,0,0,-2.4
2021,1,9,15256,00-0036997,"Williams, Javonte",RB,Contrib,0,1,1,2024,12.72,10.35,10.65,11.24,11.69,9.12,15.18,12.15,0,15.0,16.1,0,0,0,8.1
2021,1,10,15282,00-0036912,"Smith, DeVonta",WR,Smash,1,1,1,2023;2024,12.17,17.3,15.25,14.91,16.27,14.14,12.04,13.09,0,13.5,14.0,1,1,0,-12.2
2021,1,11,15293,00-0036550,"Bateman, Rashod",WR,Bust,0,1,1,2023,10.69,11.88,5.45,9.34,11.29,11.2,4.26,7.73,0,13.5,14.0,0,0,0,-17.2
2021,1,12,15238,00-0036945,"Fields, Justin",QB,Contrib,0,1,1,2024,12.35,22.02,20.79,18.39,21.41,10.83,15.85,13.34,0,18.0,17.0,1,1,0,-27.4
2021,2,1,15239,00-0037013,"Wilson, Zach",QB,Bust,0,0,0,,12.97,12.52,12.03,12.51,12.75,,0.35,0.35,0,18.0,17.0,0,0,0,-97.2
2021,2,2,15241,00-0036972,"Jones, Mac",QB,Bust,0,1,1,2023,16.76,13.67,15.03,15.15,15.89,9.61,10.91,10.26,0,18.0,17.0,0,0,0,-32.3
2021,2,3,15258,00-0036924,"Carter, Michael",RB,Bust,0,0,0,,11.97,8.13,4.57,8.22,10.05,11.93,7.62,9.77,0,15.0,16.1,0,0,0,18.9
2021,2,4,15289,00-0036913,"Toney, Kadarius",WR,Bust,0,1,1,2023,9.91,6.2,4.52,6.88,8.05,,,0,1,13.5,14.0,0,0,0,-100.0
2021,2,5,15283,00-0036936,"Moore, Rondale",WR,Bust,0,0,0,,9.51,13.13,6.87,9.84,11.32,,,0,1,13.5,14.0,0,0,0,-100.0
2021,2,6,15308,00-0036955,"Marshall, Terrace",WR,Bust,0,0,0,,3.8,7.57,6.8,6.06,7.19,1.42,,1.42,0,13.5,14.0,0,0,0,-76.6
2021,2,7,15288,00-0036980,"Moore, Elijah",WR,Bust,0,0,0,,15.16,7.65,8.84,10.55,12.0,7.11,3.0,5.06,0,13.5,14.0,0,0,0,-52.1
2021,2,8,15287,00-0036963,"St. Brown, Amon-Ra",WR,Smash,1,1,1,2024,14.19,18.54,22.61,18.45,20.57,18.77,19.06,18.91,0,13.5,14.0,1,1,1,2.5
2021,2,9,15297,00-0036991,"Rodgers, Amari",WR,Bust,0,0,0,,1.69,3.68,0,2.69,2.69,,,0,1,13.5,14.0,0,0,0,-100.0
2021,2,10,15259,00-0036875,"Stevenson, Rhamondre",RB,Hit,1,1,1,2023;2024,11.68,15.13,12.33,13.05,13.73,11.73,12.84,12.28,0,15.0,16.1,0,0,0,-5.9
2021,2,11,15255,00-0036919,"Gainwell, Kenneth",RB,Bust,0,0,0,,7.16,5.51,6.15,6.27,6.66,3.45,12.77,8.11,0,15.0,16.1,0,0,0,29.3
2021,2,12,15292,00-0036626,"Brown, Dyami",WR,Bust,0,0,0,,3.9,6.25,3.78,4.64,5.08,6.02,4.52,5.27,0,13.5,14.0,0,0,0,13.4
2021,3,1,15331,00-0036894,"Freiermuth, Pat",TE,Hit,1,1,1,2024,9.83,11.19,8.24,9.75,10.51,9.71,7.28,8.49,0,12.5,12.0,0,0,0,-12.9
2021,3,2,15261,00-0036555,"Hubbard, Chuba",RB,Bust,0,0,0,,8.65,7.47,11.08,9.07,9.87,16.11,9.08,12.59,0,15.0,16.1,0,0,0,38.9
2021,3,3,15319,00-0036988,"Palmer, Josh",WR,Bust,0,1,1,2024,5.97,12.5,11.7,10.06,12.1,7.16,4.36,5.76,0,13.5,14.0,0,0,0,-42.7
2021,3,4,15290,00-0036554,"Collins, Nico",WR,Bust,0,1,1,2024;2025,6.56,10.23,17.81,11.53,14.02,17.78,14.46,16.12,0,13.5,14.0,0,1,1,39.7
2021,3,5,15275,00-0036857,"Evans, Chris",RB,Bust,0,0,0,,4.61,2.31,1.67,2.86,3.46,,,0,1,15.0,16.1,0,0,0,-100.0
2021,3,6,15302,00-0036620,"Eskridge, D'Wayne",WR,Bust,0,0,0,,5.15,2.42,2.1,3.22,3.79,1.48,0.93,1.2,0,13.5,14.0,0,0,0,-62.7
2021,3,7,15243,00-0036946,"Mond, Kellen",QB,Bust,0,0,0,,0.2,0,0,0.2,0.2,,,0,1,18.0,17.0,0,0,0,-100.0
2021,3,9,15271,00-0036906,"Herbert, Khalil",RB,Bust,0,1,1,2023,6.55,10.43,10.22,9.07,10.32,2.86,1.32,2.09,0,15.0,16.1,0,0,0,-76.9
2021,4,2,15263,00-0036567,"Mitchell, Elijah",RB,Contrib,0,0,0,,16.77,6.93,4.35,9.35,11.85,,,0,1,15.0,16.1,0,0,0,-100.0
2021,4,5,15316,,"Powell, Cornell",WR,Bust,0,0,0,,0,0,0,0,0,,,0,1,13.5,14.0,0,0,0,
2021,4,6,15285,00-0036630,"Wallace, Tylan",WR,Bust,0,0,0,,1.5,1.7,3.24,2.15,2.47,3.08,1.32,2.2,0,13.5,14.0,0,0,0,2.4
2021,4,7,15265,00-0036669,"Hill, Kylin",RB,Bust,0,0,0,,1.23,0.9,0,1.06,1.06,,,0,1,15.0,16.1,0,0,0,-100.0
2021,4,8,15262,00-0036670,"Jefferson, Jermar",RB,Bust,0,0,0,,6.52,0,0,6.52,6.52,2.1,,2.1,0,15.0,16.1,0,0,0,-67.8
2021,4,10,15242,00-0036928,"Trask, Kyle",QB,Bust,0,0,0,,0,0,0,0,0,,,0,1,18.0,17.0,0,0,0,
2021,4,11,15296,00-0036999,"Schwartz, Anthony",WR,Bust,0,0,0,,4.27,4.22,0,4.24,4.24,,,0,1,13.5,14.0,0,0,0,-100.0
2021,5,2,15268,,"Hawkins, Javian",RB,Bust,0,0,0,,0,0,0,0,0,,,0,1,15.0,16.1,0,0,0,
2021,5,3,15317,,"Stevenson, Marquez",WR,Bust,0,0,0,,2.18,0,0,2.18,2.18,,,0,1,13.5,14.0,0,0,0,-100.0
2021,5,4,15301,00-0036849,"Atwell, Tutu",WR,Bust,0,0,0,,1.0,6.07,9.69,5.59,7.88,6.36,3.9,5.13,0,13.5,14.0,0,0,0,-8.2
2021,5,5,15266,,"Williams, Pooka",RB,Bust,0,0,0,,1.3,0,0,1.3,1.3,,,0,1,15.0,16.1,0,0,0,-100.0
2021,5,6,15252,00-0036898,"Mills, Davis",QB,Bust,0,0,0,,15.35,12.96,8.03,12.11,14.16,2.4,11.43,6.91,0,18.0,17.0,0,0,0,-42.9
2021,5,7,15260,00-0036755,"Patterson, Jaret",RB,Bust,0,0,0,,4.4,1.8,0,3.1,3.1,,3.67,3.67,0,15.0,16.1,0,0,0,18.4
2021,5,8,15272,00-0036650,"Rountree, Larry",RB,Bust,0,0,0,,2.26,3.8,0,3.03,3.03,,,0,1,15.0,16.1,0,0,0,-100.0
2021,5,10,15325,00-0036254,"Johnson, Cade",WR,Bust,0,0,0,,0,0,0,0,0,0.27,,0.27,0,13.5,14.0,0,0,0,
2021,5,11,15334,00-0037004,"Long, Hunter",TE,Bust,0,0,0,,1.8,1.0,0.5,1.1,1.4,1.78,4.64,3.21,0,12.5,12.0,0,0,0,191.7
2021,5,12,15321,00-0036877,"Darden, Jaelon",WR,Bust,0,0,0,,3.25,1.98,3.1,2.78,3.17,0.15,,0.15,0,13.5,14.0,0,0,0,-94.8
