franchise,player,pos,status,gtd_before,gtd_after,before_contractInfo,after_contractInfo
Blake Bombers,"Anderson, Will",DE,Vet-MYM,—,2K,CL 3| TCV 3K| AAV 1K,"CL 3| TCV 3K| AAV 1K| Y1-1K, Y2-1K, Y3-1K| GTD: 2K"
Blake Bombers,"Barner, AJ",TE,Vet-FAA,—,1K,CL 2| TCV 2K| AAV 1K,"CL 2| TCV 2K| AAV 1K| Y1-1K, Y2-1K| GTD: 1K"
Blake Bombers,"Brissett, Jacoby",QB,Tag,12K,12K,CL 1| TCV 16K| AAV 16K| GTD 12K| Tag| Tier 3| Formula: Avg Top 16-24 QB AAV,CL 1| TCV 16K| AAV 16K| GTD: 12K| Tag| Tier 3| Formula: Avg Top 16-24 QB AAV
Blake Bombers,"Bryant, Pat",WR,Rookie-Draft,—,4.5K,CL 3| TCV 6K| AAV 2K,"CL 3| TCV 6K| AAV 2K| Y1-2K, Y2-2K, Y3-2K| GTD: 4.5K"
Blake Bombers,"Corum, Blake",RB,Rookie-Draft,—,11.3K,CL 3| TCV 15K| AAV 5K,"CL 3| TCV 15K| AAV 5K| Y1-5K, Y2-5K, Y3-5K| GTD: 11.3K"
Blake Bombers,"Dowdle, Rico",RB,Vet-Ext1,—,9K,CL 2| TCV 12K| AAV 11K| Ext: Blake,"CL 2| TCV 12K| AAV 11K| Y1-1K, Y2-11K| GTD: 9K| Ext: Blake"
Blake Bombers,"Ferguson, Terrance",TE,Rookie-Draft,—,4.5K,CL 3| TCV 6K| AAV 2K,"CL 3| TCV 6K| AAV 2K| Y1-2K, Y2-2K, Y3-2K| GTD: 4.5K"
Blake Bombers,"Godwin, Chris",WR,Vet-FAA,—,15K,CL 2| TCV 20K| AAV 10K,"CL 2| TCV 20K| AAV 10K| Y1-10K, Y2-10K| GTD: 15K"
Blake Bombers,"Golden, Matthew",WR,Rookie-Draft,—,11.3K,CL 3| TCV 15K| AAV 5K,"CL 3| TCV 15K| AAV 5K| Y1-5K, Y2-5K, Y3-5K| GTD: 11.3K"
Blake Bombers,"Hampton, Omarion",RB,Rookie-Draft,—,29.3K,CL 3| TCV 39K| AAV 13K | Option Eligible,"CL 3| TCV 39K| AAV 13K| Y1-13K, Y2-13K, Y3-13K, Y4-18K Option| GTD: 29.3K"
Blake Bombers,"Hendrickson, Trey",DE,Vet-FAA,—,4.5K,CL 2| TCV 6K| AAV 3K,"CL 2| TCV 6K| AAV 3K| Y1-3K, Y2-3K| GTD: 4.5K"
Blake Bombers,"Henley, Daiyan",LB,Vet-FAA,—,1K,CL 2| TCV 4K| AAV 2K,"CL 2| TCV 4K| AAV 2K| Y1-2K, Y2-2K| GTD: 1K"
Blake Bombers,"Hunter, Jarquez",RB,Rookie-Draft,—,4.5K,CL 3| TCV 6K| AAV 2K,"CL 3| TCV 6K| AAV 2K| Y1-2K, Y2-2K, Y3-2K| GTD: 4.5K"
Blake Bombers,"Judkins, Quinshon",RB,Rookie-Draft,—,18K,CL 3| TCV 24K| AAV 8K | Option Eligible,"CL 3| TCV 24K| AAV 8K| Y1-8K, Y2-8K, Y3-8K, Y4-13K Option| GTD: 18K"
Blake Bombers,"McLaurin, Terry",WR,Vet-FAA,—,42.8K,CL 3| TCV 57K| AAV 19K,"CL 3| TCV 57K| AAV 19K| Y1-19K, Y2-19K, Y3-19K| GTD: 42.8K"
Blake Bombers,"Purdy, Brock",QB,Vet-FAA-FL,—,63K,"CL 3| TCV 84K| AAV 28K| Y1-40K, Y2-22K, Y3-22K|","CL 3| TCV 84K| AAV 28K| Y1-40K, Y2-22K, Y3-22K| GTD: 63K"
Blake Bombers,"Shaheed, Rashid",WR,Vet-ERA,—,15.8K,"CL 3| TCV 21K| AAV 7K| Y1-7K, Y2-7K, Y3-7K","CL 3| TCV 21K| AAV 7K| Y1-7K, Y2-7K, Y3-7K| GTD: 15.8K"
Blake Bombers,"Strange, Brenton",TE,Vet-FAA,—,4.5K,CL 3| TCV 6K| AAV 2K,"CL 3| TCV 6K| AAV 2K| Y1-2K, Y2-2K, Y3-2K| GTD: 4.5K"
Blake Bombers,"Tuten, Bhayshul",RB,Rookie-Draft,—,11.3K,CL 3| TCV 15K| AAV 5K,"CL 3| TCV 15K| AAV 5K| Y1-5K, Y2-5K, Y3-5K| GTD: 11.3K"
Blake Bombers,"Walker, Quay",LB,Vet-MYM,—,1K,CL 2| TCV 2K| AAV 1K,"CL 2| TCV 2K| AAV 1K| Y1-1K, Y2-1K| GTD: 1K"
Blake Bombers,"Ward, Cam",QB,Rookie-Draft,—,22.5K,CL 3| TCV 30K| AAV 10K | Option Eligible,"CL 3| TCV 30K| AAV 10K| Y1-10K, Y2-10K, Y3-10K, Y4-15K Option| GTD: 22.5K"
Blake Bombers,"Watts, Xavier",S,Rookie-MYM,—,2K,CL 3| TCV 3K| AAV 1K,"CL 3| TCV 3K| AAV 1K| Y1-1K, Y2-1K, Y3-1K| GTD: 2K"
C-Town Chivalry,"Ayomanor, Elic",WR,Rookie-Draft,—,4.5K,CL 3| TCV 6K| AAV 2K,"CL 3| TCV 6K| AAV 2K| Y1-2K, Y2-2K, Y3-2K| GTD: 4.5K"
C-Town Chivalry,"Bowers, Brock",TE,Rookie-Draft,—,20.3K,CL 3| TCV 27K| AAV 9K,"CL 3| TCV 27K| AAV 9K| Y1-9K, Y2-9K, Y3-9K| GTD: 20.3K"
C-Town Chivalry,"Cook, James",RB,Vet-Ext2,—,45.8K,"CL 3| TCV 61K| AAV 27K| Y1-7, Y2-27, Y3-27| Ext: CBP","CL 3| TCV 61K| AAV 27K| Y1-7, Y2-27, Y3-27| GTD: 45.8K| Ext: CBP"
C-Town Chivalry,"Daniels, Jayden",QB,Rookie-Draft,—,27K,CL 3| TCV 36K| AAV 12K,"CL 3| TCV 36K| AAV 12K| Y1-12K, Y2-12K, Y3-12K| GTD: 27K"
C-Town Chivalry,"Davis, Isaiah",RB,Vet-ERA,—,2K,CL 3| TCV 3K| AAV 1K,"CL 3| TCV 3K| AAV 1K| Y1-1K, Y2-1K, Y3-1K| GTD: 2K"
C-Town Chivalry,"Davis, Ray",RB,Rookie-Draft,—,4.5K,CL 3| TCV 6K| AAV 2K,"CL 3| TCV 6K| AAV 2K| Y1-2K, Y2-2K, Y3-2K| GTD: 4.5K"
C-Town Chivalry,"Hall, Breece",RB,Vet-Ext2,—,52.5K,"CL 2| TCV 70K| AAV 35K| Y1-35K, Y2-35K| Ext: Blake","CL 2| TCV 70K| AAV 35K| Y1-35K, Y2-35K| GTD: 52.5K| Ext: Blake"
C-Town Chivalry,"Higgins, Tee",WR,Vet-Ext1,—,36K,"CL 2| TCV 48K| AAV 47K| Y1-24, Y2-24| Ext: Mafia, LH, C-Town| restructure: 2025","CL 2| TCV 48K| AAV 47K| Y1-24, Y2-24| GTD: 36K| Ext: Mafia, LH, C-Town| restructure: 2025"
C-Town Chivalry,"Lake, Quentin",S,Vet-MYM,—,2K,"CL 3| TCV 3K| AAV 1K| Y1-1, Y2-1, Y3-1","CL 3| TCV 3K| AAV 1K| Y1-1, Y2-1, Y3-1| GTD: 2K"
C-Town Chivalry,"London, Drake",WR,Vet-Ext2-BL,—,49.5K,"CL 2| TCV 66K| AAV 33K| Y1-14, Y2-52| Ext: PG| restructure: 2025","CL 2| TCV 66K| AAV 33K| Y1-14, Y2-52| GTD: 49.5K| Ext: PG| restructure: 2025"
C-Town Chivalry,"McKinney, Xavier",S,Vet-FAA,—,2K,"CL 3| TCV 3K| AAV 1K| Y1-1, Y2-1, Y3-1","CL 3| TCV 3K| AAV 1K| Y1-1, Y2-1, Y3-1| GTD: 2K"
C-Town Chivalry,"Milroe, Jalen",QB,Rookie-Draft,—,11.3K,CL 3| TCV 15K| AAV 5K,"CL 3| TCV 15K| AAV 5K| Y1-5K, Y2-5K, Y3-5K| GTD: 11.3K"
C-Town Chivalry,"Pickens, George",WR,Tag,38.3K,38.3K,CL 1| TCV 51K| AAV 51K| GTD 38.3K| Tag| Tier 1| Formula: Avg Top 1-6 WR AAV,CL 1| TCV 51K| AAV 51K| GTD: 38.3K| Tag| Tier 1| Formula: Avg Top 1-6 WR AAV
C-Town Chivalry,"Pollard, Tony",RB,Vet-Ext1,—,40.5K,"CL 2| TCV 54K| AAV 27K| Y1-27K, Y2-27K| Ext: C-Town","CL 2| TCV 54K| AAV 27K| Y1-27K, Y2-27K| GTD: 40.5K| Ext: C-Town"
C-Town Chivalry,"Smith-Njigba, Jaxon",WR,Vet-Ext2-FL,—,52.5K,"CL 3| TCV 70K| AAV 30K| Y1-14K, Y2-1K, Y3-55K| Ext: C-Town| restructure: 2025","CL 3| TCV 70K| AAV 30K| Y1-14K, Y2-1K, Y3-55K| GTD: 52.5K| Ext: C-Town| restructure: 2025"
C-Town Chivalry,"Stutsman, Danny",LB,Rookie-Draft,—,2K,CL 3| TCV 3K| AAV 1K,"CL 3| TCV 3K| AAV 1K| Y1-1K, Y2-1K, Y3-1K| GTD: 2K"
C-Town Chivalry,"Tagovailoa, Tua",QB,Vet-Ext2-FL,—,87K,CL 3| TCV 116K| AAV 49K| Y1-86 Y2-15 Y3-15| Ext: C-Town,CL 3| TCV 116K| AAV 49K| Y1-86 Y2-15 Y3-15| GTD: 87K| Ext: C-Town
C-Town Chivalry,"Taylor, Tory",PN,Rookie-Draft,—,2K,CL 3| TCV 3K| AAV 1K,"CL 3| TCV 3K| AAV 1K| Y1-1K, Y2-1K, Y3-1K| GTD: 2K"
C-Town Chivalry,"Tracy, Tyrone",RB,Rookie-Draft,—,4.5K,CL 3| TCV 6K| AAV 2K,"CL 3| TCV 6K| AAV 2K| Y1-2K, Y2-2K, Y3-2K| GTD: 4.5K"
C-Town Chivalry,"Wright, Jaylen",RB,Rookie-Draft,—,11.3K,CL 3| TCV 15K| AAV 5K,"CL 3| TCV 15K| AAV 5K| Y1-5K, Y2-5K, Y3-5K| GTD: 11.3K"
CBP,"Collins, Nico",WR,Vet-Ext2-BL,—,82.5K,"CL 3| TCV 110K| AAV 42K|Y1-16K, Y2-47K, Y3-47K|  Ext: C-Town, CBP","CL 3| TCV 110K| AAV 42K|Y1-16K, Y2-47K, Y3-47K| GTD: 82.5K| Ext: C-Town, CBP"
CBP,"Egbuka, Emeka",WR,Rookie-Draft,—,11.3K,CL 3| TCV 15K| AAV 5K,"CL 3| TCV 15K| AAV 5K| Y1-5K, Y2-5K, Y3-5K| GTD: 11.3K"
CBP,"Gabriel, Dillon",QB,Rookie-Draft,—,4.5K,CL 3| TCV 6K| AAV 2K,"CL 3| TCV 6K| AAV 2K| Y1-2K, Y2-2K, Y3-2K| GTD: 4.5K"
CBP,"Howard, Will",QB,Rookie-Draft,—,4.5K,CL 3| TCV 6K| AAV 2K,"CL 3| TCV 6K| AAV 2K| Y1-2K, Y2-2K, Y3-2K| GTD: 4.5K"
CBP,"Kmet, Cole",TE,Vet-FAA-FL,—,20.3K,"CL 3| TCV 27K| AAV 9K| Y1-20, Y2-1, Y3-6","CL 3| TCV 27K| AAV 9K| Y1-20, Y2-1, Y3-6| GTD: 20.3K"
CBP,"Love, Jordan",QB,Vet-Ext2,—,32.3K,"CL 3| TCV 43K| AAV 21K| Y1-1, Y2-21, Y3-21| Ext: PG","CL 3| TCV 43K| AAV 21K| Y1-1, Y2-21, Y3-21| GTD: 32.3K| Ext: PG"
CBP,"Mitchell, Keaton",RB,Vet-WW,—,2K,CL 3| TCV 3K| AAV 1K,"CL 3| TCV 3K| AAV 1K| Y1-1K, Y2-1K, Y3-1K| GTD: 2K"
CBP,"Pearsall, Ricky",WR,Rookie-Draft,—,11.3K,CL 3| TCV 15K| AAV 5K,"CL 3| TCV 15K| AAV 5K| Y1-5K, Y2-5K, Y3-5K| GTD: 11.3K"
CBP,"Rattler, Spencer",QB,Rookie-Draft,—,4.5K,CL 3| TCV 6K| AAV 2K,"CL 3| TCV 6K| AAV 2K| Y1-2K, Y2-2K, Y3-2K| GTD: 4.5K"
CBP,"Shough, Tyler",QB,Rookie-Draft,—,11.3K,CL 3| TCV 15K| AAV 5K,"CL 3| TCV 15K| AAV 5K| Y1-5K, Y2-5K, Y3-5K| GTD: 11.3K"
CBP,"Verse, Jared",DE,Rookie-Draft,—,2K,CL 3| TCV 3K| AAV 1K,"CL 3| TCV 3K| AAV 1K| Y1-1K, Y2-1K, Y3-1K| GTD: 2K"
CBP,"Wilson, Garrett",WR,Vet-Ext2-BL,—,51K,"CL 2| TCV 68K| AAV 34K| Y1-24, Y2-44| Ext: CBP","CL 2| TCV 68K| AAV 34K| Y1-24, Y2-44| GTD: 51K| Ext: CBP"
CBP,"Wilson, Roman",WR,Rookie-Draft,—,4.5K,CL 3| TCV 6K| AAV 2K,"CL 3| TCV 6K| AAV 2K| Y1-2K, Y2-2K, Y3-2K| GTD: 4.5K"
Cleon Ca$h,"Arroyo, Elijah",TE,Rookie-Draft,—,4.5K,CL 3| TCV 6K| AAV 2K,"CL 3| TCV 6K| AAV 2K| Y1-2K, Y2-2K, Y3-2K| GTD: 4.5K"
Cleon Ca$h,"Dart, Jaxson",QB,Rookie-Draft,—,20.3K,CL 3| TCV 27K| AAV 9K | Option Eligible,"CL 3| TCV 27K| AAV 9K| Y1-9K, Y2-9K, Y3-9K, Y4-14K Option| GTD: 20.3K"
Cleon Ca$h,"Harris, Tre",WR,Rookie-Draft,—,11.3K,CL 3| TCV 15K| AAV 5K,"CL 3| TCV 15K| AAV 5K| Y1-5K, Y2-5K, Y3-5K| GTD: 11.3K"
Cleon Ca$h,"Herbert, Justin",QB,Vet-FAA-FL,—,114.8K,"CL 3| TCV 153K| AAV 51K| Y1-61, Y2-51, Y3-41","CL 3| TCV 153K| AAV 51K| Y1-61, Y2-51, Y3-41| GTD: 114.8K"
Cleon Ca$h,"Jeudy, Jerry",WR,Vet-FAA-FL,—,6.8K,"CL 3| TCV 9K| AAV 3K| Y1-7, Y2-1, Y3-1","CL 3| TCV 9K| AAV 3K| Y1-7, Y2-1, Y3-1| GTD: 6.8K"
Cleon Ca$h,"Lamb, CeeDee",WR,Vet-Ext2,—,129K,"CL 3| TCV 172K| AAV 64K| Y1- 44K Y2- 64K Y3- 64K| Ext: L.A. Looks, Cleon","CL 3| TCV 172K| AAV 64K| Y1- 44K Y2- 64K Y3- 64K| GTD: 129K| Ext: L.A. Looks, Cleon"
Cleon Ca$h,"Loveland, Colston",TE,Rookie-Draft,—,11.3K,CL 3| TCV 15K| AAV 5K,"CL 3| TCV 15K| AAV 5K| Y1-5K, Y2-5K, Y3-5K| GTD: 11.3K"
Cleon Ca$h,"McCarthy, J.J.",QB,Rookie-Draft,—,24.8K,CL 3| TCV 33K| AAV 11K,"CL 3| TCV 33K| AAV 11K| Y1-11K, Y2-11K, Y3-11K| GTD: 24.8K"
Cleon Ca$h,"McMillan, Jalen",WR,Rookie-Draft,—,4.5K,CL 3| TCV 6K| AAV 2K,"CL 3| TCV 6K| AAV 2K| Y1-2K, Y2-2K, Y3-2K| GTD: 4.5K"
Cleon Ca$h,"Nabers, Malik",WR,Rookie-Draft,—,29.3K,CL 3| TCV 39K| AAV 13K,"CL 3| TCV 39K| AAV 13K| Y1-13K, Y2-13K, Y3-13K| GTD: 29.3K"
Cleon Ca$h,"Robinson, Wan'Dale",WR,Vet-Ext1,—,25.5K,"CL 2| TCV 34K| AAV 22K| Y1-12K, Y2-22K| Ext: Blake, LH","CL 2| TCV 34K| AAV 22K| Y1-12K, Y2-22K| GTD: 25.5K| Ext: Blake, LH"
Cleon Ca$h,"Royals, Jalen",WR,Rookie-Draft,—,4.5K,CL 3| TCV 6K| AAV 2K,"CL 3| TCV 6K| AAV 2K| Y1-2K, Y2-2K, Y3-2K| GTD: 4.5K"
Cleon Ca$h,"Shakir, Khalil",WR,Vet-ERA-BL,—,42.8K,"CL 3| TCV 57K| AAV 19K| Y1-14K, Y2-25K, Y3-18K","CL 3| TCV 57K| AAV 19K| Y1-14K, Y2-25K, Y3-18K| GTD: 42.8K"
Cleon Ca$h,"Smith, Roquan",LB,Vet-FAA-FL,—,9K,"CL 3| TCV 12K| AAV 4K| Y1-8, Y2-3, Y3-1","CL 3| TCV 12K| AAV 4K| Y1-8, Y2-3, Y3-1| GTD: 9K"
Cleon Ca$h,"Starks, Malaki",S,Rookie-Draft,—,4.5K,CL 3| TCV 6K| AAV 2K,"CL 3| TCV 6K| AAV 2K| Y1-2K, Y2-2K, Y3-2K| GTD: 4.5K"
Cleon Ca$h,"TeSlaa, Isaac",WR,Rookie-Draft,—,4.5K,CL 3| TCV 6K| AAV 2K,"CL 3| TCV 6K| AAV 2K| Y1-2K, Y2-2K, Y3-2K| GTD: 4.5K"
Cleon Ca$h,"Trice, Bralen",DE,Rookie-Draft,—,2K,CL 3| TCV 3K| AAV 1K,"CL 3| TCV 3K| AAV 1K| Y1-1K, Y2-1K, Y3-1K| GTD: 2K"
Cleon Ca$h,"Walker, Devontez",WR,Rookie-Draft,—,4.5K,CL 3| TCV 6K| AAV 2K,"CL 3| TCV 6K| AAV 2K| Y1-2K, Y2-2K, Y3-2K| GTD: 4.5K"
Cleon Ca$h,"Walker, Travon",DE,Vet-MYM,—,2K,"CL 3| TCV 3K| AAV 1K| Y1-1, Y2-1, Y3-1","CL 3| TCV 3K| AAV 1K| Y1-1, Y2-1, Y3-1| GTD: 2K"
Cleon Ca$h,"Williams, Mykel",DE,Rookie-Draft,—,4.5K,CL 3| TCV 6K| AAV 2K,"CL 3| TCV 6K| AAV 2K| Y1-2K, Y2-2K, Y3-2K| GTD: 4.5K"
Gride,"Bech, Jack",WR,Rookie-Draft,—,11.3K,CL 3| TCV 15K| AAV 5K,"CL 3| TCV 15K| AAV 5K| Y1-5K, Y2-5K, Y3-5K| GTD: 11.3K"
Gride,"Coker, Jalen",WR,Rookie-MYM,—,2K,"CL 3| TCV 3K| AAV 1K| Y1-1, Y2-1, Y3-1","CL 3| TCV 3K| AAV 1K| Y1-1, Y2-1, Y3-1| GTD: 2K"
Gride,"Darnold, Sam",QB,Vet-FAA,—,27K,CL 2| TCV 36K| AAV 18K,"CL 2| TCV 36K| AAV 18K| Y1-18K, Y2-18K| GTD: 27K"
Gride,"Etienne, Trevor",RB,Rookie-Draft,—,4.5K,CL 3| TCV 6K| AAV 2K,"CL 3| TCV 6K| AAV 2K| Y1-2K, Y2-2K, Y3-2K| GTD: 4.5K"
Gride,"Giddens, DJ",RB,Rookie-Draft,—,4.5K,CL 3| TCV 6K| AAV 2K,"CL 3| TCV 6K| AAV 2K| Y1-2K, Y2-2K, Y3-2K| GTD: 4.5K"
Gride,"Graham, Mason",DT,Rookie-Draft,—,2K,CL 3| TCV 3K| AAV 1K,"CL 3| TCV 3K| AAV 1K| Y1-1K, Y2-1K, Y3-1K| GTD: 2K"
Gride,"Monangai, Kyle",RB,Rookie-Draft,—,4.5K,CL 3| TCV 6K| AAV 2K,"CL 3| TCV 6K| AAV 2K| Y1-2K, Y2-2K, Y3-2K| GTD: 4.5K"
Gride,"Moore, D.J.",WR,Vet-FAA,—,31.5K,CL 2| TCV 42K| AAV 21K,"CL 2| TCV 42K| AAV 21K| Y1-21K, Y2-21K| GTD: 31.5K"
Gride,"Neal, Devin",RB,Rookie-Draft,—,4.5K,CL 3| TCV 6K| AAV 2K,"CL 3| TCV 6K| AAV 2K| Y1-2K, Y2-2K, Y3-2K| GTD: 4.5K"
Gride,"Njoku, David",TE,Vet-FAA,—,40.5K,CL 2| TCV 54K| AAV 27K,"CL 2| TCV 54K| AAV 27K| Y1-27K, Y2-27K| GTD: 40.5K"
Gride,"Pittman, Michael",WR,Vet-Ext2,—,86.3K,CL 3| TCV 115K| AAV 45K| Y1-25K Y2-45K Y3-45K| Ext: PG,CL 3| TCV 115K| AAV 45K| Y1-25K Y2-45K Y3-45K| GTD: 86.3K| Ext: PG
Gride,"Rice, Brenden",WR,Rookie-Draft,—,4.5K,CL 3| TCV 6K| AAV 2K,"CL 3| TCV 6K| AAV 2K| Y1-2K, Y2-2K, Y3-2K| GTD: 4.5K"
Gride,"Samuel, Deebo",WR,Vet-FAA,—,18K,CL 3| TCV 24K| AAV 8K,"CL 3| TCV 24K| AAV 8K| Y1-8K, Y2-8K, Y3-8K| GTD: 18K"
Gride,"Skattebo, Cam",RB,Rookie-Draft,—,11.3K,CL 3| TCV 15K| AAV 5K,"CL 3| TCV 15K| AAV 5K| Y1-5K, Y2-5K, Y3-5K| GTD: 11.3K"
Gride,"Vidal, Kimani",RB,Rookie-Draft,—,4.5K,CL 3| TCV 6K| AAV 2K,"CL 3| TCV 6K| AAV 2K| Y1-2K, Y2-2K, Y3-2K| GTD: 4.5K"
Gride,"Wilson, Payton",LB,Rookie-Draft,—,2K,CL 3| TCV 3K| AAV 1K,"CL 3| TCV 3K| AAV 1K| Y1-1K, Y2-1K, Y3-1K| GTD: 2K"
HammerTime 🔨 ⏰,"Addison, Jordan",WR,Vet-Ext1,—,18K,CL 2| TCV 24K| AAV 17K| Ext: LH,"CL 2| TCV 24K| AAV 17K| Y1-7K, Y2-17K| GTD: 18K| Ext: LH"
HammerTime 🔨 ⏰,"Bateman, Rashod",WR,Vet-FAA,—,11.3K,CL 3| TCV 15K| AAV 5K,"CL 3| TCV 15K| AAV 5K| Y1-5K, Y2-5K, Y3-5K| GTD: 11.3K"
HammerTime 🔨 ⏰,"Burden, Luther",WR,Rookie-Draft,—,11.3K,CL 3| TCV 15K| AAV 5K | Option Eligible,"CL 3| TCV 15K| AAV 5K| Y1-5K, Y2-5K, Y3-5K, Y4-10K Option| GTD: 11.3K"
HammerTime 🔨 ⏰,"Campbell, Jack",LB,Vet-MYM,—,6.8K,"CL 3| TCV 9K| AAV 3K| Y1-3, Y2-3, Y3-3","CL 3| TCV 9K| AAV 3K| Y1-3, Y2-3, Y3-3| GTD: 6.8K"
HammerTime 🔨 ⏰,"Franklin, Troy",WR,Rookie-Draft,—,11.3K,CL 3| TCV 15K| AAV 5K,"CL 3| TCV 15K| AAV 5K| Y1-5K, Y2-5K, Y3-5K| GTD: 11.3K"
HammerTime 🔨 ⏰,"Gray, Cedric",LB,Rookie-Draft,—,2K,CL 3| TCV 3K| AAV 1K,"CL 3| TCV 3K| AAV 1K| Y1-1K, Y2-1K, Y3-1K| GTD: 2K"
HammerTime 🔨 ⏰,"Hockenson, T.J.",TE,Vet-MYM,—,24.8K,"CL 3| TCV 33K| AAV 11K| Y1-11K, Y2-11K, Y3-11K| GTD: 24750","CL 3| TCV 33K| AAV 11K| Y1-11K, Y2-11K, Y3-11K| GTD: 24.8K| GTD: 24750"
HammerTime 🔨 ⏰,"Laube, Dylan",RB,Rookie-Draft,—,4.5K,CL 3| TCV 6K| AAV 2K,"CL 3| TCV 6K| AAV 2K| Y1-2K, Y2-2K, Y3-2K| GTD: 4.5K"
HammerTime 🔨 ⏰,"McBride, Trey",TE,Vet-Ext2-BL,—,33K,"CL 2| TCV 44K| AAV 22K| Y1-9K, Y2-35K| Ext: Hammer","CL 2| TCV 44K| AAV 22K| Y1-9K, Y2-35K| GTD: 33K| Ext: Hammer"
HammerTime 🔨 ⏰,"McConkey, Ladd",WR,Rookie-Draft,—,11.3K,CL 3| TCV 15K| AAV 5K,"CL 3| TCV 15K| AAV 5K| Y1-5K, Y2-5K, Y3-5K| GTD: 11.3K"
HammerTime 🔨 ⏰,"Murphy, Byron",DT,Rookie-Draft,—,2K,CL 3| TCV 3K| AAV 1K,"CL 3| TCV 3K| AAV 1K| Y1-1K, Y2-1K, Y3-1K| GTD: 2K"
HammerTime 🔨 ⏰,"Penix Jr., Michael",QB,Rookie-Draft,—,11.3K,CL 3| TCV 15K| AAV 5K,"CL 3| TCV 15K| AAV 5K| Y1-5K, Y2-5K, Y3-5K| GTD: 11.3K"
HammerTime 🔨 ⏰,"Richardson, Anthony",QB,Vet-WW,—,24.8K,CL 3| TCV 33K| AAV 11K,"CL 3| TCV 33K| AAV 11K| Y1-11K, Y2-11K, Y3-11K| GTD: 24.8K"
HammerTime 🔨 ⏰,"Sinnott, Ben",TE,Rookie-Draft,—,4.5K,CL 3| TCV 6K| AAV 2K,"CL 3| TCV 6K| AAV 2K| Y1-2K, Y2-2K, Y3-2K| GTD: 4.5K"
HammerTime 🔨 ⏰,"Smith, Ainias",WR,Rookie-Draft,—,4.5K,CL 3| TCV 6K| AAV 2K,"CL 3| TCV 6K| AAV 2K| Y1-2K, Y2-2K, Y3-2K| GTD: 4.5K"
HammerTime 🔨 ⏰,"Smith, Geno",QB,Vet-FAA-BL,—,33.8K,"CL 3| TCV 45K| AAV 15K| Y1-9K, Y2-1K, Y3-35K","CL 3| TCV 45K| AAV 15K| Y1-9K, Y2-1K, Y3-35K| GTD: 33.8K"
HammerTime 🔨 ⏰,"Smith, Jonnu",TE,Vet-FAA,—,13.5K,"CL 3| TCV 18K| AAV 6K| Y1-6K, Y2-6K, Y3-6K","CL 3| TCV 18K| AAV 6K| Y1-6K, Y2-6K, Y3-6K| GTD: 13.5K"
HammerTime 🔨 ⏰,"Stover, Cade",TE,Rookie-Draft,—,4.5K,CL 3| TCV 6K| AAV 2K,"CL 3| TCV 6K| AAV 2K| Y1-2K, Y2-2K, Y3-2K| GTD: 4.5K"
HammerTime 🔨 ⏰,"Taylor, Mason",TE,Rookie-Draft,—,4.5K,CL 3| TCV 6K| AAV 2K,"CL 3| TCV 6K| AAV 2K| Y1-2K, Y2-2K, Y3-2K| GTD: 4.5K"
HammerTime 🔨 ⏰,"Walker, Jalon",DE,Rookie-Draft,—,2K,CL 3| TCV 3K| AAV 1K,"CL 3| TCV 3K| AAV 1K| Y1-1K, Y2-1K, Y3-1K| GTD: 2K"
HammerTime 🔨 ⏰,"Williams, Javonte",RB,Tag,22.5K,22.5K,CL 1| TCV 30K| AAV 30K| GTD 22.5K| Tag| Tier 3| Formula: Avg Top 9-31 RB AAV | 10% AAV floor (rounded up to $1K) | 10% AAV floor (rounded up to $1K),CL 1| TCV 30K| AAV 30K| GTD: 22.5K| Tag| Tier 3| Formula: Avg Top 9-31 RB AAV | 10% AAV floor (rounded up to $1K) | 10% AAV floor (rounded up to $1K)
Hawks,"Allen, LeQuint",RB,Rookie-Draft,—,4.5K,CL 3| TCV 6K| AAV 2K,"CL 3| TCV 6K| AAV 2K| Y1-2K, Y2-2K, Y3-2K| GTD: 4.5K"
Hawks,"Brown, Marquise",WR,Vet-FAA,—,18K,"CL 3| TCV 24K| AAV 8K| Y1-8, Y2-8, Y3-8","CL 3| TCV 24K| AAV 8K| Y1-8, Y2-8, Y3-8| GTD: 18K"
Hawks,"Bullard, Javon",S,Rookie-Draft,—,2K,CL 3| TCV 3K| AAV 1K,"CL 3| TCV 3K| AAV 1K| Y1-1K, Y2-1K, Y3-1K| GTD: 2K"
Hawks,"Carter, Abdul",DE,Rookie-Draft,—,4.5K,CL 3| TCV 6K| AAV 2K,"CL 3| TCV 6K| AAV 2K| Y1-2K, Y2-2K, Y3-2K| GTD: 4.5K"
Hawks,"Corley, Malachi",WR,Rookie-Draft,—,4.5K,CL 3| TCV 6K| AAV 2K,"CL 3| TCV 6K| AAV 2K| Y1-2K, Y2-2K, Y3-2K| GTD: 4.5K"
Hawks,"Dike, Chimere",WR,Rookie-MYM,—,11.3K,CL 3| TCV 15K| AAV 5K,"CL 3| TCV 15K| AAV 5K| Y1-5K, Y2-5K, Y3-5K| GTD: 11.3K"
Hawks,"Dobbins, J.K.",RB,Vet-FAA,—,20.3K,"CL 3| TCV 27K| AAV 9K| Y1-9, Y2-9, Y3-9","CL 3| TCV 27K| AAV 9K| Y1-9, Y2-9, Y3-9| GTD: 20.3K"
Hawks,"Evans, Mike",WR,Vet-FAA,—,54K,"CL 3| TCV 72K| AAV 24K| Y1-24, Y2-24, Y3-24","CL 3| TCV 72K| AAV 24K| Y1-24, Y2-24, Y3-24| GTD: 54K"
Hawks,"Harvey, RJ",RB,Rookie-Draft,—,24.8K,CL 3| TCV 33K| AAV 11K | Option Eligible,"CL 3| TCV 33K| AAV 11K| Y1-11K, Y2-11K, Y3-11K, Y4-16K Option| GTD: 24.8K"
Hawks,"Johnson, Kaleb",RB,Rookie-Draft,—,13.5K,CL 3| TCV 18K| AAV 6K | Option Eligible,"CL 3| TCV 18K| AAV 6K| Y1-6K, Y2-6K, Y3-6K, Y4-11K Option| GTD: 13.5K"
Hawks,"Jones, Marcus",CB,Vet-MYM,—,2K,"CL 3| TCV 3K| AAV 1K| Y1-1, Y2-1, Y3-1","CL 3| TCV 3K| AAV 1K| Y1-1, Y2-1, Y3-1| GTD: 2K"
Hawks,"Kincaid, Dalton",TE,Vet-Ext2,—,50.3K,CL 3| TCV 67K| AAV 29K| Ext: PG,"CL 3| TCV 67K| AAV 29K| Y1-9K, Y2-29K, Y3-29K| GTD: 50.3K| Ext: PG"
Hawks,"Lane, Jaylin",WR,Rookie-Draft,—,4.5K,CL 3| TCV 6K| AAV 2K,"CL 3| TCV 6K| AAV 2K| Y1-2K, Y2-2K, Y3-2K| GTD: 4.5K"
Hawks,"Martin, Nick",LB,Rookie-Draft,—,2K,CL 3| TCV 3K| AAV 1K,"CL 3| TCV 3K| AAV 1K| Y1-1K, Y2-1K, Y3-1K| GTD: 2K"
Hawks,"Meyers, Jakobi",WR,Vet-FAA,—,9K,"CL 3| TCV 12K| AAV 4K| Y1-4, Y2-4, Y3-4","CL 3| TCV 12K| AAV 4K| Y1-4, Y2-4, Y3-4| GTD: 9K"
Hawks,"Owusu-Koramoah, Jeremiah",LB,Vet-FAA,—,2K,"CL 3| TCV 3K| AAV 1K| Y1-1, Y2-1, Y3-1","CL 3| TCV 3K| AAV 1K| Y1-1, Y2-1, Y3-1| GTD: 2K"
Hawks,"Robinson, Chop",DE,Rookie-Draft,—,4.5K,CL 3| TCV 6K| AAV 2K,"CL 3| TCV 6K| AAV 2K| Y1-2K, Y2-2K, Y3-2K| GTD: 4.5K"
Hawks,"Warner, Fred",LB,Vet-FAA,—,9K,"CL 3| TCV 12K| AAV 4K| Y1-4, Y2-4, Y3-4","CL 3| TCV 12K| AAV 4K| Y1-4, Y2-4, Y3-4| GTD: 9K"
Hawks,"Williams, Kyren",RB,Vet-Ext2,—,33K,"CL 2| TCV 44K| AAV 22K| Y1-22K, Y2-22K| Ext: Hawks","CL 2| TCV 44K| AAV 22K| Y1-22K, Y2-22K| GTD: 33K| Ext: Hawks"
Hawks,"Wilson, Michael",WR,Vet-MYM,—,11.3K,CL 3| TCV 15K| AAV 5K,"CL 3| TCV 15K| AAV 5K| Y1-5K, Y2-5K, Y3-5K| GTD: 11.3K"
Hawks,"Worthy, Xavier",WR,Rookie-Draft,—,11.3K,CL 3| TCV 15K| AAV 5K,"CL 3| TCV 15K| AAV 5K| Y1-5K, Y2-5K, Y3-5K| GTD: 11.3K"
L.A. Looks,"Allen, Braelon",RB,Rookie-Draft,—,4.5K,CL 3| TCV 6K| AAV 2K,"CL 3| TCV 6K| AAV 2K| Y1-2K, Y2-2K, Y3-2K| GTD: 4.5K"
L.A. Looks,"Aubrey, Brandon",PK,Vet-FAA,—,1K,CL 2| TCV 4K| AAV 2K,"CL 2| TCV 4K| AAV 2K| Y1-2K, Y2-2K| GTD: 1K"
L.A. Looks,"Charbonnet, Zach",RB,Vet-ERA,—,5.3K,CL 1| TCV 7K| AAV 7K,CL 1| TCV 7K| AAV 7K| GTD: 5.3K
L.A. Looks,"Curl, Kamren",S,Tag,3K,—,CL 1| TCV 4K| AAV 4K| GTD 3K| Tag| Tier 1| Formula: Avg Top 1-6 DB AAV,CL 1| TCV 4K| AAV 4K| Tag| Tier 1| Formula: Avg Top 1-6 DB AAV
L.A. Looks,"Emmanwori, Nick",S,Rookie-Draft,—,2K,CL 3| TCV 3K| AAV 1K,"CL 3| TCV 3K| AAV 1K| Y1-1K, Y2-1K, Y3-1K| GTD: 2K"
L.A. Looks,"Ferguson, Jake",TE,Vet-Ext1,—,24K,"CL 2| TCV 32K| AAV 21K| Y1-11, Y2-21| Ext: Blake, L.A. Looks","CL 2| TCV 32K| AAV 21K| Y1-11, Y2-21| GTD: 24K| Ext: Blake, L.A. Looks"
L.A. Looks,"Green, Mike",DE,Rookie-Draft,—,4.5K,CL 3| TCV 6K| AAV 2K,"CL 3| TCV 6K| AAV 2K| Y1-2K, Y2-2K, Y3-2K| GTD: 4.5K"
L.A. Looks,"Latu, Laiatu",DE,Rookie-Draft,—,4.5K,CL 3| TCV 6K| AAV 2K,"CL 3| TCV 6K| AAV 2K| Y1-2K, Y2-2K, Y3-2K| GTD: 4.5K"
L.A. Looks,"Mitchell, Adonai",WR,Rookie-Draft,—,11.3K,CL 3| TCV 15K| AAV 5K,"CL 3| TCV 15K| AAV 5K| Y1-5K, Y2-5K, Y3-5K| GTD: 11.3K"
L.A. Looks,"Nix, Bo",QB,Rookie-Draft,—,11.3K,CL 3| TCV 15K| AAV 5K,"CL 3| TCV 15K| AAV 5K| Y1-5K, Y2-5K, Y3-5K| GTD: 11.3K"
L.A. Looks,"Pierce, Alec",WR,Vet-FAA,—,1K,CL 2| TCV 4K| AAV 2K,"CL 2| TCV 4K| AAV 2K| Y1-2K, Y2-2K| GTD: 1K"
L.A. Looks,"Sampson, Dylan",RB,Rookie-Draft,—,4.5K,CL 3| TCV 6K| AAV 2K,"CL 3| TCV 6K| AAV 2K| Y1-2K, Y2-2K, Y3-2K| GTD: 4.5K"
L.A. Looks,"Sanders, Shedeur",QB,Rookie-Draft,—,4.5K,CL 3| TCV 6K| AAV 2K,"CL 3| TCV 6K| AAV 2K| Y1-2K, Y2-2K, Y3-2K| GTD: 4.5K"
L.A. Looks,"St. Brown, Amon-Ra",WR,Tag,38.3K,38.3K,CL 1| TCV 51K| AAV 51K| GTD 38.3K| Tag| Tier 1| Formula: Avg Top 1-6 WR AAV,CL 1| TCV 51K| AAV 51K| GTD: 38.3K| Tag| Tier 1| Formula: Avg Top 1-6 WR AAV
L.A. Looks,"Sutton, Courtland",WR,Vet-Ext1,—,22.5K,"CL 2| TCV 30K| AAV 20K| Y1-15K, Y2-15K| Ext: L.A. Looks| restructure: 2025","CL 2| TCV 30K| AAV 20K| Y1-15K, Y2-15K| GTD: 22.5K| Ext: L.A. Looks| restructure: 2025"
L.A. Looks,"Turner, Dallas",DE,Rookie-Draft,—,2K,CL 3| TCV 3K| AAV 1K,"CL 3| TCV 3K| AAV 1K| Y1-1K, Y2-1K, Y3-1K| GTD: 2K"
L.A. Looks,"Wentz, Carson",QB,Vet-MYM,—,1K,CL 2| TCV 2K| AAV 1K,"CL 2| TCV 2K| AAV 1K| Y1-1K, Y2-1K| GTD: 1K"
Pure Greatness,"Adams, Davante",WR,Vet-FAA-FL,—,67.5K,"CL 3| TCV 90K| AAV 30K| Y1-50, Y2-20, Y3-20","CL 3| TCV 90K| AAV 30K| Y1-50, Y2-20, Y3-20| GTD: 67.5K"
Pure Greatness,"All, Erick",TE,Rookie-Draft,—,4.5K,CL 3| TCV 6K| AAV 2K,"CL 3| TCV 6K| AAV 2K| Y1-2K, Y2-2K, Y3-2K| GTD: 4.5K"
Pure Greatness,"Bosa, Nick",DE,Vet-FAA,—,11.3K,"CL 3| TCV 15K| AAV 5K| Y1-5, Y2-5, Y3-5","CL 3| TCV 15K| AAV 5K| Y1-5, Y2-5, Y3-5| GTD: 11.3K"
Pure Greatness,"Flowers, Zay",WR,Vet-Ext2,—,41.3K,"CL 3| TCV 55K| AAV 25K| Y1-5, Y2-25, Y3-25| Ext: GRide","CL 3| TCV 55K| AAV 25K| Y1-5, Y2-25, Y3-25| GTD: 41.3K| Ext: GRide"
Pure Greatness,"Garrett, Myles",DE,Tag,7.5K,7.5K,CL 1| TCV 10K| AAV 10K| GTD 7.5K| Tag| Tier 1| Formula: Avg Top 1-6 DL AAV | 10% salary floor (rounded up),CL 1| TCV 10K| AAV 10K| GTD: 7.5K| Tag| Tier 1| Formula: Avg Top 1-6 DL AAV | 10% salary floor (rounded up)
Pure Greatness,"Gibbs, Jahmyr",RB,Vet-Ext2,—,54.8K,"CL 3| TCV 73K| AAV 31K| Y1-11K, Y2-31K, Y3-31K| Ext: Sex","CL 3| TCV 73K| AAV 31K| Y1-11K, Y2-31K, Y3-31K| GTD: 54.8K| Ext: Sex"
Pure Greatness,"Horton, Tory",WR,Rookie-Draft,—,4.5K,CL 3| TCV 6K| AAV 2K,"CL 3| TCV 6K| AAV 2K| Y1-2K, Y2-2K, Y3-2K| GTD: 4.5K"
Pure Greatness,"Irving, Bucky",RB,Rookie-Draft,—,4.5K,CL 3| TCV 6K| AAV 2K,"CL 3| TCV 6K| AAV 2K| Y1-2K, Y2-2K, Y3-2K| GTD: 4.5K"
Pure Greatness,"Jeanty, Ashton",RB,Rookie-Draft,—,33.8K,CL 3| TCV 45K| AAV 15K | Option Eligible,"CL 3| TCV 45K| AAV 15K| Y1-15K, Y2-15K, Y3-15K, Y4-20K Option| GTD: 33.8K"
Pure Greatness,"Jefferson, Justin",WR,Vet-Ext2-BL,—,72K,"CL 2| TCV 96K| AAV 48K| Y1-25K, Y2-71K| Ext:  Sex, Hammer| restructure: 2025","CL 2| TCV 96K| AAV 48K| Y1-25K, Y2-71K| GTD: 72K| Ext:  Sex, Hammer| restructure: 2025"
Pure Greatness,"Legette, Xavier",WR,Rookie-Draft,—,4.5K,CL 3| TCV 6K| AAV 2K,"CL 3| TCV 6K| AAV 2K| Y1-2K, Y2-2K, Y3-2K| GTD: 4.5K"
Pure Greatness,"Maye, Drake",QB,Rookie-Draft,—,18K,CL 3| TCV 24K| AAV 8K,"CL 3| TCV 24K| AAV 8K| Y1-8K, Y2-8K, Y3-8K| GTD: 18K"
Pure Greatness,"Mayfield, Baker",QB,Vet-FAA-FL,—,46.5K,"CL 2| TCV 62K| AAV 31K| Y1-36, Y2-26,","CL 2| TCV 62K| AAV 31K| Y1-36, Y2-26| GTD: 46.5K| ,"
Pure Greatness,"Olave, Chris",WR,Vet-Ext2-FL,—,46.5K,"CL 2| TCV 62K| AAV 31K| Y1-51, Y2-11| Ext: Blake| restructure: 2025","CL 2| TCV 62K| AAV 31K| Y1-51, Y2-11| GTD: 46.5K| Ext: Blake| restructure: 2025"
Pure Greatness,"Schultz, Dalton",TE,Vet-FAA,—,9K,"CL 3| TCV 12K| AAV 4K| Y1-4, Y2-4, Y3-4","CL 3| TCV 12K| AAV 4K| Y1-4, Y2-4, Y3-4| GTD: 9K"
Pure Greatness,"Smith, Tykee",S,Vet-Ext1,—,3.8K,CL 2| TCV 5K| AAV 4K|Y1-1 Y2-4 | Ext: LH,CL 2| TCV 5K| AAV 4K|Y1-1 Y2-4| GTD: 3.8K| Ext: LH
Pure Greatness,"Thomas Jr., Brian",WR,Rookie-Draft,—,11.3K,CL 3| TCV 15K| AAV 5K,"CL 3| TCV 15K| AAV 5K| Y1-5K, Y2-5K, Y3-5K| GTD: 11.3K"
Pure Greatness,"Thornton, Dont'e",WR,Rookie-Draft,—,4.5K,CL 3| TCV 6K| AAV 2K,"CL 3| TCV 6K| AAV 2K| Y1-2K, Y2-2K, Y3-2K| GTD: 4.5K"
Pure Greatness,"Wallace, Trevin",LB,Rookie-Draft,—,2K,CL 3| TCV 3K| AAV 1K,"CL 3| TCV 3K| AAV 1K| Y1-1K, Y2-1K, Y3-1K| GTD: 2K"
Pure Greatness,"Williams, Savion",WR,Rookie-Draft,—,4.5K,CL 3| TCV 6K| AAV 2K,"CL 3| TCV 6K| AAV 2K| Y1-2K, Y2-2K, Y3-2K| GTD: 4.5K"
Real Deal Creel,"Benson, Trey",RB,Rookie-Draft,—,13.5K,CL 3| TCV 18K| AAV 6K,"CL 3| TCV 18K| AAV 6K| Y1-6K, Y2-6K, Y3-6K| GTD: 13.5K"
Real Deal Creel,"Coleman, Keon",WR,Rookie-Draft,—,11.3K,CL 3| TCV 15K| AAV 5K,"CL 3| TCV 15K| AAV 5K| Y1-5K, Y2-5K, Y3-5K| GTD: 11.3K"
Real Deal Creel,"Etienne, Travis",RB,Tag,14.3K,14.3K,CL 1| TCV 19K| AAV 19K| GTD 14.3K| Tag| Tier 3| Formula: Avg Top 9-31 RB AAV | 10% salary floor (rounded up),CL 1| TCV 19K| AAV 19K| GTD: 14.3K| Tag| Tier 3| Formula: Avg Top 9-31 RB AAV | 10% salary floor (rounded up)
Real Deal Creel,"Fant, Noah",TE,Vet-FAA,—,9K,"CL 3| TCV 12K| AAV 4K| Y1-4, Y2-4, Y3-4","CL 3| TCV 12K| AAV 4K| Y1-4, Y2-4, Y3-4| GTD: 9K"
Real Deal Creel,"Goedert, Dallas",TE,Vet-FAA,—,10.5K,CL 2| TCV 14K| AAV 7K,"CL 2| TCV 14K| AAV 7K| Y1-7K, Y2-7K| GTD: 10.5K"
Real Deal Creel,"Harrison Jr., Marvin",WR,Rookie-Draft,—,31.5K,CL 3| TCV 42K| AAV 14K,"CL 3| TCV 42K| AAV 14K| Y1-14K, Y2-14K, Y3-14K| GTD: 31.5K"
Real Deal Creel,"Henderson, TreVeyon",RB,Rookie-Draft,—,27K,CL 3| TCV 36K| AAV 12K | Option Eligible,"CL 3| TCV 36K| AAV 12K| Y1-12K, Y2-12K, Y3-12K, Y4-17K Option| GTD: 27K"
Real Deal Creel,"Karlaftis, George",DE,Vet-FAA,—,2K,CL 3| TCV 3K| AAV 1K,"CL 3| TCV 3K| AAV 1K| Y1-1K, Y2-1K, Y3-1K| GTD: 2K"
Real Deal Creel,"McMillan, Tetairoa",WR,Rookie-Draft,—,15.8K,CL 3| TCV 21K| AAV 7K | Option Eligible,"CL 3| TCV 21K| AAV 7K| Y1-7K, Y2-7K, Y3-7K, Y4-12K Option| GTD: 15.8K"
Real Deal Creel,"Pearce, James",DE,Rookie-Draft,—,2K,CL 3| TCV 3K| AAV 1K,"CL 3| TCV 3K| AAV 1K| Y1-1K, Y2-1K, Y3-1K| GTD: 2K"
Real Deal Creel,"Sanders, Ja'Tavion",TE,Vet-MYM,—,2K,CL 3| TCV 3K| AAV 1K,"CL 3| TCV 3K| AAV 1K| Y1-1K, Y2-1K, Y3-1K| GTD: 2K"
Real Deal Creel,"Thornton, Tyquan",WR,Vet-MYM,—,2K,CL 3| TCV 3K| AAV 1K,"CL 3| TCV 3K| AAV 1K| Y1-1K, Y2-1K, Y3-1K| GTD: 2K"
Real Deal Creel,"Watson, Christian",WR,Vet-WW,—,2K,CL 3| TCV 3K| AAV 1K,"CL 3| TCV 3K| AAV 1K| Y1-1K, Y2-1K, Y3-1K| GTD: 2K"
Real Deal Creel,"Watson, Deshaun",QB,Vet-FAA,—,2K,CL 3| TCV 3K| AAV 1K,"CL 3| TCV 3K| AAV 1K| Y1-1K, Y2-1K, Y3-1K| GTD: 2K"
Sex Manther,"Achane, De'Von",RB,Vet-Ext2,—,41.3K,CL 3| TCV 55K| AAV 25K| Ext: Gride,"CL 3| TCV 55K| AAV 25K| Y1-5K, Y2-25K, Y3-25K| GTD: 41.3K| Ext: Gride"
Sex Manther,"Brooks, Jonathon",RB,Rookie-Draft,—,15.8K,CL 3| TCV 21K| AAV 7K,"CL 3| TCV 21K| AAV 7K| Y1-7K, Y2-7K, Y3-7K| GTD: 15.8K"
Sex Manther,"Brooks, Tahj",RB,Rookie-Draft,—,4.5K,CL 3| TCV 6K| AAV 2K,"CL 3| TCV 6K| AAV 2K| Y1-2K, Y2-2K, Y3-2K| GTD: 4.5K"
Sex Manther,"Burton, Jermaine",WR,Rookie-Draft,—,11.3K,CL 3| TCV 15K| AAV 5K,"CL 3| TCV 15K| AAV 5K| Y1-5K, Y2-5K, Y3-5K| GTD: 11.3K"
Sex Manther,"Campbell, Jihaad",LB,Rookie-Draft,—,4.5K,CL 3| TCV 6K| AAV 2K,"CL 3| TCV 6K| AAV 2K| Y1-2K, Y2-2K, Y3-2K| GTD: 4.5K"
Sex Manther,"Croskey-Merritt, Jacory",RB,Rookie-Draft,—,4.5K,CL 3| TCV 6K| AAV 2K,"CL 3| TCV 6K| AAV 2K| Y1-2K, Y2-2K, Y3-2K| GTD: 4.5K"
Sex Manther,"Dell, Tank",WR,Vet-MYM,—,2K,CL 3| TCV 3K| AAV 1K,"CL 3| TCV 3K| AAV 1K| Y1-1K, Y2-1K, Y3-1K| GTD: 2K"
Sex Manther,"Fannin, Harold",TE,Rookie-Draft,—,11.3K,CL 3| TCV 15K| AAV 5K,"CL 3| TCV 15K| AAV 5K| Y1-5K, Y2-5K, Y3-5K| GTD: 11.3K"
Sex Manther,"Gadsden, Oronde",TE,Rookie-FAA,—,9K,CL 3| TCV 12K| AAV 4K,"CL 3| TCV 12K| AAV 4K| Y1-4K, Y2-4K, Y3-4K| GTD: 9K"
Sex Manther,"Higgins, Jayden",WR,Rookie-Draft,—,11.3K,CL 3| TCV 15K| AAV 5K,"CL 3| TCV 15K| AAV 5K| Y1-5K, Y2-5K, Y3-5K| GTD: 11.3K"
Sex Manther,"Hill, Tyreek",WR,Vet-FAA,—,106.5K,"CL 2| TCV 142K| AAV 62K| Y1-80K, Y2-62K","CL 2| TCV 142K| AAV 62K| Y1-80K, Y2-62K| GTD: 106.5K"
Sex Manther,"Hunter, Travis",WR,Rookie-Draft,—,31.5K,CL 3| TCV 42K| AAV 14K | Option Eligible,"CL 3| TCV 42K| AAV 14K| Y1-14K, Y2-14K, Y3-14K, Y4-19K Option| GTD: 31.5K"
Sex Manther,"James, Jordan",RB,Rookie-Draft,—,4.5K,CL 3| TCV 6K| AAV 2K,"CL 3| TCV 6K| AAV 2K| Y1-2K, Y2-2K, Y3-2K| GTD: 4.5K"
Sex Manther,"Kittle, George",TE,Vet-FAA,—,43.5K,CL 2| TCV 58K| AAV 29K,"CL 2| TCV 58K| AAV 29K| Y1-29K, Y2-29K| GTD: 43.5K"
Sex Manther,"Lloyd, MarShawn",RB,Rookie-Draft,—,11.3K,CL 3| TCV 15K| AAV 5K,"CL 3| TCV 15K| AAV 5K| Y1-5K, Y2-5K, Y3-5K| GTD: 11.3K"
Sex Manther,"McCaffrey, Christian",RB,Tag,62K,46.5K,CL 1| TCV 62K| AAV 62K| GTD 62K| Tag| Tier 1| Formula: Avg Top 1-4 RB AAV | 10% salary floor (rounded up),CL 1| TCV 62K| AAV 62K| GTD: 46.5K| Tag| Tier 1| Formula: Avg Top 1-4 RB AAV | 10% salary floor (rounded up)
Sex Manther,"McKee, Tanner",QB,Vet-WW,—,2K,CL 3| TCV 3K| AAV 1K,"CL 3| TCV 3K| AAV 1K| Y1-1K, Y2-1K, Y3-1K| GTD: 2K"
Sex Manther,"Noel, Jaylin",WR,Rookie-Draft,—,4.5K,CL 3| TCV 6K| AAV 2K,"CL 3| TCV 6K| AAV 2K| Y1-2K, Y2-2K, Y3-2K| GTD: 4.5K"
Sex Manther,"Odunze, Rome",WR,Rookie-Draft,—,22.5K,CL 3| TCV 30K| AAV 10K,"CL 3| TCV 30K| AAV 10K| Y1-10K, Y2-10K, Y3-10K| GTD: 22.5K"
Sex Manther,"Rice, Rashee",WR,Vet-Ext2,—,41.3K,"CL 3| TCV 55K| AAV 25K| Y1-5 Y2-25, Y3-25| Ext: LH","CL 3| TCV 55K| AAV 25K| Y1-5 Y2-25, Y3-25| GTD: 41.3K| Ext: LH"
Sex Manther,"Schwesinger, Carson",LB,Rookie-Draft,—,2K,CL 3| TCV 3K| AAV 1K,"CL 3| TCV 3K| AAV 1K| Y1-1K, Y2-1K, Y3-1K| GTD: 2K"
Sex Manther,"Shipley, Will",RB,Rookie-Draft,—,11.3K,CL 3| TCV 15K| AAV 5K,"CL 3| TCV 15K| AAV 5K| Y1-5K, Y2-5K, Y3-5K| GTD: 11.3K"
Sex Manther,"Tuipulotu, Tuli",DE,Vet-MYM,—,9K,"CL 3| TCV 12K| AAV 4K| Y1-4, Y2-4, Y3-4","CL 3| TCV 12K| AAV 4K| Y1-4, Y2-4, Y3-4| GTD: 9K"
Sex Manther,"Williams, Caleb",QB,Rookie-Draft,—,33.8K,CL 3| TCV 45K| AAV 15K,"CL 3| TCV 45K| AAV 15K| Y1-15K, Y2-15K, Y3-15K| GTD: 33.8K"
Sex Manther,"Williams, Kyle",WR,Rookie-Draft,—,11.3K,CL 3| TCV 15K| AAV 5K,"CL 3| TCV 15K| AAV 5K| Y1-5K, Y2-5K, Y3-5K| GTD: 11.3K"
The Long Haulers,"Ali, Rasheen",RB,Rookie-Draft,—,4.5K,CL 3| TCV 6K| AAV 2K,"CL 3| TCV 6K| AAV 2K| Y1-2K, Y2-2K, Y3-2K| GTD: 4.5K"
The Long Haulers,"Blue, Jaydon",RB,Rookie-Draft,—,4.5K,CL 3| TCV 6K| AAV 2K,"CL 3| TCV 6K| AAV 2K| Y1-2K, Y2-2K, Y3-2K| GTD: 4.5K"
The Long Haulers,"Bond, Isaiah",WR,Vet-WW-BL,—,18K,"CL 3| TCV 24K| AAV 8K| Y1-5, Y2-5, Y3-14","CL 3| TCV 24K| AAV 8K| Y1-5, Y2-5, Y3-14| GTD: 18K"
The Long Haulers,"Brown, A.J.",WR,Vet-Ext1,—,96.8K,"CL 2| TCV 129K| AAV 56K|Y1-73 Y2-56 | Ext: Sex, Creel, LH","CL 2| TCV 129K| AAV 56K|Y1-73 Y2-56| GTD: 96.8K| Ext: Sex, Creel, LH"
The Long Haulers,"Bynum, Camryn",S,Vet-MYM,—,2K,"CL 3| TCV 3K| AAV 1K| Y1-1, Y2-1, Y3-1","CL 3| TCV 3K| AAV 1K| Y1-1, Y2-1, Y3-1| GTD: 2K"
The Long Haulers,"Cooper, Jonathon",DE,Vet-MYM,—,2K,"CL 3| TCV 3K| AAV 1K| Y1-1, Y2-1, Y3-1","CL 3| TCV 3K| AAV 1K| Y1-1, Y2-1, Y3-1| GTD: 2K"
The Long Haulers,"Downs, Josh",WR,Vet-Ext1,—,10.5K,CL 2|TCV 14K|AAV 12K|Y1-2 Y2-12|Ext: GRide,CL 2|TCV 14K|AAV 12K|Y1-2 Y2-12| GTD: 10.5K| Ext: GRide
The Long Haulers,"Ewers, Quinn",QB,Rookie-Draft,—,4.5K,CL 3| TCV 6K| AAV 2K,"CL 3| TCV 6K| AAV 2K| Y1-2K, Y2-2K, Y3-2K| GTD: 4.5K"
The Long Haulers,"Gordon, Ollie",RB,Rookie-Draft,—,4.5K,CL 3| TCV 6K| AAV 2K,"CL 3| TCV 6K| AAV 2K| Y1-2K, Y2-2K, Y3-2K| GTD: 4.5K"
The Long Haulers,"Henry, Derrick",RB,Vet-Ext1,—,70.5K,CL 2| TCV 94K| AAV 44K|Y1-50 Y2-44| Ext: LH,CL 2| TCV 94K| AAV 44K|Y1-50 Y2-44| GTD: 70.5K| Ext: LH
The Long Haulers,"Hurts, Jalen",QB,Vet-Ext2-BL,—,63K,"CL 2| TCV 84K| AAV 42K| Y1-17K, Y2-67K| Ext: Gride, Hammer","CL 2| TCV 84K| AAV 42K| Y1-17K, Y2-67K| GTD: 63K| Ext: Gride, Hammer"
The Long Haulers,"Johnson, Roschon",RB,Vet-FAA,—,9K,CL 3| TCV 12K| AAV 4K,"CL 3| TCV 12K| AAV 4K| Y1-4K, Y2-4K, Y3-4K| GTD: 9K"
The Long Haulers,"Johnson, Theo",TE,Rookie-Draft,—,11.3K,"CL 3| TCV 15K| AAV 5K| Y1-5, Y2-5, Y3-5","CL 3| TCV 15K| AAV 5K| Y1-5, Y2-5, Y3-5| GTD: 11.3K"
The Long Haulers,"Lawrence, Trevor",QB,Tag,27.8K,27.8K,CL 1| TCV 37K| AAV 37K| GTD 27.8K| Tag| Tier 2| Formula: Avg Top 6-15 QB AAV,CL 1| TCV 37K| AAV 37K| GTD: 27.8K| Tag| Tier 2| Formula: Avg Top 6-15 QB AAV
The Long Haulers,"Marks, Woody",RB,Rookie-Draft,—,4.5K,CL 3| TCV 6K| AAV 2K,"CL 3| TCV 6K| AAV 2K| Y1-2K, Y2-2K, Y3-2K| GTD: 4.5K"
The Long Haulers,"Mason, Jordan",RB,Vet-Ext2-FL,—,39K,"CL 3| TCV 52K| AAV 24K| Y1-14, Y2-14, Y3-24| Ext: LH| restructure: 2025","CL 3| TCV 52K| AAV 24K| Y1-14, Y2-14, Y3-24| GTD: 39K| Ext: LH| restructure: 2025"
The Long Haulers,"Otton, Cade",TE,Vet-FAA,—,11.3K,"CL 3| TCV 15K| AAV 5K| Y1-5K, Y2-5K, Y3-5K","CL 3| TCV 15K| AAV 5K| Y1-5K, Y2-5K, Y3-5K| GTD: 11.3K"
The Long Haulers,"Smith, Brashard",RB,Rookie-Draft,—,4.5K,CL 3| TCV 6K| AAV 2K,"CL 3| TCV 6K| AAV 2K| Y1-2K, Y2-2K, Y3-2K| GTD: 4.5K"
The Long Haulers,"Tucker, Tre",WR,Vet-WW,—,2K,"CL 3| TCV 3K| AAV 1K| Y1-1, Y2-1, Y3-1","CL 3| TCV 3K| AAV 1K| Y1-1, Y2-1, Y3-1| GTD: 2K"
The Long Haulers,"Warren, Tyler",TE,Rookie-Draft,—,11.3K,CL 3| TCV 15K| AAV 5K | Option Eligible,"CL 3| TCV 15K| AAV 5K| Y1-5K, Y2-5K, Y3-5K, Y4-10K Option| GTD: 11.3K"
The Long Haulers,"Washington, Malik",WR,Rookie-Draft,—,4.5K,CL 3| TCV 6K| AAV 2K,"CL 3| TCV 6K| AAV 2K| Y1-2K, Y2-2K, Y3-2K| GTD: 4.5K"
The Long Haulers,"Wicks, Dontayvion",WR,Vet-MYM,—,2K,CL 3| TCV 3K| AAV 1K,"CL 3| TCV 3K| AAV 1K| Y1-1K, Y2-1K, Y3-1K| GTD: 2K"
The Long Haulers,"Witherspoon, Devon",CB,Tag,2.3K,—,CL 1| TCV 3K| AAV 3K| GTD 2.3K| Tag| Tier 2| Formula: Avg Top 7-12 DB AAV | 10% salary floor (rounded up),CL 1| TCV 3K| AAV 3K| Tag| Tier 2| Formula: Avg Top 7-12 DB AAV| 10% salary floor (rounded up)
