franchise,player,pos,before_status,after_status,before_salary,after_salary,before_contractYear,after_contractYear,before_contractInfo,after_contractInfo,status_changed,contractInfo_changed,salary_changed
Blake Bombers,"Allen, Kaytron",RB,R,Rookie-Draft,5000,5000,3,3,"CL 3|TCV 15K|AAV 5K|Y1-5K, Y2-5K, Y3-5K|GTD: 11.3K","CL 3|TCV 15K|AAV 5K|Y1-5K, Y2-5K, Y3-5K|GTD: 11.3K",Y,,
Blake Bombers,"Anderson, Will",DE,Veteran,Vet-MYM,1000,1000,1,1,CL 3| TCV 3K| AAV 1K,CL 3| TCV 3K| AAV 1K,Y,,
Blake Bombers,"Barner, AJ",TE,Veteran,Vet-FAA,1000,1000,1,1,CL 2| TCV 2K| AAV 1K,CL 2| TCV 2K| AAV 1K,Y,,
Blake Bombers,"Boston, Denzel",WR,R,Rookie-Draft,6000,6000,3,3,"CL 3|TCV 18K|AAV 6K|Y1-6K, Y2-6K, Y3-6K|GTD: 13.5K|Keep Option as Y4Option =11K","CL 3|TCV 18K|AAV 6K|Y1-6K, Y2-6K, Y3-6K, Y4-11K Option|GTD: 13.5K",Y,Y,
Blake Bombers,"Brissett, Jacoby",QB,TAG,Tag,16000,16000,1,1,CL 1| TCV 16K| AAV 16K| GTD 12K| Tag| Tier 3| Formula: Avg Top 16-24 QB AAV,CL 1| TCV 16K| AAV 16K| GTD 12K| Tag| Tier 3| Formula: Avg Top 16-24 QB AAV,Y,,
Blake Bombers,"Bryant, Pat",WR,(blank),Rookie-Draft,(blank),2000,(blank),2,(blank),CL 3| TCV 6K| AAV 2K,Y,Y,Y
Blake Bombers,"Corum, Blake",RB,(blank),Rookie-Draft,(blank),5000,(blank),1,(blank),CL 3| TCV 15K| AAV 5K,Y,Y,Y
Blake Bombers,"Dowdle, Rico",RB,Veteran,Vet-Ext1,11000,11000,1,1,CL 2| TCV 12K| AAV 11K| Ext: Blake,CL 2| TCV 12K| AAV 11K| Ext: Blake,Y,,
Blake Bombers,"Ferguson, Terrance",TE,(blank),Rookie-Draft,(blank),2000,(blank),2,(blank),CL 3| TCV 6K| AAV 2K,Y,Y,Y
Blake Bombers,"Godwin, Chris",WR,Veteran,Vet-FAA,10000,10000,1,1,CL 2| TCV 20K| AAV 10K,CL 2| TCV 20K| AAV 10K,Y,,
Blake Bombers,"Golden, Matthew",WR,(blank),Rookie-Draft,(blank),5000,(blank),2,(blank),CL 3| TCV 15K| AAV 5K,Y,Y,Y
Blake Bombers,"Hampton, Omarion",RB,Rookie,Rookie-Draft,13000,13000,2,2,CL 3| TCV 39K| AAV 13K | Option Eligible,CL 3| TCV 39K| AAV 13K | Option Eligible,Y,,
Blake Bombers,"Heidenreich, Eli",RB,R,Rookie-Draft,2000,2000,3,3,"CL 3|TCV 6K|AAV 2K|Y1-2K, Y2-2K, Y3-2K|GTD: 4.5K","CL 3|TCV 6K|AAV 2K|Y1-2K, Y2-2K, Y3-2K|GTD: 4.5K",Y,,
Blake Bombers,"Hendrickson, Trey",DE,Veteran,Vet-FAA,3000,3000,1,1,CL 2| TCV 6K| AAV 3K,CL 2| TCV 6K| AAV 3K,Y,,
Blake Bombers,"Henley, Daiyan",LB,Veteran,Vet-FAA,2000,2000,1,1,CL 2| TCV 4K| AAV 2K,CL 2| TCV 4K| AAV 2K,Y,,
Blake Bombers,"Hunter, Jarquez",RB,(blank),Rookie-Draft,(blank),2000,(blank),2,(blank),CL 3| TCV 6K| AAV 2K,Y,Y,Y
Blake Bombers,"Jefferson, Justin",LB,R,Rookie-Draft,1000,1000,3,3,"CL 3|TCV 3K|AAV 1K|Y1-1K, Y2-1K, Y3-1K|GTD: 2K","CL 3|TCV 3K|AAV 1K|Y1-1K, Y2-1K, Y3-1K|GTD: 2K",Y,,
Blake Bombers,"Judkins, Quinshon",RB,Rookie,Rookie-Draft,8000,8000,2,2,CL 3| TCV 24K| AAV 8K | Option Eligible,CL 3| TCV 24K| AAV 8K | Option Eligible,Y,,
Blake Bombers,"McLaurin, Terry",WR,Veteran,Vet-FAA,19000,19000,2,2,CL 3| TCV 57K| AAV 19K,CL 3| TCV 57K| AAV 19K,Y,,
Blake Bombers,"Nacua, Puka",WR,EXT2,Vet-Ext2,22000,22000,2,2,"CL 2|TCV 44K|AAV 22K|Y1-22K, Y2-22K|Ext: Bomb|GTD: 33K","CL 2|TCV 44K|AAV 22K|Y1-22K, Y2-22K|Ext: Bomb|GTD: 33K",Y,,
Blake Bombers,"Purdy, Brock",QB,FL,Vet-FAA-FL,22000,22000,2,2,"CL 3| TCV 84K| AAV 28K| Y1-40K, Y2-22K, Y3-22K|","CL 3| TCV 84K| AAV 28K| Y1-40K, Y2-22K, Y3-22K|",Y,,
Blake Bombers,"Raridon, Eli",TE,R,Rookie-Draft,2000,2000,3,3,"CL 3|TCV 6K|AAV 2K|Y1-2K, Y2-2K, Y3-2K|GTD: 4.5K","CL 3|TCV 6K|AAV 2K|Y1-2K, Y2-2K, Y3-2K|GTD: 4.5K",Y,,
Blake Bombers,"Reed, Jayden",WR,EXT1,Vet-Ext1,15000,15000,1,1,CL 1|TCV 15K|AAV 15K|Y1-15K|Ext: Bomb|GTD: 11.3K,CL 1|TCV 15K|AAV 15K|Y1-15K|Ext: Bomb|GTD: 11.3K,Y,,
Blake Bombers,"Shaheed, Rashid",WR,Veteran,Vet-ERA,7000,7000,2,2,"CL 3| TCV 21K| AAV 7K| Y1-7K, Y2-7K, Y3-7K","CL 3| TCV 21K| AAV 7K| Y1-7K, Y2-7K, Y3-7K",Y,,
Blake Bombers,"Simpson, Ty",QB,R,Rookie-Draft,5000,5000,3,3,"CL 3|TCV 15K|AAV 5K|Y1-5K, Y2-5K, Y3-5K|GTD: 11.3K","CL 3|TCV 15K|AAV 5K|Y1-5K, Y2-5K, Y3-5K|GTD: 11.3K",Y,,
Blake Bombers,"Strange, Brenton",TE,Veteran,Vet-FAA,2000,2000,2,2,CL 3| TCV 6K| AAV 2K,CL 3| TCV 6K| AAV 2K,Y,,
Blake Bombers,"Tuten, Bhayshul",RB,(blank),Rookie-Draft,(blank),5000,(blank),2,(blank),CL 3| TCV 15K| AAV 5K,Y,Y,Y
Blake Bombers,"Walker, Quay",LB,Veteran,Vet-MYM,1000,1000,1,1,CL 2| TCV 2K| AAV 1K,CL 2| TCV 2K| AAV 1K,Y,,
Blake Bombers,"Ward, Cam",QB,Rookie,Rookie-Draft,10000,10000,2,2,CL 3| TCV 30K| AAV 10K | Option Eligible,CL 3| TCV 30K| AAV 10K | Option Eligible,Y,,
Blake Bombers,"Watts, Xavier",S,Rookie,Rookie-MYM,1000,1000,2,2,CL 3| TCV 3K| AAV 1K,CL 3| TCV 3K| AAV 1K,Y,,
Blake Bombers,"Wilson, Emanuel",RB,Vet-ERA,Vet-ERA,2000,2000,1,1,CL 1| TCV 2K| AAV 2K,CL 1| TCV 2K| AAV 2K,,,
C-Town Chivalry,"Ayomanor, Elic",WR,(blank),Rookie-Draft,(blank),2000,(blank),2,(blank),CL 3| TCV 6K| AAV 2K,Y,Y,Y
C-Town Chivalry,"Bowers, Brock",TE,Rookie,Rookie-Draft,9000,9000,1,1,CL 3| TCV 27K| AAV 9K,CL 3| TCV 27K| AAV 9K,Y,,
C-Town Chivalry,"Branch, Brian",S,Vet-ERA,Vet-ERA,4000,4000,1,1,CL 1| TCV 4K| AAV 4K,CL 1| TCV 4K| AAV 4K,,,
C-Town Chivalry,"Cook, James",RB,Veteran,Vet-Ext2,27000,27000,1,1,"CL 3| TCV 61K| AAV 27K| Y1-7, Y2-27, Y3-27| Ext: CBP","CL 3| TCV 61K| AAV 27K| Y1-7, Y2-27, Y3-27| Ext: CBP",Y,,
C-Town Chivalry,"Daniels, Jayden",QB,Rookie,Rookie-Draft,12000,12000,1,1,CL 3| TCV 36K| AAV 12K,CL 3| TCV 36K| AAV 12K,Y,,
C-Town Chivalry,"Davis, Isaiah",RB,Veteran,Vet-ERA,1000,1000,2,2,CL 3| TCV 3K| AAV 1K,CL 3| TCV 3K| AAV 1K,Y,,
C-Town Chivalry,"Davis, Ray",RB,(blank),Rookie-Draft,(blank),2000,(blank),1,(blank),CL 3| TCV 6K| AAV 2K,Y,Y,Y
C-Town Chivalry,"Downs, Caleb",S,R,Rookie-Draft,2000,2000,3,3,"CL 3|TCV 6K|AAV 2K|Y1-2K, Y2-2K, Y3-2K|GTD: 4.5K","CL 3|TCV 6K|AAV 2K|Y1-2K, Y2-2K, Y3-2K|GTD: 4.5K",Y,,
C-Town Chivalry,"Golday, Jake",LB,R,Rookie-Draft,1000,1000,3,3,"CL 3|TCV 3K|AAV 1K|Y1-1K, Y2-1K, Y3-1K|GTD: 2K","CL 3|TCV 3K|AAV 1K|Y1-1K, Y2-1K, Y3-1K|GTD: 2K",Y,,
C-Town Chivalry,"Hall, Breece",RB,Veteran,Vet-Ext2,35000,35000,1,1,"CL 2| TCV 70K| AAV 35K| Y1-35K, Y2-35K| Ext: Blake","CL 2| TCV 70K| AAV 35K| Y1-35K, Y2-35K| Ext: Blake",Y,,
C-Town Chivalry,"Higgins, Tee",WR,Veteran,Vet-Ext1,24000,24000,1,1,"CL 2| TCV 48K| AAV 47K| Y1-24, Y2-24| Ext: Mafia, LH, C-Town","CL 2| TCV 48K| AAV 47K| Y1-24, Y2-24| Ext: Mafia, LH, C-Town| restructure: 2025",Y,Y,
C-Town Chivalry,"LaPorta, Sam",TE,EXT2-BL,Vet-Ext2-BL,10000,10000,2,2,"CL 2|TCV 50K|AAV 25K|Y1-10K, Y2-40K|Ext: CTwn|GTD: 37.5K","CL 2|TCV 50K|AAV 25K|Y1-10K, Y2-40K|Ext: CTwn|GTD: 37.5K",Y,,
C-Town Chivalry,"Lake, Quentin",S,Veteran,Vet-MYM,1000,1000,1,1,"CL 3| TCV 3K| AAV 1K| Y1-1, Y2-1, Y3-1","CL 3| TCV 3K| AAV 1K| Y1-1, Y2-1, Y3-1",Y,,
C-Town Chivalry,"London, Drake",WR,BL,Vet-Ext2-BL,52000,52000,1,1,"CL 2| TCV 66K| AAV 33K| Y1-14, Y2-52| Ext: PG","CL 2| TCV 66K| AAV 33K| Y1-14, Y2-52| Ext: PG| restructure: 2025",Y,Y,
C-Town Chivalry,"McKinney, Xavier",S,Veteran,Vet-FAA,1000,1000,1,1,"CL 3| TCV 3K| AAV 1K| Y1-1, Y2-1, Y3-1","CL 3| TCV 3K| AAV 1K| Y1-1, Y2-1, Y3-1",Y,,
C-Town Chivalry,"Milroe, Jalen",QB,(blank),Rookie-Draft,(blank),5000,(blank),2,(blank),CL 3| TCV 15K| AAV 5K,Y,Y,Y
C-Town Chivalry,"Pickens, George",WR,TAG,Tag,51000,51000,1,1,CL 1| TCV 51K| AAV 51K| GTD 38.3K| Tag| Tier 1| Formula: Avg Top 1-6 WR AAV,CL 1| TCV 51K| AAV 51K| GTD 38.3K| Tag| Tier 1| Formula: Avg Top 1-6 WR AAV,Y,,
C-Town Chivalry,"Pollard, Tony",RB,Veteran,Vet-Ext1,27000,27000,1,1,"CL 2| TCV 54K| AAV 27K| Y1-27K, Y2-27K| Ext: C-Town","CL 2| TCV 54K| AAV 27K| Y1-27K, Y2-27K| Ext: C-Town",Y,,
C-Town Chivalry,"Smith-Njigba, Jaxon",WR,FL,Vet-Ext2-FL,1000,1000,2,2,"CL 3| TCV 70K| AAV 30K| Y1-14K, Y2-1K, Y3-55K| Ext: C-Town","CL 3| TCV 70K| AAV 30K| Y1-14K, Y2-1K, Y3-55K| Ext: C-Town| restructure: 2025",Y,Y,
C-Town Chivalry,"Stutsman, Danny",LB,(blank),Rookie-Draft,(blank),1000,(blank),2,(blank),CL 3| TCV 3K| AAV 1K,Y,Y,Y
C-Town Chivalry,"Tagovailoa, Tua",QB,FL,Vet-Ext2-FL,15000,15000,1,1,CL 3| TCV 116K| AAV 49K| Y1-86 Y2-15 Y3-15| Ext: C-Town,CL 3| TCV 116K| AAV 49K| Y1-86 Y2-15 Y3-15| Ext: C-Town,Y,,
C-Town Chivalry,"Taylor, Tory",PN,Rookie,Rookie-Draft,1000,1000,1,1,CL 3| TCV 3K| AAV 1K,CL 3| TCV 3K| AAV 1K,Y,,
C-Town Chivalry,"Tracy, Tyrone",RB,Rookie,Rookie-Draft,2000,2000,1,1,CL 3| TCV 6K| AAV 2K,CL 3| TCV 6K| AAV 2K,Y,,
C-Town Chivalry,"Wright, Jaylen",RB,(blank),Rookie-Draft,(blank),5000,(blank),1,(blank),CL 3| TCV 15K| AAV 5K,Y,Y,Y
CBP,"Coleman, Jonah",RB,R,Rookie-Draft,5000,5000,3,3,"CL 3|TCV 15K|AAV 5K|Y1-5K, Y2-5K, Y3-5K|GTD: 11.3K","CL 3|TCV 15K|AAV 5K|Y1-5K, Y2-5K, Y3-5K|GTD: 11.3K",Y,,
CBP,"Collins, Nico",WR,BL,Vet-Ext2-BL,47000,47000,2,2,"CL 3| TCV 110K| AAV 42K|Y1-16K, Y2-47K, Y3-47K|  Ext: C-Town, CBP","CL 3| TCV 110K| AAV 42K|Y1-16K, Y2-47K, Y3-47K|  Ext: C-Town, CBP",Y,,
CBP,"Egbuka, Emeka",WR,Rookie,Rookie-Draft,5000,5000,2,2,CL 3| TCV 15K| AAV 5K,CL 3| TCV 15K| AAV 5K,Y,,
CBP,"Elliott, Keyshaun",LB,R,Rookie-Draft,1000,1000,3,3,"CL 3|TCV 3K|AAV 1K|Y1-1K, Y2-1K, Y3-1K|GTD: 2K","CL 3|TCV 3K|AAV 1K|Y1-1K, Y2-1K, Y3-1K|GTD: 2K",Y,,
CBP,"Gabriel, Dillon",QB,(blank),Rookie-Draft,(blank),2000,(blank),2,(blank),CL 3| TCV 6K| AAV 2K,Y,Y,Y
CBP,"Howard, Will",QB,(blank),Rookie-Draft,(blank),2000,(blank),2,(blank),CL 3| TCV 6K| AAV 2K,Y,Y,Y
CBP,"Hurst, Ted",WR,R,Rookie-Draft,5000,5000,3,3,"CL 3|TCV 15K|AAV 5K|Y1-5K, Y2-5K, Y3-5K|GTD: 11.3K","CL 3|TCV 15K|AAV 5K|Y1-5K, Y2-5K, Y3-5K|GTD: 11.3K",Y,,
CBP,"Klubnik, Cade",QB,R,Rookie-Draft,2000,2000,3,3,"CL 3|TCV 6K|AAV 2K|Y1-2K, Y2-2K, Y3-2K|GTD: 4.5K","CL 3|TCV 6K|AAV 2K|Y1-2K, Y2-2K, Y3-2K|GTD: 4.5K",Y,,
CBP,"Kmet, Cole",TE,FL,Vet-FAA-FL,6000,6000,1,1,"CL 3| TCV 27K| AAV 9K| Y1-20, Y2-1, Y3-6","CL 3| TCV 27K| AAV 9K| Y1-20, Y2-1, Y3-6",Y,,
CBP,"Love, Jordan",QB,Veteran,Vet-Ext2,21000,21000,1,1,"CL 3| TCV 43K| AAV 21K| Y1-1, Y2-21, Y3-21| Ext: PG","CL 3| TCV 43K| AAV 21K| Y1-1, Y2-21, Y3-21| Ext: PG",Y,,
CBP,"Mitchell, Keaton",RB,Veteran,Vet-WW,1000,1000,2,2,CL 3| TCV 3K| AAV 1K,CL 3| TCV 3K| AAV 1K,Y,,
CBP,"Pearsall, Ricky",WR,Rookie,Rookie-Draft,5000,5000,1,1,CL 3| TCV 15K| AAV 5K,CL 3| TCV 15K| AAV 5K,Y,,
CBP,"Rattler, Spencer",QB,Rookie,Rookie-Draft,2000,2000,1,1,CL 3| TCV 6K| AAV 2K,CL 3| TCV 6K| AAV 2K,Y,,
CBP,"Sadiq, Kenyon",TE,R,Rookie-Draft,8000,8000,3,3,"CL 3|TCV 24K|AAV 8K|Y1-8K, Y2-8K, Y3-8K|GTD: 18K|Keep Option as Y4Option =13K","CL 3|TCV 24K|AAV 8K|Y1-8K, Y2-8K, Y3-8K, Y4-13K Option|GTD: 18K",Y,Y,
CBP,"Shough, Tyler",QB,(blank),Rookie-Draft,(blank),5000,(blank),2,(blank),CL 3| TCV 15K| AAV 5K,Y,Y,Y
CBP,"Stowers, Eli",TE,R,Rookie-Draft,5000,5000,3,3,"CL 3|TCV 15K|AAV 5K|Y1-5K, Y2-5K, Y3-5K|GTD: 11.3K|Keep Option as Y4Option =10K","CL 3|TCV 15K|AAV 5K|Y1-5K, Y2-5K, Y3-5K, Y4-10K Option|GTD: 11.3K",Y,Y,
CBP,"Verse, Jared",DE,Rookie,Rookie-Draft,1000,1000,1,1,CL 3| TCV 3K| AAV 1K,CL 3| TCV 3K| AAV 1K,Y,,
CBP,"Wilson, Garrett",WR,BL,Vet-Ext2-BL,44000,44000,1,1,"CL 2| TCV 68K| AAV 34K| Y1-24, Y2-44| Ext: CBP","CL 2| TCV 68K| AAV 34K| Y1-24, Y2-44| Ext: CBP",Y,,
CBP,"Wilson, Roman",WR,(blank),Rookie-Draft,(blank),2000,(blank),1,(blank),CL 3| TCV 6K| AAV 2K,Y,Y,Y
Cleon Ca$h,"Arroyo, Elijah",TE,(blank),Rookie-Draft,(blank),2000,(blank),2,(blank),CL 3| TCV 6K| AAV 2K,Y,Y,Y
Cleon Ca$h,"Branch, Zachariah",WR,R,Rookie-Draft,2000,2000,3,3,"CL 3|TCV 6K|AAV 2K|Y1-2K, Y2-2K, Y3-2K|GTD: 4.5K","CL 3|TCV 6K|AAV 2K|Y1-2K, Y2-2K, Y3-2K|GTD: 4.5K",Y,,
Cleon Ca$h,"Dart, Jaxson",QB,Rookie,Rookie-Draft,9000,9000,2,2,CL 3| TCV 27K| AAV 9K | Option Eligible,CL 3| TCV 27K| AAV 9K | Option Eligible,Y,,
Cleon Ca$h,"Green, Taylen",QB,R,Rookie-Draft,2000,2000,3,3,"CL 3|TCV 6K|AAV 2K|Y1-2K, Y2-2K, Y3-2K|GTD: 4.5K","CL 3|TCV 6K|AAV 2K|Y1-2K, Y2-2K, Y3-2K|GTD: 4.5K",Y,,
Cleon Ca$h,"Harris, Tre",WR,(blank),Rookie-Draft,(blank),5000,(blank),2,(blank),CL 3| TCV 15K| AAV 5K,Y,Y,Y
Cleon Ca$h,"Herbert, Justin",QB,FL,Vet-FAA-FL,51000,51000,2,2,"CL 3| TCV 153K| AAV 51K| Y1-61, Y2-51, Y3-41","CL 3| TCV 153K| AAV 51K| Y1-61, Y2-51, Y3-41",Y,,
Cleon Ca$h,"Jacas, Gabe",DE,R,Rookie-Draft,1000,1000,3,3,"CL 3|TCV 3K|AAV 1K|Y1-1K, Y2-1K, Y3-1K|GTD: 2K","CL 3|TCV 3K|AAV 1K|Y1-1K, Y2-1K, Y3-1K|GTD: 2K",Y,,
Cleon Ca$h,"Jeudy, Jerry",WR,FL,Vet-FAA-FL,1000,1000,1,1,"CL 3| TCV 9K| AAV 3K| Y1-7, Y2-1, Y3-1","CL 3| TCV 9K| AAV 3K| Y1-7, Y2-1, Y3-1",Y,,
Cleon Ca$h,"Kraft, Tucker",TE,EXT1,Vet-Ext1,12000,12000,1,1,CL 1|TCV 12K|AAV 12K|Y1-12K|Ext: Cash|GTD: 9K,CL 1|TCV 12K|AAV 12K|Y1-12K|Ext: Cash|GTD: 9K,Y,,
Cleon Ca$h,"Lamb, CeeDee",WR,Veteran,Vet-Ext2,64000,64000,1,1,"CL 3| TCV 172K| AAV 64K| Y1- 44K Y2- 64K Y3- 64K| Ext: L.A. Looks, Cleon","CL 3| TCV 172K| AAV 64K| Y1- 44K Y2- 64K Y3- 64K| Ext: L.A. Looks, Cleon",Y,,
Cleon Ca$h,"Love, Jeremiyah",RB,R,Rookie-Draft,15000,15000,3,3,"CL 3|TCV 45K|AAV 15K|Y1-15K, Y2-15K, Y3-15K|GTD: 33.8K|Keep Option as Y4Option =20K","CL 3|TCV 45K|AAV 15K|Y1-15K, Y2-15K, Y3-15K, Y4-20K Option|GTD: 33.8K",Y,Y,
Cleon Ca$h,"Loveland, Colston",TE,Rookie,Rookie-Draft,5000,5000,2,2,CL 3| TCV 15K| AAV 5K,CL 3| TCV 15K| AAV 5K,Y,,
Cleon Ca$h,"McCarthy, J.J.",QB,Rookie,Rookie-Draft,11000,11000,1,1,CL 3| TCV 33K| AAV 11K,CL 3| TCV 33K| AAV 11K,Y,,
Cleon Ca$h,"McMillan, Jalen",WR,(blank),Rookie-Draft,(blank),2000,(blank),1,(blank),CL 3| TCV 6K| AAV 2K,Y,Y,Y
Cleon Ca$h,"Miller, Jam",RB,R,Rookie-Draft,2000,2000,3,3,"CL 3|TCV 6K|AAV 2K|Y1-2K, Y2-2K, Y3-2K|GTD: 4.5K","CL 3|TCV 6K|AAV 2K|Y1-2K, Y2-2K, Y3-2K|GTD: 4.5K",Y,,
Cleon Ca$h,"Nabers, Malik",WR,Rookie,Rookie-Draft,13000,13000,1,1,CL 3| TCV 39K| AAV 13K,CL 3| TCV 39K| AAV 13K,Y,,
Cleon Ca$h,"Reese, Arvell",LB,R,Rookie-Draft,2000,2000,3,3,"CL 3|TCV 6K|AAV 2K|Y1-2K, Y2-2K, Y3-2K|GTD: 4.5K","CL 3|TCV 6K|AAV 2K|Y1-2K, Y2-2K, Y3-2K|GTD: 4.5K",Y,,
Cleon Ca$h,"Robinson, Bijan",RB,EXT2,Vet-Ext2,35000,35000,2,2,"CL 2|TCV 70K|AAV 35K|Y1-35K, Y2-35K|Ext: Cash|GTD: 52.5K","CL 2|TCV 70K|AAV 35K|Y1-35K, Y2-35K|Ext: Cash|GTD: 52.5K",Y,,
Cleon Ca$h,"Robinson, Wan'Dale",WR,Veteran,Vet-Ext1,22000,22000,1,1,"CL 2| TCV 34K| AAV 22K| Y1-12K, Y2-22K| Ext: Blake, LH","CL 2| TCV 34K| AAV 22K| Y1-12K, Y2-22K| Ext: Blake, LH",Y,,
Cleon Ca$h,"Royals, Jalen",WR,(blank),Rookie-Draft,(blank),2000,(blank),2,(blank),CL 3| TCV 6K| AAV 2K,Y,Y,Y
Cleon Ca$h,"Shakir, Khalil",WR,BL,Vet-ERA-BL,25000,25000,2,2,"CL 3| TCV 57K| AAV 19K| Y1-14K, Y2-25K, Y3-18K","CL 3| TCV 57K| AAV 19K| Y1-14K, Y2-25K, Y3-18K",Y,,
Cleon Ca$h,"Singleton, Nicholas",RB,R,Rookie-Draft,5000,5000,3,3,"CL 3|TCV 15K|AAV 5K|Y1-5K, Y2-5K, Y3-5K|GTD: 11.3K","CL 3|TCV 15K|AAV 5K|Y1-5K, Y2-5K, Y3-5K|GTD: 11.3K",Y,,
Cleon Ca$h,"Smith, Roquan",LB,FL,Vet-FAA-FL,1000,1000,1,1,"CL 3| TCV 12K| AAV 4K| Y1-8, Y2-3, Y3-1","CL 3| TCV 12K| AAV 4K| Y1-8, Y2-3, Y3-1",Y,,
Cleon Ca$h,"Starks, Malaki",S,Rookie,Rookie-Draft,2000,2000,2,2,CL 3| TCV 6K| AAV 2K,CL 3| TCV 6K| AAV 2K,Y,,
Cleon Ca$h,"TeSlaa, Isaac",WR,(blank),Rookie-Draft,(blank),2000,(blank),2,(blank),CL 3| TCV 6K| AAV 2K,Y,Y,Y
Cleon Ca$h,"Trice, Bralen",DE,Rookie,Rookie-Draft,1000,1000,1,1,CL 3| TCV 3K| AAV 1K,CL 3| TCV 3K| AAV 1K,Y,,
Cleon Ca$h,"Walker, Devontez",WR,(blank),Rookie-Draft,(blank),2000,(blank),1,(blank),CL 3| TCV 6K| AAV 2K,Y,Y,Y
Cleon Ca$h,"Walker, Travon",DE,Veteran,Vet-MYM,1000,1000,1,1,"CL 3| TCV 3K| AAV 1K| Y1-1, Y2-1, Y3-1","CL 3| TCV 3K| AAV 1K| Y1-1, Y2-1, Y3-1",Y,,
Cleon Ca$h,"Williams, Mykel",DE,(blank),Rookie-Draft,(blank),2000,(blank),2,(blank),CL 3| TCV 6K| AAV 2K,Y,Y,Y
Gride,"Bech, Jack",WR,(blank),Rookie-Draft,(blank),5000,(blank),2,(blank),CL 3| TCV 15K| AAV 5K,Y,Y,Y
Gride,"Bell, Chris",WR,R,Rookie-Draft,5000,5000,3,3,"CL 3|TCV 15K|AAV 5K|Y1-5K, Y2-5K, Y3-5K|GTD: 11.3K","CL 3|TCV 15K|AAV 5K|Y1-5K, Y2-5K, Y3-5K|GTD: 11.3K",Y,,
Gride,"Brazzell II, Chris",WR,R,Rookie-Draft,2000,2000,3,3,"CL 3|TCV 6K|AAV 2K|Y1-2K, Y2-2K, Y3-2K|GTD: 4.5K","CL 3|TCV 6K|AAV 2K|Y1-2K, Y2-2K, Y3-2K|GTD: 4.5K",Y,,
Gride,"Coker, Jalen",WR,Rookie,Rookie-MYM,1000,1000,1,1,"CL 3| TCV 3K| AAV 1K| Y1-1, Y2-1, Y3-1","CL 3| TCV 3K| AAV 1K| Y1-1, Y2-1, Y3-1",Y,,
Gride,"Darnold, Sam",QB,Veteran,Vet-FAA,18000,18000,1,1,CL 2| TCV 36K| AAV 18K,CL 2| TCV 36K| AAV 18K,Y,,
Gride,"Etienne, Trevor",RB,(blank),Rookie-Draft,(blank),2000,(blank),2,(blank),CL 3| TCV 6K| AAV 2K,Y,Y,Y
Gride,"Giddens, DJ",RB,(blank),Rookie-Draft,(blank),2000,(blank),2,(blank),CL 3| TCV 6K| AAV 2K,Y,Y,Y
Gride,"Graham, Mason",DT,(blank),Rookie-Draft,(blank),1000,(blank),2,(blank),CL 3| TCV 3K| AAV 1K,Y,Y,Y
Gride,"Hill Jr., Anthony",LB,R,Rookie-Draft,2000,2000,3,3,"CL 3|TCV 6K|AAV 2K|Y1-2K, Y2-2K, Y3-2K|GTD: 4.5K","CL 3|TCV 6K|AAV 2K|Y1-2K, Y2-2K, Y3-2K|GTD: 4.5K",Y,,
Gride,"Johnson, Emmett",RB,R,Rookie-Draft,5000,5000,3,3,"CL 3|TCV 15K|AAV 5K|Y1-5K, Y2-5K, Y3-5K|GTD: 11.3K","CL 3|TCV 15K|AAV 5K|Y1-5K, Y2-5K, Y3-5K|GTD: 11.3K",Y,,
Gride,"Joly, Justin",TE,R,Rookie-Draft,2000,2000,3,3,"CL 3|TCV 6K|AAV 2K|Y1-2K, Y2-2K, Y3-2K|GTD: 4.5K","CL 3|TCV 6K|AAV 2K|Y1-2K, Y2-2K, Y3-2K|GTD: 4.5K",Y,,
Gride,"Monangai, Kyle",RB,(blank),Rookie-Draft,(blank),2000,(blank),2,(blank),CL 3| TCV 6K| AAV 2K,Y,Y,Y
Gride,"Moore, D.J.",WR,Veteran,Vet-FAA,21000,21000,1,1,CL 2| TCV 42K| AAV 21K,CL 2| TCV 42K| AAV 21K,Y,,
Gride,"Neal, Devin",RB,Rookie,Rookie-Draft,2000,2000,2,2,CL 3| TCV 6K| AAV 2K,CL 3| TCV 6K| AAV 2K,Y,,
Gride,"Njoku, David",TE,Veteran,Vet-FAA,27000,27000,1,1,CL 2| TCV 54K| AAV 27K,CL 2| TCV 54K| AAV 27K,Y,,
Gride,"Pittman, Michael",WR,Veteran,Vet-Ext2,45000,45000,1,1,CL 3| TCV 115K| AAV 45K| Y1-25K Y2-45K Y3-45K| Ext: PG,CL 3| TCV 115K| AAV 45K| Y1-25K Y2-45K Y3-45K| Ext: PG,Y,,
Gride,"Price, Jadarian",RB,R,Rookie-Draft,12000,12000,3,3,"CL 3|TCV 36K|AAV 12K|Y1-12K, Y2-12K, Y3-12K|GTD: 27K|Keep Option as Y4Option =17K","CL 3|TCV 36K|AAV 12K|Y1-12K, Y2-12K, Y3-12K, Y4-17K Option|GTD: 27K",Y,Y,
Gride,"Randall, Adam",RB,R,Rookie-Draft,2000,2000,3,3,"CL 3|TCV 6K|AAV 2K|Y1-2K, Y2-2K, Y3-2K|GTD: 4.5K","CL 3|TCV 6K|AAV 2K|Y1-2K, Y2-2K, Y3-2K|GTD: 4.5K",Y,,
Gride,"Rice, Brenden",WR,(blank),Rookie-Draft,(blank),2000,(blank),1,(blank),CL 3| TCV 6K| AAV 2K,Y,Y,Y
Gride,"Samuel, Deebo",WR,Veteran,Vet-FAA,8000,8000,2,2,CL 3| TCV 24K| AAV 8K,CL 3| TCV 24K| AAV 8K,Y,,
Gride,"Skattebo, Cam",RB,Rookie,Rookie-Draft,5000,5000,2,2,CL 3| TCV 15K| AAV 5K,CL 3| TCV 15K| AAV 5K,Y,,
Gride,"Smack, Trey",PK,R,Rookie-Draft,1000,1000,3,3,"CL 3|TCV 3K|AAV 1K|Y1-1K, Y2-1K, Y3-1K|GTD: 2K","CL 3|TCV 3K|AAV 1K|Y1-1K, Y2-1K, Y3-1K|GTD: 2K",Y,,
Gride,"Tyson, Jordyn",WR,R,Rookie-Draft,11000,11000,3,3,"CL 3|TCV 33K|AAV 11K|Y1-11K, Y2-11K, Y3-11K|GTD: 24.8K|Keep Option as Y4Option =16K","CL 3|TCV 33K|AAV 11K|Y1-11K, Y2-11K, Y3-11K, Y4-16K Option|GTD: 24.8K",Y,Y,
Gride,"Vidal, Kimani",RB,Rookie,Rookie-Draft,2000,2000,1,1,CL 3| TCV 6K| AAV 2K,CL 3| TCV 6K| AAV 2K,Y,,
Gride,"Williams, Antonio",WR,R,Rookie-Draft,5000,5000,3,3,"CL 3|TCV 15K|AAV 5K|Y1-5K, Y2-5K, Y3-5K|GTD: 11.3K|Keep Option as Y4Option =10K","CL 3|TCV 15K|AAV 5K|Y1-5K, Y2-5K, Y3-5K, Y4-10K Option|GTD: 11.3K",Y,Y,
Gride,"Wilson, Payton",LB,(blank),Rookie-Draft,(blank),1000,(blank),1,(blank),CL 3| TCV 3K| AAV 1K,Y,Y,Y
Gride,"Young, Bryce",QB,EXT2,Vet-Ext2,33000,33000,2,2,"CL 2|TCV 66K|AAV 33K|Y1-33K, Y2-33K|Ext: GRID|GTD: 49.5K","CL 2|TCV 66K|AAV 33K|Y1-33K, Y2-33K|Ext: GRID|GTD: 49.5K",Y,,
HammerTime 🔨 ⏰,"Addison, Jordan",WR,Veteran,Vet-Ext1,17000,17000,1,1,CL 2| TCV 24K| AAV 17K| Ext: LH,CL 2| TCV 24K| AAV 17K| Ext: LH,Y,,
HammerTime 🔨 ⏰,"Bateman, Rashod",WR,Veteran,Vet-FAA,5000,5000,2,2,CL 3| TCV 15K| AAV 5K,CL 3| TCV 15K| AAV 5K,Y,,
HammerTime 🔨 ⏰,"Bell, Skyler",WR,R,Rookie-Draft,5000,5000,3,3,"CL 3|TCV 15K|AAV 5K|Y1-5K, Y2-5K, Y3-5K|GTD: 11.3K","CL 3|TCV 15K|AAV 5K|Y1-5K, Y2-5K, Y3-5K|GTD: 11.3K",Y,,
HammerTime 🔨 ⏰,"Burden, Luther",WR,Rookie,Rookie-Draft,5000,5000,2,2,CL 3| TCV 15K| AAV 5K | Option Eligible,CL 3| TCV 15K| AAV 5K | Option Eligible,Y,,
HammerTime 🔨 ⏰,"Campbell, Jack",LB,Veteran,Vet-MYM,3000,3000,1,1,"CL 3| TCV 9K| AAV 3K| Y1-3, Y2-3, Y3-3","CL 3| TCV 9K| AAV 3K| Y1-3, Y2-3, Y3-3",Y,,
HammerTime 🔨 ⏰,"Chase, Ja'Marr",WR,BL,Vet-Ext2-BL,26000,26000,2,2,"CL 2| TCV 129K| AAV 54K| Y1-26K, Y2-103K| GTD: 96.8K| Ext: Creel, Hammer","CL 2| TCV 129K| AAV 54K| Y1-26K, Y2-103K| GTD: 96.8K| Ext: Creel, Hammer| restructure: 2026",Y,Y,
HammerTime 🔨 ⏰,"Claiborne, Demond",RB,R,Rookie-Draft,2000,2000,3,3,"CL 3|TCV 6K|AAV 2K|Y1-2K, Y2-2K, Y3-2K|GTD: 4.5K","CL 3|TCV 6K|AAV 2K|Y1-2K, Y2-2K, Y3-2K|GTD: 4.5K",Y,,
HammerTime 🔨 ⏰,"Franklin, Troy",WR,Rookie,Rookie-Draft,5000,5000,1,1,CL 3| TCV 15K| AAV 5K,CL 3| TCV 15K| AAV 5K,Y,,
HammerTime 🔨 ⏰,"Gray, Cedric",LB,Rookie,Rookie-Draft,1000,1000,1,1,CL 3| TCV 3K| AAV 1K,CL 3| TCV 3K| AAV 1K,Y,,
HammerTime 🔨 ⏰,"Hockenson, T.J.",TE,MYM - Vet,Vet-MYM,11000,11000,2,2,"CL 3| TCV 33K| AAV 11K| Y1-11K, Y2-11K, Y3-11K| GTD: 24750","CL 3| TCV 33K| AAV 11K| Y1-11K, Y2-11K, Y3-11K| GTD: 24750",Y,,
HammerTime 🔨 ⏰,"Laube, Dylan",RB,(blank),Rookie-Draft,(blank),2000,(blank),1,(blank),CL 3| TCV 6K| AAV 2K,Y,Y,Y
HammerTime 🔨 ⏰,"Lawrence, Malachi",DE,R,Rookie-Draft,1000,1000,3,3,"CL 3|TCV 3K|AAV 1K|Y1-1K, Y2-1K, Y3-1K|GTD: 2K","CL 3|TCV 3K|AAV 1K|Y1-1K, Y2-1K, Y3-1K|GTD: 2K",Y,,
HammerTime 🔨 ⏰,"McBride, Trey",TE,BL,Vet-Ext2-BL,35000,35000,1,1,"CL 2| TCV 44K| AAV 22K| Y1-9K, Y2-35K| Ext: Hammer","CL 2| TCV 44K| AAV 22K| Y1-9K, Y2-35K| Ext: Hammer",Y,,
HammerTime 🔨 ⏰,"McConkey, Ladd",WR,Rookie,Rookie-Draft,5000,5000,1,1,CL 3| TCV 15K| AAV 5K,CL 3| TCV 15K| AAV 5K,Y,,
HammerTime 🔨 ⏰,"Mesidor, Akheem",DE,R,Rookie-Draft,2000,2000,3,3,"CL 3|TCV 6K|AAV 2K|Y1-2K, Y2-2K, Y3-2K|GTD: 4.5K","CL 3|TCV 6K|AAV 2K|Y1-2K, Y2-2K, Y3-2K|GTD: 4.5K",Y,,
HammerTime 🔨 ⏰,"Montgomery, David",RB,EXT1,Vet-Ext1,12000,12000,2,2,"CL 2| TCV 42K| AAV 20K, 30K| Y1-12K, Y2-30K| Ext: Hammer| GTD: 31.5K","CL 2| TCV 42K| AAV 20K, 30K| Y1-12K, Y2-30K| Ext: Hammer| GTD: 31.5K",Y,,
HammerTime 🔨 ⏰,"Murphy, Byron",DT,(blank),Rookie-Draft,(blank),1000,(blank),1,(blank),CL 3| TCV 3K| AAV 1K,Y,Y,Y
HammerTime 🔨 ⏰,"Penix Jr., Michael",QB,Rookie,Rookie-Draft,5000,5000,1,1,CL 3| TCV 15K| AAV 5K,CL 3| TCV 15K| AAV 5K,Y,,
HammerTime 🔨 ⏰,"Richardson, Anthony",QB,Veteran,Vet-WW,11000,11000,2,2,CL 3| TCV 33K| AAV 11K,CL 3| TCV 33K| AAV 11K,Y,,
HammerTime 🔨 ⏰,"Sinnott, Ben",TE,(blank),Rookie-Draft,(blank),2000,(blank),1,(blank),CL 3| TCV 6K| AAV 2K,Y,Y,Y
HammerTime 🔨 ⏰,"Smith, Ainias",WR,(blank),Rookie-Draft,(blank),2000,(blank),1,(blank),CL 3| TCV 6K| AAV 2K,Y,Y,Y
HammerTime 🔨 ⏰,"Smith, Geno",QB,BL,Vet-FAA-BL,1000,1000,2,2,"CL 3| TCV 45K| AAV 15K| Y1-9K, Y2-1K, Y3-35K","CL 3| TCV 45K| AAV 15K| Y1-9K, Y2-1K, Y3-35K",Y,,
HammerTime 🔨 ⏰,"Smith, Jonnu",TE,Veteran,Vet-FAA,6000,6000,2,2,"CL 3| TCV 18K| AAV 6K| Y1-6K, Y2-6K, Y3-6K","CL 3| TCV 18K| AAV 6K| Y1-6K, Y2-6K, Y3-6K",Y,,
HammerTime 🔨 ⏰,"Stover, Cade",TE,(blank),Rookie-Draft,(blank),2000,(blank),1,(blank),CL 3| TCV 6K| AAV 2K,Y,Y,Y
HammerTime 🔨 ⏰,"Stroud, C.J.",QB,EXT1,Vet-Ext1,22000,22000,1,1,CL 1| TCV 22K| AAV 22K| Y1-22K| GTD: 16.5K| Ext: 🔨 ⏰,CL 1| TCV 22K| AAV 22K| Y1-22K| GTD: 16.5K| Ext: 🔨 ⏰,Y,,
HammerTime 🔨 ⏰,"Taylor, Mason",TE,Rookie,Rookie-Draft,2000,2000,2,2,CL 3| TCV 6K| AAV 2K,CL 3| TCV 6K| AAV 2K,Y,,
HammerTime 🔨 ⏰,"Walker III, Kenneth",RB,BL,Vet-Ext1-BL,15000,15000,2,2,"CL 2| TCV 74K| AAV 32K, 42K| Y1-15K, Y2-59K| GTD: 55.5K| Ext: PG, RealDeal","CL 2| TCV 74K| AAV 32K, 42K| Y1-15K, Y2-59K| GTD: 55.5K| Ext: PG, RealDeal| restructure: 2026",Y,Y,
HammerTime 🔨 ⏰,"Walker, Jalon",DE,(blank),Rookie-Draft,(blank),1000,(blank),2,(blank),CL 3| TCV 3K| AAV 1K,Y,Y,Y
HammerTime 🔨 ⏰,"Williams, Javonte",RB,TAG,Tag,30000,30000,1,1,CL 1| TCV 30K| AAV 30K| GTD 22.5K| Tag| Tier 3| Formula: Avg Top 9-31 RB AAV | 10% AAV floor (rounded up to $1K) | 10% AAV floor (rounded up to $1K),CL 1| TCV 30K| AAV 30K| GTD 22.5K| Tag| Tier 3| Formula: Avg Top 9-31 RB AAV | 10% AAV floor (rounded up to $1K) | 10% AAV floor (rounded up to $1K),Y,,
Hawks,"Allar, Drew",QB,R,Rookie-Draft,2000,2000,3,3,"CL 3|TCV 6K|AAV 2K|Y1-2K, Y2-2K, Y3-2K|GTD: 4.5K","CL 3|TCV 6K|AAV 2K|Y1-2K, Y2-2K, Y3-2K|GTD: 4.5K",Y,,
Hawks,"Allen, CJ",LB,R,Rookie-Draft,2000,2000,3,3,"CL 3|TCV 6K|AAV 2K|Y1-2K, Y2-2K, Y3-2K|GTD: 4.5K","CL 3|TCV 6K|AAV 2K|Y1-2K, Y2-2K, Y3-2K|GTD: 4.5K",Y,,
Hawks,"Allen, LeQuint",RB,(blank),Rookie-Draft,(blank),2000,(blank),2,(blank),CL 3| TCV 6K| AAV 2K,Y,Y,Y
Hawks,"Black, Kaelon",RB,R,Rookie-Draft,5000,5000,3,3,"CL 3|TCV 15K|AAV 5K|Y1-5K, Y2-5K, Y3-5K|GTD: 11.3K","CL 3|TCV 15K|AAV 5K|Y1-5K, Y2-5K, Y3-5K|GTD: 11.3K",Y,,
Hawks,"Brown, Marquise",WR,Veteran,Vet-FAA,8000,8000,1,1,"CL 3| TCV 24K| AAV 8K| Y1-8, Y2-8, Y3-8","CL 3| TCV 24K| AAV 8K| Y1-8, Y2-8, Y3-8",Y,,
Hawks,"Bullard, Javon",S,Rookie,Rookie-Draft,1000,1000,1,1,CL 3| TCV 3K| AAV 1K,CL 3| TCV 3K| AAV 1K,Y,,
Hawks,"Carter, Abdul",DE,Rookie,Rookie-Draft,2000,2000,2,2,CL 3| TCV 6K| AAV 2K,CL 3| TCV 6K| AAV 2K,Y,,
Hawks,"Corley, Malachi",WR,(blank),Rookie-Draft,(blank),2000,(blank),1,(blank),CL 3| TCV 6K| AAV 2K,Y,Y,Y
Hawks,"Delane, Mansoor",CB,R,Rookie-Draft,1000,1000,3,3,"CL 3|TCV 3K|AAV 1K|Y1-1K, Y2-1K, Y3-1K|GTD: 2K","CL 3|TCV 3K|AAV 1K|Y1-1K, Y2-1K, Y3-1K|GTD: 2K",Y,,
Hawks,"Dike, Chimere",WR,Rookie,Rookie-MYM,5000,5000,2,2,CL 3| TCV 15K| AAV 5K,CL 3| TCV 15K| AAV 5K,Y,,
Hawks,"Dobbins, J.K.",RB,Veteran,Vet-FAA,9000,9000,1,1,"CL 3| TCV 27K| AAV 9K| Y1-9, Y2-9, Y3-9","CL 3| TCV 27K| AAV 9K| Y1-9, Y2-9, Y3-9",Y,,
Hawks,"Evans, Mike",WR,Veteran,Vet-FAA,24000,24000,1,1,"CL 3| TCV 72K| AAV 24K| Y1-24, Y2-24, Y3-24","CL 3| TCV 72K| AAV 24K| Y1-24, Y2-24, Y3-24",Y,,
Hawks,"Harvey, RJ",RB,Rookie,Rookie-Draft,11000,11000,2,2,CL 3| TCV 33K| AAV 11K | Option Eligible,CL 3| TCV 33K| AAV 11K | Option Eligible,Y,,
Hawks,"Johnson, Kaleb",RB,Rookie,Rookie-Draft,6000,6000,2,2,CL 3| TCV 18K| AAV 6K | Option Eligible,CL 3| TCV 18K| AAV 6K | Option Eligible,Y,,
Hawks,"Jones, Marcus",CB,Veteran,Vet-MYM,1000,1000,1,1,"CL 3| TCV 3K| AAV 1K| Y1-1, Y2-1, Y3-1","CL 3| TCV 3K| AAV 1K| Y1-1, Y2-1, Y3-1",Y,,
Hawks,"Kincaid, Dalton",TE,Veteran,Vet-Ext2,29000,29000,2,2,CL 3| TCV 67K| AAV 29K| Ext: PG,CL 3| TCV 67K| AAV 29K| Ext: PG,Y,,
Hawks,"Lane, Ja'Kobi",WR,R,Rookie-Draft,2000,2000,3,3,"CL 3|TCV 6K|AAV 2K|Y1-2K, Y2-2K, Y3-2K|GTD: 4.5K","CL 3|TCV 6K|AAV 2K|Y1-2K, Y2-2K, Y3-2K|GTD: 4.5K",Y,,
Hawks,"Lane, Jaylin",WR,(blank),Rookie-Draft,(blank),2000,(blank),2,(blank),CL 3| TCV 6K| AAV 2K,Y,Y,Y
Hawks,"Lemon, Makai",WR,R,Rookie-Draft,10000,10000,3,3,"CL 3|TCV 30K|AAV 10K|Y1-10K, Y2-10K, Y3-10K|GTD: 22.5K|Keep Option as Y4Option =15K","CL 3|TCV 30K|AAV 10K|Y1-10K, Y2-10K, Y3-10K, Y4-15K Option|GTD: 22.5K",Y,Y,
Hawks,"Martin, Nick",LB,(blank),Rookie-Draft,(blank),1000,(blank),2,(blank),CL 3| TCV 3K| AAV 1K,Y,Y,Y
Hawks,"Meyers, Jakobi",WR,Veteran,Vet-FAA,4000,4000,1,1,"CL 3| TCV 12K| AAV 4K| Y1-4, Y2-4, Y3-4","CL 3| TCV 12K| AAV 4K| Y1-4, Y2-4, Y3-4",Y,,
Hawks,"Owusu-Koramoah, Jeremiah",LB,Veteran,Vet-FAA,1000,1000,1,1,"CL 3| TCV 3K| AAV 1K| Y1-1, Y2-1, Y3-1","CL 3| TCV 3K| AAV 1K| Y1-1, Y2-1, Y3-1",Y,,
Hawks,"Robinson, Chop",DE,Rookie,Rookie-Draft,2000,2000,1,1,CL 3| TCV 6K| AAV 2K,CL 3| TCV 6K| AAV 2K,Y,,
Hawks,"Tate, Carnell",WR,R,Rookie-Draft,14000,14000,3,3,"CL 3|TCV 42K|AAV 14K|Y1-14K, Y2-14K, Y3-14K|GTD: 31.5K|Keep Option as Y4Option =19K","CL 3|TCV 42K|AAV 14K|Y1-14K, Y2-14K, Y3-14K, Y4-19K Option|GTD: 31.5K",Y,Y,
Hawks,"Warner, Fred",LB,Veteran,Vet-FAA,4000,4000,1,1,"CL 3| TCV 12K| AAV 4K| Y1-4, Y2-4, Y3-4","CL 3| TCV 12K| AAV 4K| Y1-4, Y2-4, Y3-4",Y,,
Hawks,"Williams, Kyren",RB,Veteran,Vet-Ext2,22000,22000,1,1,"CL 2| TCV 44K| AAV 22K| Y1-22K, Y2-22K| Ext: Hawks","CL 2| TCV 44K| AAV 22K| Y1-22K, Y2-22K| Ext: Hawks",Y,,
Hawks,"Wilson, Michael",WR,Veteran,Vet-MYM,5000,5000,2,2,CL 3| TCV 15K| AAV 5K,CL 3| TCV 15K| AAV 5K,Y,,
Hawks,"Worthy, Xavier",WR,Rookie,Rookie-Draft,5000,5000,1,1,CL 3| TCV 15K| AAV 5K,CL 3| TCV 15K| AAV 5K,Y,,
L.A. Looks,"Allen, Braelon",RB,(blank),Rookie-Draft,(blank),2000,(blank),1,(blank),CL 3| TCV 6K| AAV 2K,Y,Y,Y
L.A. Looks,"Aubrey, Brandon",PK,Veteran,Vet-FAA,2000,2000,1,1,CL 2| TCV 4K| AAV 2K,CL 2| TCV 4K| AAV 2K,Y,,
L.A. Looks,"Bailey, David",DE,R,Rookie-Draft,2000,2000,3,3,"CL 3|TCV 6K|AAV 2K|Y1-2K, Y2-2K, Y3-2K|GTD: 4.5K","CL 3|TCV 6K|AAV 2K|Y1-2K, Y2-2K, Y3-2K|GTD: 4.5K",Y,,
L.A. Looks,"Battle, Jordan",S,Vet-ERA,Vet-ERA,4000,4000,1,1,CL 1| TCV 4K| AAV 4K,CL 1| TCV 4K| AAV 4K,,,
L.A. Looks,"Bigsby, Tank",RB,Vet-ERA,Vet-ERA,4000,4000,1,1,CL 1| TCV 4K| AAV 4K,CL 1| TCV 4K| AAV 4K,,,
L.A. Looks,"Brown, Chase",RB,EXT2,Vet-Ext2,22000,22000,2,2,"CL 2|TCV 44K|AAV 22K|Y1-22K, Y2-22K|Ext: L.A.|GTD: 33K","CL 2|TCV 44K|AAV 22K|Y1-22K, Y2-22K|Ext: L.A.|GTD: 33K",Y,,
L.A. Looks,"Burks, Deion",WR,R,Rookie-Draft,2000,2000,3,3,"CL 3|TCV 6K|AAV 2K|Y1-2K, Y2-2K, Y3-2K|GTD: 4.5K","CL 3|TCV 6K|AAV 2K|Y1-2K, Y2-2K, Y3-2K|GTD: 4.5K",Y,,
L.A. Looks,"Charbonnet, Zach",RB,Vet-ERA,Vet-ERA,7000,7000,1,1,CL 1| TCV 7K| AAV 7K,CL 1| TCV 7K| AAV 7K,,,
L.A. Looks,"Curl, Kamren",S,TAG,Tag,4000,4000,1,1,CL 1| TCV 4K| AAV 4K| GTD 3K| Tag| Tier 1| Formula: Avg Top 1-6 DB AAV,CL 1| TCV 4K| AAV 4K| GTD 3K| Tag| Tier 1| Formula: Avg Top 1-6 DB AAV,Y,,
L.A. Looks,"Elliott, DeShon",S,Veteran,Vet-MYM,1000,1000,1,1,"CL 2| TCV 2K| AAV 1K| Y1-1K, Y2-1K| GTD: 1K","CL 2| TCV 2K| AAV 1K| Y1-1K, Y2-1K| GTD: 1K",Y,,
L.A. Looks,"Emmanwori, Nick",S,Rookie,Rookie-Draft,1000,1000,2,2,CL 3| TCV 3K| AAV 1K,CL 3| TCV 3K| AAV 1K,Y,,
L.A. Looks,"Ferguson, Jake",TE,Veteran,Vet-Ext1,21000,21000,1,1,"CL 2| TCV 32K| AAV 21K| Y1-11, Y2-21| Ext: Blake, L.A. Looks","CL 2| TCV 32K| AAV 21K| Y1-11, Y2-21| Ext: Blake, L.A. Looks",Y,,
L.A. Looks,"Green, Mike",DE,(blank),Rookie-Draft,(blank),2000,(blank),2,(blank),CL 3| TCV 6K| AAV 2K,Y,Y,Y
L.A. Looks,"Henry, Robert",RB,R,Rookie-Draft,2000,2000,3,3,"CL 3|TCV 6K|AAV 2K|Y1-2K, Y2-2K, Y3-2K|GTD: 4.5K","CL 3|TCV 6K|AAV 2K|Y1-2K, Y2-2K, Y3-2K|GTD: 4.5K",Y,,
L.A. Looks,"Jennings, Jauan",WR,Veteran,Vet-Ext1,21000,21000,1,1,"CL 2| TCV 32K| AAV 21K| Y1-11K, Y2-21K| Ext: Creel, L.A.| GTD: 24K","CL 2| TCV 32K| AAV 21K| Y1-11K, Y2-21K| Ext: Creel, L.A.| GTD: 24K",Y,,
L.A. Looks,"Lance, Bryce",WR,R,Rookie-Draft,2000,2000,3,3,"CL 3|TCV 6K|AAV 2K|Y1-2K, Y2-2K, Y3-2K|GTD: 4.5K","CL 3|TCV 6K|AAV 2K|Y1-2K, Y2-2K, Y3-2K|GTD: 4.5K",Y,,
L.A. Looks,"Latu, Laiatu",DE,(blank),Rookie-Draft,(blank),2000,(blank),1,(blank),CL 3| TCV 6K| AAV 2K,Y,Y,Y
L.A. Looks,"McNeil-Warren, Emmanuel",S,R,Rookie-Draft,1000,1000,3,3,"CL 3|TCV 3K|AAV 1K|Y1-1K, Y2-1K, Y3-1K|GTD: 2K","CL 3|TCV 3K|AAV 1K|Y1-1K, Y2-1K, Y3-1K|GTD: 2K",Y,,
L.A. Looks,"Mims, Marvin",WR,Vet-ERA,Vet-ERA,1000,1000,1,1,CL 1| TCV 1K| AAV 1K,CL 1| TCV 1K| AAV 1K,,,
L.A. Looks,"Mitchell, Adonai",WR,(blank),Rookie-Draft,(blank),5000,(blank),1,(blank),CL 3| TCV 15K| AAV 5K,Y,Y,Y
L.A. Looks,"Nix, Bo",QB,Rookie,Rookie-Draft,5000,5000,1,1,CL 3| TCV 15K| AAV 5K,CL 3| TCV 15K| AAV 5K,Y,,
L.A. Looks,"Parkinson, Colby",TE,MYM - Vet,Vet-MYM,1000,1000,1,1,"CL 2| TCV 2K| AAV 1K| Y1-1K, Y2-1K| GTD: 1K","CL 2| TCV 2K| AAV 1K| Y1-1K, Y2-1K| GTD: 1K",Y,,
L.A. Looks,"Pierce, Alec",WR,Veteran,Vet-FAA,2000,2000,1,1,CL 2| TCV 4K| AAV 2K,CL 2| TCV 4K| AAV 2K,Y,,
L.A. Looks,"Sampson, Dylan",RB,(blank),Rookie-Draft,(blank),2000,(blank),2,(blank),CL 3| TCV 6K| AAV 2K,Y,Y,Y
L.A. Looks,"Sanders, Shedeur",QB,(blank),Rookie-Draft,(blank),2000,(blank),2,(blank),CL 3| TCV 6K| AAV 2K,Y,Y,Y
L.A. Looks,"Sorsby, Brendan",QB,R,Rookie-Draft,2000,2000,3,3,"CL 3|TCV 6K|AAV 2K|Y1-2K, Y2-2K, Y3-2K|GTD: 4.5K","CL 3|TCV 6K|AAV 2K|Y1-2K, Y2-2K, Y3-2K|GTD: 4.5K",Y,,
L.A. Looks,"St. Brown, Amon-Ra",WR,TAG,Tag,51000,51000,1,1,CL 1| TCV 51K| AAV 51K| GTD 38.3K| Tag| Tier 1| Formula: Avg Top 1-6 WR AAV,CL 1| TCV 51K| AAV 51K| GTD 38.3K| Tag| Tier 1| Formula: Avg Top 1-6 WR AAV,Y,,
L.A. Looks,"Sutton, Courtland",WR,Veteran,Vet-Ext1,15000,15000,1,1,"CL 2| TCV 30K| AAV 20K| Y1-15K, Y2-15K| Ext: L.A. Looks","CL 2| TCV 30K| AAV 20K| Y1-15K, Y2-15K| Ext: L.A. Looks| restructure: 2025",Y,Y,
L.A. Looks,"Turner, Dallas",DE,(blank),Rookie-Draft,(blank),1000,(blank),1,(blank),CL 3| TCV 3K| AAV 1K,Y,Y,Y
L.A. Looks,"Wentz, Carson",QB,Veteran,Vet-MYM,1000,1000,1,1,CL 2| TCV 2K| AAV 1K,CL 2| TCV 2K| AAV 1K,Y,,
L.A. Looks,"Williams, Isaiah",WR,Veteran,Vet-MYM,1000,1000,1,1,"CL 2| TCV 2K| AAV 1K| Y1-1K, Y2-1K| GTD: 1K","CL 2| TCV 2K| AAV 1K| Y1-1K, Y2-1K| GTD: 1K",Y,,
Pure Greatness,"Adams, Davante",WR,FL,Vet-FAA-FL,20000,20000,1,1,"CL 3| TCV 90K| AAV 30K| Y1-50, Y2-20, Y3-20","CL 3| TCV 90K| AAV 30K| Y1-50, Y2-20, Y3-20",Y,,
Pure Greatness,"All, Erick",TE,(blank),Rookie-Draft,(blank),2000,(blank),1,(blank),CL 3| TCV 6K| AAV 2K,Y,Y,Y
Pure Greatness,"Bosa, Nick",DE,Veteran,Vet-FAA,5000,5000,1,1,"CL 3| TCV 15K| AAV 5K| Y1-5, Y2-5, Y3-5","CL 3| TCV 15K| AAV 5K| Y1-5, Y2-5, Y3-5",Y,,
Pure Greatness,"Douglas, Caleb",WR,R,Rookie-Draft,2000,2000,3,3,"CL 3|TCV 6K|AAV 2K|Y1-2K, Y2-2K, Y3-2K|GTD: 4.5K","CL 3|TCV 6K|AAV 2K|Y1-2K, Y2-2K, Y3-2K|GTD: 4.5K",Y,,
Pure Greatness,"Ertz, Zach",TE,MYM - Vet,Vet-MYM,1000,1000,1,1,"CL 2| TCV 2K| AAV 1K| Y1-1K, Y2-1K| GTD: 1K","CL 2| TCV 2K| AAV 1K| Y1-1K, Y2-1K| GTD: 1K",Y,,
Pure Greatness,"Flowers, Zay",WR,Veteran,Vet-Ext2,25000,25000,2,2,"CL 3| TCV 55K| AAV 25K| Y1-5, Y2-25, Y3-25| Ext: GRide","CL 3| TCV 55K| AAV 25K| Y1-5, Y2-25, Y3-25| Ext: GRide",Y,,
Pure Greatness,"Garrett, Myles",DE,TAG,Tag,10000,10000,1,1,CL 1| TCV 10K| AAV 10K| GTD 7.5K| Tag| Tier 1| Formula: Avg Top 1-6 DL AAV | 10% salary floor (rounded up),CL 1| TCV 10K| AAV 10K| GTD 7.5K| Tag| Tier 1| Formula: Avg Top 1-6 DL AAV | 10% salary floor (rounded up),Y,,
Pure Greatness,"Gibbs, Jahmyr",RB,Veteran,Vet-Ext2,31000,31000,2,2,"CL 3| TCV 73K| AAV 31K| Y1-11K, Y2-31K, Y3-31K| Ext: Sex","CL 3| TCV 73K| AAV 31K| Y1-11K, Y2-31K, Y3-31K| Ext: Sex",Y,,
Pure Greatness,"Horton, Tory",WR,(blank),Rookie-Draft,(blank),2000,(blank),2,(blank),CL 3| TCV 6K| AAV 2K,Y,Y,Y
Pure Greatness,"Irving, Bucky",RB,Rookie,Rookie-Draft,2000,2000,1,1,CL 3| TCV 6K| AAV 2K,CL 3| TCV 6K| AAV 2K,Y,,
Pure Greatness,"Jeanty, Ashton",RB,Rookie,Rookie-Draft,15000,15000,2,2,CL 3| TCV 45K| AAV 15K | Option Eligible,CL 3| TCV 45K| AAV 15K | Option Eligible,Y,,
Pure Greatness,"Jefferson, Justin",WR,BL,Vet-Ext2-BL,71000,71000,1,1,"CL 2| TCV 96K| AAV 48K| Y1-25K, Y2-71K| Ext:  Sex, Hammer","CL 2| TCV 96K| AAV 48K| Y1-25K, Y2-71K| Ext:  Sex, Hammer| restructure: 2025",Y,Y,
Pure Greatness,"Klare, Max",TE,R,Rookie-Draft,2000,2000,3,3,"CL 3|TCV 6K|AAV 2K|Y1-2K, Y2-2K, Y3-2K|GTD: 4.5K","CL 3|TCV 6K|AAV 2K|Y1-2K, Y2-2K, Y3-2K|GTD: 4.5K",Y,,
Pure Greatness,"Legette, Xavier",WR,(blank),Rookie-Draft,(blank),2000,(blank),1,(blank),CL 3| TCV 6K| AAV 2K,Y,Y,Y
Pure Greatness,"Maye, Drake",QB,Rookie,Rookie-Draft,8000,8000,1,1,CL 3| TCV 24K| AAV 8K,CL 3| TCV 24K| AAV 8K,Y,,
Pure Greatness,"Mayfield, Baker",QB,FL,Vet-FAA-FL,26000,26000,1,1,"CL 2| TCV 62K| AAV 31K| Y1-36, Y2-26,","CL 2| TCV 62K| AAV 31K| Y1-36, Y2-26,",Y,,
Pure Greatness,"Olave, Chris",WR,FL,Vet-Ext2-FL,11000,11000,1,1,"CL 2| TCV 62K| AAV 31K| Y1-51, Y2-11| Ext: Blake","CL 2| TCV 62K| AAV 31K| Y1-51, Y2-11| Ext: Blake| restructure: 2025",Y,Y,
Pure Greatness,"Payton, Cole",QB,R,Rookie-Draft,2000,2000,3,3,"CL 3|TCV 6K|AAV 2K|Y1-2K, Y2-2K, Y3-2K|GTD: 4.5K","CL 3|TCV 6K|AAV 2K|Y1-2K, Y2-2K, Y3-2K|GTD: 4.5K",Y,,
Pure Greatness,"Sarratt, Elijah",WR,R,Rookie-Draft,2000,2000,3,3,"CL 3|TCV 6K|AAV 2K|Y1-2K, Y2-2K, Y3-2K|GTD: 4.5K","CL 3|TCV 6K|AAV 2K|Y1-2K, Y2-2K, Y3-2K|GTD: 4.5K",Y,,
Pure Greatness,"Schultz, Dalton",TE,Veteran,Vet-FAA,4000,4000,1,1,"CL 3| TCV 12K| AAV 4K| Y1-4, Y2-4, Y3-4","CL 3| TCV 12K| AAV 4K| Y1-4, Y2-4, Y3-4",Y,,
Pure Greatness,"Smith, Tykee",S,Veteran,Vet-Ext1,4000,4000,1,1,CL 2| TCV 5K| AAV 4K|Y1-1 Y2-4 | Ext: LH,CL 2| TCV 5K| AAV 4K|Y1-1 Y2-4 | Ext: LH,Y,,
Pure Greatness,"Thomas Jr., Brian",WR,Rookie,Rookie-Draft,5000,5000,1,1,CL 3| TCV 15K| AAV 5K,CL 3| TCV 15K| AAV 5K,Y,,
Pure Greatness,"Thornton, Dont'e",WR,(blank),Rookie-Draft,(blank),2000,(blank),2,(blank),CL 3| TCV 6K| AAV 2K,Y,Y,Y
Pure Greatness,"Trotter, Josiah",LB,R,Rookie-Draft,1000,1000,3,3,"CL 3|TCV 3K|AAV 1K|Y1-1K, Y2-1K, Y3-1K|GTD: 2K","CL 3|TCV 3K|AAV 1K|Y1-1K, Y2-1K, Y3-1K|GTD: 2K",Y,,
Pure Greatness,"Wallace, Trevin",LB,(blank),Rookie-Draft,(blank),1000,(blank),1,(blank),CL 3| TCV 3K| AAV 1K,Y,Y,Y
Pure Greatness,"Williams, Savion",WR,(blank),Rookie-Draft,(blank),2000,(blank),2,(blank),CL 3| TCV 6K| AAV 2K,Y,Y,Y
Real Deal Creel,"Benson, Trey",RB,Rookie,Rookie-Draft,6000,6000,1,1,CL 3| TCV 18K| AAV 6K,CL 3| TCV 18K| AAV 6K,Y,,
Real Deal Creel,"Boutte, Kayshon",WR,Vet-ERA,Vet-ERA,2000,2000,1,1,CL 1| TCV 2K| AAV 2K,CL 1| TCV 2K| AAV 2K,,,
Real Deal Creel,"Coleman, Keon",WR,Rookie,Rookie-Draft,5000,5000,1,1,CL 3| TCV 15K| AAV 5K,CL 3| TCV 15K| AAV 5K,Y,,
Real Deal Creel,"Concepcion, KC",WR,R,Rookie-Draft,9000,9000,3,3,"CL 3|TCV 27K|AAV 9K|Y1-9K, Y2-9K, Y3-9K|GTD: 20.3K|Keep Option as Y4Option =14K","CL 3|TCV 27K|AAV 9K|Y1-9K, Y2-9K, Y3-9K, Y4-14K Option|GTD: 20.3K",Y,Y,
Real Deal Creel,"Cooper Jr., Omar",WR,R,Rookie-Draft,7000,7000,3,3,"CL 3|TCV 21K|AAV 7K|Y1-7K, Y2-7K, Y3-7K|GTD: 15.8K|Keep Option as Y4Option =12K","CL 3|TCV 21K|AAV 7K|Y1-7K, Y2-7K, Y3-7K, Y4-12K Option|GTD: 15.8K",Y,Y,
Real Deal Creel,"Etienne, Travis",RB,TAG,Tag,19000,19000,1,1,CL 1| TCV 19K| AAV 19K| GTD 14.3K| Tag| Tier 3| Formula: Avg Top 9-31 RB AAV | 10% salary floor (rounded up),CL 1| TCV 19K| AAV 19K| GTD 14.3K| Tag| Tier 3| Formula: Avg Top 9-31 RB AAV | 10% salary floor (rounded up),Y,,
Real Deal Creel,"Fant, Noah",TE,Veteran,Vet-FAA,4000,4000,1,1,"CL 3| TCV 12K| AAV 4K| Y1-4, Y2-4, Y3-4","CL 3| TCV 12K| AAV 4K| Y1-4, Y2-4, Y3-4",Y,,
Real Deal Creel,"Goedert, Dallas",TE,Veteran,Vet-FAA,7000,7000,1,1,CL 2| TCV 14K| AAV 7K,CL 2| TCV 14K| AAV 7K,Y,,
Real Deal Creel,"Harrison Jr., Marvin",WR,Rookie,Rookie-Draft,14000,14000,1,1,CL 3| TCV 42K| AAV 14K,CL 3| TCV 42K| AAV 14K,Y,,
Real Deal Creel,"Henderson, TreVeyon",RB,Rookie,Rookie-Draft,12000,12000,2,2,CL 3| TCV 36K| AAV 12K | Option Eligible,CL 3| TCV 36K| AAV 12K | Option Eligible,Y,,
Real Deal Creel,"Karlaftis, George",DE,Veteran,Vet-FAA,1000,1000,2,2,CL 3| TCV 3K| AAV 1K,CL 3| TCV 3K| AAV 1K,Y,,
Real Deal Creel,"Mayer, Michael",TE,Vet-ERA,Vet-ERA,2000,2000,1,1,CL 1| TCV 2K| AAV 2K,CL 1| TCV 2K| AAV 2K,,,
Real Deal Creel,"McDonald, Will",DE,Vet-ERA,Vet-ERA,1000,1000,1,1,CL 1| TCV 1K| AAV 1K,CL 1| TCV 1K| AAV 1K,,,
Real Deal Creel,"McMillan, Tetairoa",WR,Rookie,Rookie-Draft,7000,7000,2,2,CL 3| TCV 21K| AAV 7K | Option Eligible,CL 3| TCV 21K| AAV 7K | Option Eligible,Y,,
Real Deal Creel,"Miller, Kendre",RB,Vet-ERA,Vet-ERA,1000,1000,1,1,CL 1| TCV 1K| AAV 1K,CL 1| TCV 1K| AAV 1K,,,
Real Deal Creel,"Pearce, James",DE,Rookie,Rookie-Draft,1000,1000,2,2,CL 3| TCV 3K| AAV 1K,CL 3| TCV 3K| AAV 1K,Y,,
Real Deal Creel,"Rodriguez, Chris",RB,Vet-ERA,Vet-ERA,3000,3000,1,1,CL 1| TCV 3K| AAV 3K,CL 1| TCV 3K| AAV 3K,,,
Real Deal Creel,"Sanders, Ja'Tavion",TE,Veteran,Vet-MYM,1000,1000,2,2,CL 3| TCV 3K| AAV 1K,CL 3| TCV 3K| AAV 1K,Y,,
Real Deal Creel,"Stribling, De'Zhaun",WR,R,Rookie-Draft,5000,5000,3,3,"CL 3|TCV 15K|AAV 5K|Y1-5K, Y2-5K, Y3-5K|GTD: 11.3K","CL 3|TCV 15K|AAV 5K|Y1-5K, Y2-5K, Y3-5K|GTD: 11.3K",Y,,
Real Deal Creel,"Styles, Sonny",LB,R,Rookie-Draft,2000,2000,3,3,"CL 3|TCV 6K|AAV 2K|Y1-2K, Y2-2K, Y3-2K|GTD: 4.5K","CL 3|TCV 6K|AAV 2K|Y1-2K, Y2-2K, Y3-2K|GTD: 4.5K",Y,,
Real Deal Creel,"Thornton, Tyquan",WR,Veteran,Vet-MYM,1000,1000,2,2,CL 3| TCV 3K| AAV 1K,CL 3| TCV 3K| AAV 1K,Y,,
Real Deal Creel,"Watson, Christian",WR,Veteran,Vet-WW,1000,1000,2,2,CL 3| TCV 3K| AAV 1K,CL 3| TCV 3K| AAV 1K,Y,,
Real Deal Creel,"Watson, Deshaun",QB,Veteran,Vet-FAA,1000,1000,2,2,CL 3| TCV 3K| AAV 1K,CL 3| TCV 3K| AAV 1K,Y,,
Real Deal Creel,"Young, Zion",DE,R,Rookie-Draft,1000,1000,3,3,"CL 3|TCV 3K|AAV 1K|Y1-1K, Y2-1K, Y3-1K|GTD: 2K","CL 3|TCV 3K|AAV 1K|Y1-1K, Y2-1K, Y3-1K|GTD: 2K",Y,,
Sex Manther,"Achane, De'Von",RB,Veteran,Vet-Ext2,25000,25000,2,2,CL 3| TCV 55K| AAV 25K| Ext: Gride,CL 3| TCV 55K| AAV 25K| Ext: Gride,Y,,
Sex Manther,"Bagent, Tyson",QB,MYM - Vet,Vet-MYM,1000,1000,1,1,"CL 2| TCV 2K| AAV 1K| Y1-1K, Y2-1K| GTD: 1K","CL 2| TCV 2K| AAV 1K| Y1-1K, Y2-1K| GTD: 1K",Y,,
Sex Manther,"Bain Jr., Rueben",DE,R,Rookie-Draft,2000,2000,3,3,"CL 3|TCV 6K|AAV 2K|Y1-2K, Y2-2K, Y3-2K|GTD: 4.5K","CL 3|TCV 6K|AAV 2K|Y1-2K, Y2-2K, Y3-2K|GTD: 4.5K",Y,,
Sex Manther,"Brooks, Jonathon",RB,Rookie,Rookie-Draft,7000,7000,1,1,CL 3| TCV 21K| AAV 7K,CL 3| TCV 21K| AAV 7K,Y,,
Sex Manther,"Brooks, Tahj",RB,Rookie,Rookie-Draft,2000,2000,2,2,CL 3| TCV 6K| AAV 2K,CL 3| TCV 6K| AAV 2K,Y,,
Sex Manther,"Burton, Jermaine",WR,(blank),Rookie-Draft,(blank),5000,(blank),1,(blank),CL 3| TCV 15K| AAV 5K,Y,Y,Y
Sex Manther,"Campbell, Jihaad",LB,(blank),Rookie-Draft,(blank),2000,(blank),2,(blank),CL 3| TCV 6K| AAV 2K,Y,Y,Y
Sex Manther,"Chism, Efton",WR,MYM - Rookie,Rookie-MYM,1000,1000,1,1,"CL 2| TCV 2K| AAV 1K| Y1-1K, Y2-1K| GTD: 1K","CL 2| TCV 2K| AAV 1K| Y1-1K, Y2-1K| GTD: 1K",Y,,
Sex Manther,"Croskey-Merritt, Jacory",RB,Rookie,Rookie-Draft,2000,2000,2,2,CL 3| TCV 6K| AAV 2K,CL 3| TCV 6K| AAV 2K,Y,,
Sex Manther,"Dell, Tank",WR,Veteran,Vet-MYM,1000,1000,2,2,CL 3| TCV 3K| AAV 1K,CL 3| TCV 3K| AAV 1K,Y,,
Sex Manther,"Delp, Oscar",TE,R,Rookie-Draft,2000,2000,3,3,"CL 3|TCV 6K|AAV 2K|Y1-2K, Y2-2K, Y3-2K|GTD: 4.5K","CL 3|TCV 6K|AAV 2K|Y1-2K, Y2-2K, Y3-2K|GTD: 4.5K",Y,,
Sex Manther,"Fannin, Harold",TE,Rookie,Rookie-Draft,5000,5000,2,2,CL 3| TCV 15K| AAV 5K,CL 3| TCV 15K| AAV 5K,Y,,
Sex Manther,"Gadsden, Oronde",TE,Rookie,Rookie-FAA,4000,4000,2,2,CL 3| TCV 12K| AAV 4K,CL 3| TCV 12K| AAV 4K,Y,,
Sex Manther,"Haulcy, A.J.",S,R,Rookie-Draft,1000,1000,3,3,"CL 3|TCV 3K|AAV 1K|Y1-1K, Y2-1K, Y3-1K|GTD: 2K","CL 3|TCV 3K|AAV 1K|Y1-1K, Y2-1K, Y3-1K|GTD: 2K",Y,,
Sex Manther,"Higgins, Jayden",WR,(blank),Rookie-Draft,(blank),5000,(blank),2,(blank),CL 3| TCV 15K| AAV 5K,Y,Y,Y
Sex Manther,"Hill, Tyreek",WR,Veteran,Vet-FAA,62000,62000,1,1,"CL 2| TCV 142K| AAV 62K| Y1-80K, Y2-62K","CL 2| TCV 142K| AAV 62K| Y1-80K, Y2-62K",Y,,
Sex Manther,"Hunter, Travis",WR,Rookie,Rookie-Draft,14000,14000,2,2,CL 3| TCV 42K| AAV 14K | Option Eligible,CL 3| TCV 42K| AAV 14K | Option Eligible,Y,,
Sex Manther,"James, Jordan",RB,(blank),Rookie-Draft,(blank),2000,(blank),2,(blank),CL 3| TCV 6K| AAV 2K,Y,Y,Y
Sex Manther,"Kittle, George",TE,Veteran,Vet-FAA,29000,29000,1,1,CL 2| TCV 58K| AAV 29K,CL 2| TCV 58K| AAV 29K,Y,,
Sex Manther,"Lloyd, MarShawn",RB,(blank),Rookie-Draft,(blank),5000,(blank),1,(blank),CL 3| TCV 15K| AAV 5K,Y,Y,Y
Sex Manther,"Love, Julian",S,MYM - Vet,Vet-MYM,1000,1000,1,1,"CL 2| TCV 2K| AAV 1K| Y1-1K, Y2-1K| GTD: 1K","CL 2| TCV 2K| AAV 1K| Y1-1K, Y2-1K| GTD: 1K",Y,,
Sex Manther,"McCaffrey, Christian",RB,TAG,Tag,62000,62000,1,1,CL 1| TCV 62K| AAV 62K| GTD 62K| Tag| Tier 1| Formula: Avg Top 1-4 RB AAV | 10% salary floor (rounded up),CL 1| TCV 62K| AAV 62K| GTD 62K| Tag| Tier 1| Formula: Avg Top 1-4 RB AAV | 10% salary floor (rounded up),Y,,
Sex Manther,"McGowan, Seth",RB,R,Rookie-Draft,2000,2000,3,3,"CL 3|TCV 6K|AAV 2K|Y1-2K, Y2-2K, Y3-2K|GTD: 4.5K","CL 3|TCV 6K|AAV 2K|Y1-2K, Y2-2K, Y3-2K|GTD: 4.5K",Y,,
Sex Manther,"McKee, Tanner",QB,Veteran,Vet-WW,1000,1000,2,2,CL 3| TCV 3K| AAV 1K,CL 3| TCV 3K| AAV 1K,Y,,
Sex Manther,"Noel, Jaylin",WR,(blank),Rookie-Draft,(blank),2000,(blank),2,(blank),CL 3| TCV 6K| AAV 2K,Y,Y,Y
Sex Manther,"Odunze, Rome",WR,Rookie,Rookie-Draft,10000,10000,1,1,CL 3| TCV 30K| AAV 10K,CL 3| TCV 30K| AAV 10K,Y,,
Sex Manther,"Rice, Rashee",WR,Veteran,Vet-Ext2,25000,25000,2,2,"CL 3| TCV 55K| AAV 25K| Y1-5 Y2-25, Y3-25| Ext: LH","CL 3| TCV 55K| AAV 25K| Y1-5 Y2-25, Y3-25| Ext: LH",Y,,
Sex Manther,"Rodriguez, Jacob",LB,R,Rookie-Draft,2000,2000,3,3,"CL 3|TCV 6K|AAV 2K|Y1-2K, Y2-2K, Y3-2K|GTD: 4.5K","CL 3|TCV 6K|AAV 2K|Y1-2K, Y2-2K, Y3-2K|GTD: 4.5K",Y,,
Sex Manther,"Roush, Sam",TE,R,Rookie-Draft,2000,2000,3,3,"CL 3|TCV 6K|AAV 2K|Y1-2K, Y2-2K, Y3-2K|GTD: 4.5K","CL 3|TCV 6K|AAV 2K|Y1-2K, Y2-2K, Y3-2K|GTD: 4.5K",Y,,
Sex Manther,"Schwesinger, Carson",LB,Rookie,Rookie-Draft,1000,1000,2,2,CL 3| TCV 3K| AAV 1K,CL 3| TCV 3K| AAV 1K,Y,,
Sex Manther,"Shipley, Will",RB,(blank),Rookie-Draft,(blank),5000,(blank),1,(blank),CL 3| TCV 15K| AAV 5K,Y,Y,Y
Sex Manther,"Thieneman, Dillon",S,R,Rookie-Draft,2000,2000,3,3,"CL 3|TCV 6K|AAV 2K|Y1-2K, Y2-2K, Y3-2K|GTD: 4.5K","CL 3|TCV 6K|AAV 2K|Y1-2K, Y2-2K, Y3-2K|GTD: 4.5K",Y,,
Sex Manther,"Tucker, Sean",RB,Vet-ERA,Vet-ERA,4000,4000,1,1,CL 1| TCV 4K| AAV 4K,CL 1| TCV 4K| AAV 4K,,,
Sex Manther,"Tuipulotu, Tuli",DE,Veteran,Vet-MYM,4000,4000,1,1,"CL 3| TCV 12K| AAV 4K| Y1-4, Y2-4, Y3-4","CL 3| TCV 12K| AAV 4K| Y1-4, Y2-4, Y3-4",Y,,
Sex Manther,"Williams, Caleb",QB,Rookie,Rookie-Draft,15000,15000,1,1,CL 3| TCV 45K| AAV 15K,CL 3| TCV 45K| AAV 15K,Y,,
Sex Manther,"Williams, Kyle",WR,Rookie,Rookie-Draft,5000,5000,2,2,CL 3| TCV 15K| AAV 5K,CL 3| TCV 15K| AAV 5K,Y,,
The Long Haulers,"Ali, Rasheen",RB,(blank),Rookie-Draft,(blank),2000,(blank),1,(blank),CL 3| TCV 6K| AAV 2K,Y,Y,Y
The Long Haulers,"Beck, Carson",QB,R,Rookie-Draft,2000,2000,3,3,"CL 3|TCV 6K|AAV 2K|Y1-2K, Y2-2K, Y3-2K|GTD: 4.5K","CL 3|TCV 6K|AAV 2K|Y1-2K, Y2-2K, Y3-2K|GTD: 4.5K",Y,,
The Long Haulers,"Bernard, Germie",WR,R,Rookie-Draft,5000,5000,3,3,"CL 3|TCV 15K|AAV 5K|Y1-5K, Y2-5K, Y3-5K|GTD: 11.3K","CL 3|TCV 15K|AAV 5K|Y1-5K, Y2-5K, Y3-5K|GTD: 11.3K",Y,,
The Long Haulers,"Blue, Jaydon",RB,(blank),Rookie-Draft,(blank),2000,(blank),2,(blank),CL 3| TCV 6K| AAV 2K,Y,Y,Y
The Long Haulers,"Bond, Isaiah",WR,BL,Vet-WW-BL,5000,5000,2,2,"CL 3| TCV 24K| AAV 8K| Y1-5, Y2-5, Y3-14","CL 3| TCV 24K| AAV 8K| Y1-5, Y2-5, Y3-14",Y,,
The Long Haulers,"Brown, A.J.",WR,BL,Vet-Ext1,56000,56000,1,1,"CL 2| TCV 129K| AAV 56K|Y1-73 Y2-56 | Ext: Sex, Creel, LH","CL 2| TCV 129K| AAV 56K|Y1-73 Y2-56 | Ext: Sex, Creel, LH",Y,,
The Long Haulers,"Bynum, Camryn",S,Veteran,Vet-MYM,1000,1000,1,1,"CL 3| TCV 3K| AAV 1K| Y1-1, Y2-1, Y3-1","CL 3| TCV 3K| AAV 1K| Y1-1, Y2-1, Y3-1",Y,,
The Long Haulers,"Coleman, Kevin",WR,R,Rookie-Draft,2000,2000,3,3,"CL 3|TCV 6K|AAV 2K|Y1-2K, Y2-2K, Y3-2K|GTD: 4.5K","CL 3|TCV 6K|AAV 2K|Y1-2K, Y2-2K, Y3-2K|GTD: 4.5K",Y,,
The Long Haulers,"Cooper, Jonathon",DE,Veteran,Vet-MYM,1000,1000,1,1,"CL 3| TCV 3K| AAV 1K| Y1-1, Y2-1, Y3-1","CL 3| TCV 3K| AAV 1K| Y1-1, Y2-1, Y3-1",Y,,
The Long Haulers,"Downs, Josh",WR,EXT1,Vet-Ext1,12000,12000,1,1,CL 2|TCV 14K|AAV 12K|Y1-2 Y2-12|Ext: GRide,CL 2|TCV 14K|AAV 12K|Y1-2 Y2-12|Ext: GRide,Y,,
The Long Haulers,"Ewers, Quinn",QB,(blank),Rookie-Draft,(blank),2000,(blank),2,(blank),CL 3| TCV 6K| AAV 2K,Y,Y,Y
The Long Haulers,"Faulk, Keldric",DE,R,Rookie-Draft,1000,1000,3,3,"CL 3|TCV 3K|AAV 1K|Y1-1K, Y2-1K, Y3-1K|GTD: 2K","CL 3|TCV 3K|AAV 1K|Y1-1K, Y2-1K, Y3-1K|GTD: 2K",Y,,
The Long Haulers,"Fields, Malachi",WR,R,Rookie-Draft,5000,5000,3,3,"CL 3|TCV 15K|AAV 5K|Y1-5K, Y2-5K, Y3-5K|GTD: 11.3K","CL 3|TCV 15K|AAV 5K|Y1-5K, Y2-5K, Y3-5K|GTD: 11.3K",Y,,
The Long Haulers,"Gordon, Ollie",RB,(blank),Rookie-Draft,(blank),2000,(blank),2,(blank),CL 3| TCV 6K| AAV 2K,Y,Y,Y
The Long Haulers,"Henry, Derrick",RB,BL,Vet-Ext1,44000,44000,1,1,CL 2| TCV 94K| AAV 44K|Y1-50 Y2-44| Ext: LH,CL 2| TCV 94K| AAV 44K|Y1-50 Y2-44| Ext: LH,Y,,
The Long Haulers,"Hurts, Jalen",QB,BL,Vet-Ext2-BL,67000,67000,1,1,"CL 2| TCV 84K| AAV 42K| Y1-17K, Y2-67K| Ext: Gride, Hammer","CL 2| TCV 84K| AAV 42K| Y1-17K, Y2-67K| Ext: Gride, Hammer",Y,,
The Long Haulers,"Johnson, Roschon",RB,Veteran,Vet-FAA,4000,4000,2,2,CL 3| TCV 12K| AAV 4K,CL 3| TCV 12K| AAV 4K,Y,,
The Long Haulers,"Johnson, Theo",TE,Rookie,Rookie-Draft,5000,5000,1,1,"CL 3| TCV 15K| AAV 5K| Y1-5, Y2-5, Y3-5","CL 3| TCV 15K| AAV 5K| Y1-5, Y2-5, Y3-5",Y,,
The Long Haulers,"Johnston, Quentin",WR,EXT1,Vet-Ext1,18000,18000,1,1,CL 1| TCV 18K| AAV 18K| Y1-18K| Ext: PG| GTD: 13.5K,CL 1| TCV 18K| AAV 18K| Y1-18K| Ext: PG| GTD: 13.5K,Y,,
The Long Haulers,"Lambert-Smith, KeAndre",WR,MYM - Rookie,Rookie-MYM,1000,1000,2,2,"CL 3| TCV 3K| AAV 1K| Y1-1K, Y2-1K, Y3-1K| GTD: 2K","CL 3| TCV 3K| AAV 1K| Y1-1K, Y2-1K, Y3-1K| GTD: 2K",Y,,
The Long Haulers,"Lawrence, Trevor",QB,TAG,Tag,37000,37000,1,1,CL 1| TCV 37K| AAV 37K| GTD 27.8K| Tag| Tier 2| Formula: Avg Top 6-15 QB AAV,CL 1| TCV 37K| AAV 37K| GTD 27.8K| Tag| Tier 2| Formula: Avg Top 6-15 QB AAV,Y,,
The Long Haulers,"Levis, Will",QB,Vet-ERA,Vet-ERA,1000,1000,1,1,CL 1| TCV 1K| AAV 1K,CL 1| TCV 1K| AAV 1K,,,
The Long Haulers,"Marks, Woody",RB,Rookie,Rookie-Draft,2000,2000,2,2,CL 3| TCV 6K| AAV 2K,CL 3| TCV 6K| AAV 2K,Y,,
The Long Haulers,"Mason, Jordan",RB,FL,Vet-Ext2-FL,14000,14000,2,2,"CL 3| TCV 52K| AAV 24K| Y1-14, Y2-14, Y3-24| Ext: LH","CL 3| TCV 52K| AAV 24K| Y1-14, Y2-14, Y3-24| Ext: LH| restructure: 2025",Y,Y,
The Long Haulers,"Mendoza, Fernando",QB,R,Rookie-Draft,13000,13000,3,3,"CL 3|TCV 39K|AAV 13K|Y1-13K, Y2-13K, Y3-13K|GTD: 29.3K|Keep Option as Y4Option =18K","CL 3|TCV 39K|AAV 13K|Y1-13K, Y2-13K, Y3-13K, Y4-18K Option|GTD: 29.3K",Y,Y,
The Long Haulers,"Mumpfield, Konata",WR,MYM - Rookie,Rookie-MYM,1000,1000,2,2,"CL 3| TCV 3K| AAV 1K| Y1-1K, Y2-1K, Y3-1K| GTD: 2K","CL 3| TCV 3K| AAV 1K| Y1-1K, Y2-1K, Y3-1K| GTD: 2K",Y,,
The Long Haulers,"Otton, Cade",TE,Veteran,Vet-FAA,5000,5000,2,2,"CL 3| TCV 15K| AAV 5K| Y1-5K, Y2-5K, Y3-5K","CL 3| TCV 15K| AAV 5K| Y1-5K, Y2-5K, Y3-5K",Y,,
The Long Haulers,"Smith, Brashard",RB,(blank),Rookie-Draft,(blank),2000,(blank),2,(blank),CL 3| TCV 6K| AAV 2K,Y,Y,Y
The Long Haulers,"Spears, Tyjae",RB,Vet-ERA,Vet-ERA,1000,1000,1,1,CL 1| TCV 1K| AAV 1K,CL 1| TCV 1K| AAV 1K,,,
The Long Haulers,"Tucker, Tre",WR,Veteran,Vet-WW,1000,1000,1,1,"CL 3| TCV 3K| AAV 1K| Y1-1, Y2-1, Y3-1","CL 3| TCV 3K| AAV 1K| Y1-1, Y2-1, Y3-1",Y,,
The Long Haulers,"Warren, Tyler",TE,Rookie,Rookie-Draft,5000,5000,2,2,CL 3| TCV 15K| AAV 5K | Option Eligible,CL 3| TCV 15K| AAV 5K | Option Eligible,Y,,
The Long Haulers,"Washington Jr., Mike",RB,R,Rookie-Draft,2000,2000,3,3,"CL 3|TCV 6K|AAV 2K|Y1-2K, Y2-2K, Y3-2K|GTD: 4.5K","CL 3|TCV 6K|AAV 2K|Y1-2K, Y2-2K, Y3-2K|GTD: 4.5K",Y,,
The Long Haulers,"Washington, Malik",WR,(blank),Rookie-Draft,(blank),2000,(blank),1,(blank),CL 3| TCV 6K| AAV 2K,Y,Y,Y
The Long Haulers,"Wicks, Dontayvion",WR,Veteran,Vet-MYM,1000,1000,2,2,CL 3| TCV 3K| AAV 1K,CL 3| TCV 3K| AAV 1K,Y,,
The Long Haulers,"Witherspoon, Devon",CB,TAG,Tag,3000,3000,1,1,CL 1| TCV 3K| AAV 3K| GTD 2.3K| Tag| Tier 2| Formula: Avg Top 7-12 DB AAV | 10% salary floor (rounded up),CL 1| TCV 3K| AAV 3K| GTD 2.3K| Tag| Tier 2| Formula: Avg Top 7-12 DB AAV | 10% salary floor (rounded up),Y,,
