franchise,player,pos,current_type,proposed_type,confidence,current_contractInfo,proposed_contractInfo,proposed_contractInfo_note,mapping_note,drafted
Blake Bombers,"Allen, Kaytron",RB,R,Rookie-Draft,confirmed,"CL 3|TCV 15K|AAV 5K|Y1-5K, Y2-5K, Y3-5K|GTD: 11.3K","CL 3|TCV 15K|AAV 5K|Y1-5K, Y2-5K, Y3-5K|GTD: 11.3K",(numbers unchanged — type only),confirmed (cluster review 2026-05-31),2.11
Blake Bombers,"Anderson, Will",DE,Veteran,Vet-FAA?,low,CL 3| TCV 3K| AAV 1K,CL 3| TCV 3K| AAV 1K,BACKFILL: multi-year missing Y-schedule,Traded vet — origin (FAA/WW/ERA) needs event chain; defaulted FAA.,Trade (2024)
Blake Bombers,"Barner, AJ",TE,Veteran,Vet-FAA,confirmed,CL 2| TCV 2K| AAV 1K,CL 2| TCV 2K| AAV 1K,BACKFILL: multi-year missing Y-schedule,confirmed (cluster review 2026-05-31),"Auction $1,000 (2025)"
Blake Bombers,"Boston, Denzel",WR,R,Rookie-Draft,confirmed,"CL 3|TCV 18K|AAV 6K|Y1-6K, Y2-6K, Y3-6K|GTD: 13.5K|Keep Option as Y4Option =11K","CL 3|TCV 18K|AAV 6K|Y1-6K, Y2-6K, Y3-6K, Y4-11K Option|GTD: 13.5K",(numbers unchanged — type only),confirmed (cluster review 2026-05-31),1.10
Blake Bombers,"Brissett, Jacoby",QB,TAG,Tag,confirmed,CL 1| TCV 16K| AAV 16K| GTD 12K| Tag| Tier 3| Formula: Avg Top 16-24 QB AAV,CL 1| TCV 16K| AAV 16K| GTD 12K| Tag| Tier 3| Formula: Avg Top 16-24 QB AAV,(numbers unchanged — type only),Tag/TAG case-merge.,"BB $5,000 (2025)"
Blake Bombers,"Bryant, Pat",WR,(blank),Rookie-Draft,confirmed,,CL 3| TCV 6K| AAV 2K,BACKFILL: multi-year missing Y-schedule,Restored from 2025 (2026 contractInfo wiped); roll contractYear forward.,Trade (2025)
Blake Bombers,"Corum, Blake",RB,(blank),Rookie-Draft,confirmed,,CL 3| TCV 15K| AAV 5K,BACKFILL: multi-year missing Y-schedule,Restored from 2025 (2026 contractInfo wiped); roll contractYear forward.,Trade (2025)
Blake Bombers,"Dowdle, Rico",RB,Veteran,Vet-Ext1,confirmed,CL 2| TCV 12K| AAV 11K| Ext: Blake,CL 2| TCV 12K| AAV 11K| Ext: Blake,BACKFILL: multi-year missing Y-schedule,corrected — 1yr extension,Trade (2025)
Blake Bombers,"Ferguson, Terrance",TE,(blank),Rookie-Draft,confirmed,,CL 3| TCV 6K| AAV 2K,BACKFILL: multi-year missing Y-schedule,Restored from 2025 (2026 contractInfo wiped); roll contractYear forward.,3.05 (2025)
Blake Bombers,"Godwin, Chris",WR,Veteran,Vet-FAA,confirmed,CL 2| TCV 20K| AAV 10K,CL 2| TCV 20K| AAV 10K,BACKFILL: multi-year missing Y-schedule,confirmed (cluster review 2026-05-31),"Auction $10,000 (2025)"
Blake Bombers,"Golden, Matthew",WR,(blank),Rookie-Draft,confirmed,,CL 3| TCV 15K| AAV 5K,BACKFILL: multi-year missing Y-schedule,Restored from 2025 (2026 contractInfo wiped); roll contractYear forward.,2.05 (2025)
Blake Bombers,"Hampton, Omarion",RB,Rookie,Rookie-Draft,confirmed,CL 3| TCV 39K| AAV 13K | Option Eligible,CL 3| TCV 39K| AAV 13K | Option Eligible,BACKFILL: multi-year missing Y-schedule,confirmed (cluster review 2026-05-31),1.03 (2025)
Blake Bombers,"Heidenreich, Eli",RB,R,Rookie-Draft,confirmed,"CL 3|TCV 6K|AAV 2K|Y1-2K, Y2-2K, Y3-2K|GTD: 4.5K","CL 3|TCV 6K|AAV 2K|Y1-2K, Y2-2K, Y3-2K|GTD: 4.5K",(numbers unchanged — type only),confirmed (cluster review 2026-05-31),5.10
Blake Bombers,"Hendrickson, Trey",DE,Veteran,Vet-FAA,confirmed,CL 2| TCV 6K| AAV 3K,CL 2| TCV 6K| AAV 3K,BACKFILL: multi-year missing Y-schedule,confirmed (cluster review 2026-05-31),"Auction $3,000 (2025)"
Blake Bombers,"Henley, Daiyan",LB,Veteran,Vet-FAA,confirmed,CL 2| TCV 4K| AAV 2K,CL 2| TCV 4K| AAV 2K,BACKFILL: multi-year missing Y-schedule,confirmed (cluster review 2026-05-31),"Auction $2,000 (2025)"
Blake Bombers,"Hunter, Jarquez",RB,(blank),Rookie-Draft,confirmed,,CL 3| TCV 6K| AAV 2K,BACKFILL: multi-year missing Y-schedule,Restored from 2025 (2026 contractInfo wiped); roll contractYear forward.,3.06 (2025)
Blake Bombers,"Jefferson, Justin",LB,R,Rookie-Draft,confirmed,"CL 3|TCV 3K|AAV 1K|Y1-1K, Y2-1K, Y3-1K|GTD: 2K","CL 3|TCV 3K|AAV 1K|Y1-1K, Y2-1K, Y3-1K|GTD: 2K",(numbers unchanged — type only),confirmed (cluster review 2026-05-31),6.10
Blake Bombers,"Judkins, Quinshon",RB,Rookie,Rookie-Draft,confirmed,CL 3| TCV 24K| AAV 8K | Option Eligible,CL 3| TCV 24K| AAV 8K | Option Eligible,BACKFILL: multi-year missing Y-schedule,Traded rookie — origin assumed Draft; confirm via event chain.,Trade (2025)
Blake Bombers,"McLaurin, Terry",WR,Veteran,Vet-FAA,confirmed,CL 3| TCV 57K| AAV 19K,CL 3| TCV 57K| AAV 19K,BACKFILL: multi-year missing Y-schedule,confirmed (cluster review 2026-05-31),"Auction $19,000 (2025)"
Blake Bombers,"Nacua, Puka",WR,EXT2,Vet-Ext2,confirmed,"CL 2|TCV 44K|AAV 22K|Y1-22K, Y2-22K|Ext: Bomb|GTD: 33K","CL 2|TCV 44K|AAV 22K|Y1-22K, Y2-22K|Ext: Bomb|GTD: 33K",(numbers unchanged — type only),confirmed,Trade (2023)
Blake Bombers,"Purdy, Brock",QB,FL,Vet-FAA-FL,confirmed,"CL 3| TCV 84K| AAV 28K| Y1-40K, Y2-22K, Y3-22K|","CL 3| TCV 84K| AAV 28K| Y1-40K, Y2-22K, Y3-22K|",(numbers unchanged — type only),confirmed (FL review),"Auction $28,000 (2025)"
Blake Bombers,"Raridon, Eli",TE,R,Rookie-Draft,confirmed,"CL 3|TCV 6K|AAV 2K|Y1-2K, Y2-2K, Y3-2K|GTD: 4.5K","CL 3|TCV 6K|AAV 2K|Y1-2K, Y2-2K, Y3-2K|GTD: 4.5K",(numbers unchanged — type only),confirmed (cluster review 2026-05-31),3.01
Blake Bombers,"Reed, Jayden",WR,EXT1,Vet-Ext1,confirmed,CL 1|TCV 15K|AAV 15K|Y1-15K|Ext: Bomb|GTD: 11.3K,CL 1|TCV 15K|AAV 15K|Y1-15K|Ext: Bomb|GTD: 11.3K,(numbers unchanged — type only),confirmed,Trade (2024)
Blake Bombers,"Shaheed, Rashid",WR,Veteran,Vet-FAA?,low,"CL 3| TCV 21K| AAV 7K| Y1-7K, Y2-7K, Y3-7K","CL 3| TCV 21K| AAV 7K| Y1-7K, Y2-7K, Y3-7K",(numbers unchanged — type only),Traded vet — origin (FAA/WW/ERA) needs event chain; defaulted FAA.,Trade (2025)
Blake Bombers,"Simpson, Ty",QB,R,Rookie-Draft,confirmed,"CL 3|TCV 15K|AAV 5K|Y1-5K, Y2-5K, Y3-5K|GTD: 11.3K","CL 3|TCV 15K|AAV 5K|Y1-5K, Y2-5K, Y3-5K|GTD: 11.3K",(numbers unchanged — type only),confirmed (cluster review 2026-05-31),2.04
Blake Bombers,"Strange, Brenton",TE,Veteran,Vet-FAA?,low,CL 3| TCV 6K| AAV 2K,CL 3| TCV 6K| AAV 2K,BACKFILL: multi-year missing Y-schedule,Traded vet — origin (FAA/WW/ERA) needs event chain; defaulted FAA.,Trade (2025)
Blake Bombers,"Tuten, Bhayshul",RB,(blank),Rookie-Draft,confirmed,,CL 3| TCV 15K| AAV 5K,BACKFILL: multi-year missing Y-schedule,Restored from 2025 (2026 contractInfo wiped); roll contractYear forward.,2.12 (2025)
Blake Bombers,"Walker, Quay",LB,Veteran,Vet-MYM,confirmed,CL 2| TCV 2K| AAV 1K,CL 2| TCV 2K| AAV 1K,BACKFILL: multi-year missing Y-schedule,WW pickup post-contract-deadline = MYM,"BB $1,000 (2025)"
Blake Bombers,"Ward, Cam",QB,Rookie,Rookie-Draft,confirmed,CL 3| TCV 30K| AAV 10K | Option Eligible,CL 3| TCV 30K| AAV 10K | Option Eligible,BACKFILL: multi-year missing Y-schedule,confirmed (cluster review 2026-05-31),1.06 (2025)
Blake Bombers,"Watts, Xavier",S,Rookie,Rookie-MYM,confirmed,CL 3| TCV 3K| AAV 1K,CL 3| TCV 3K| AAV 1K,BACKFILL: multi-year missing Y-schedule,WW post-contract-deadline (last Sun before Wk1) = MYM,"BB $1,000 (2025)"
Blake Bombers,"Wilson, Emanuel",RB,Vet-ERA,Vet-ERA,confirmed,CL 1| TCV 2K| AAV 2K,CL 1| TCV 2K| AAV 2K,(numbers unchanged — type only),confirmed (cluster review 2026-05-31),"Auction $2,000"
C-Town Chivalry,"Ayomanor, Elic",WR,(blank),Rookie-Draft,confirmed,,CL 3| TCV 6K| AAV 2K,BACKFILL: multi-year missing Y-schedule,Restored from 2025 (2026 contractInfo wiped); roll contractYear forward.,3.10 (2025)
C-Town Chivalry,"Bowers, Brock",TE,Rookie,Rookie-Draft,confirmed,CL 3| TCV 27K| AAV 9K,CL 3| TCV 27K| AAV 9K,BACKFILL: multi-year missing Y-schedule,confirmed (cluster review 2026-05-31),1.07 (2024)
C-Town Chivalry,"Branch, Brian",S,Vet-ERA,Vet-ERA,confirmed,CL 1| TCV 4K| AAV 4K,CL 1| TCV 4K| AAV 4K,(numbers unchanged — type only),confirmed (cluster review 2026-05-31),"Auction $4,000"
C-Town Chivalry,"Cook, James",RB,Veteran,Vet-Ext2,confirmed,"CL 3| TCV 61K| AAV 27K| Y1-7, Y2-27, Y3-27| Ext: CBP","CL 3| TCV 61K| AAV 27K| Y1-7, Y2-27, Y3-27| Ext: CBP",(numbers unchanged — type only),Has Ext: token but non-EXT status — reclassify as extension.,Trade (2024)
C-Town Chivalry,"Daniels, Jayden",QB,Rookie,Rookie-Draft,confirmed,CL 3| TCV 36K| AAV 12K,CL 3| TCV 36K| AAV 12K,BACKFILL: multi-year missing Y-schedule,confirmed (cluster review 2026-05-31),1.04 (2024)
C-Town Chivalry,"Davis, Isaiah",RB,Veteran,Vet-FAA?,low,CL 3| TCV 3K| AAV 1K,CL 3| TCV 3K| AAV 1K,BACKFILL: multi-year missing Y-schedule,Traded vet — origin (FAA/WW/ERA) needs event chain; defaulted FAA.,Trade (2025)
C-Town Chivalry,"Davis, Ray",RB,(blank),Rookie-Draft,confirmed,,CL 3| TCV 6K| AAV 2K,BACKFILL: multi-year missing Y-schedule,Restored from 2025 (2026 contractInfo wiped); roll contractYear forward.,3.09 (2024)
C-Town Chivalry,"Downs, Caleb",S,R,Rookie-Draft,confirmed,"CL 3|TCV 6K|AAV 2K|Y1-2K, Y2-2K, Y3-2K|GTD: 4.5K","CL 3|TCV 6K|AAV 2K|Y1-2K, Y2-2K, Y3-2K|GTD: 4.5K",(numbers unchanged — type only),confirmed (cluster review 2026-05-31),4.09
C-Town Chivalry,"Golday, Jake",LB,R,Rookie-Draft,confirmed,"CL 3|TCV 3K|AAV 1K|Y1-1K, Y2-1K, Y3-1K|GTD: 2K","CL 3|TCV 3K|AAV 1K|Y1-1K, Y2-1K, Y3-1K|GTD: 2K",(numbers unchanged — type only),confirmed (cluster review 2026-05-31),6.09
C-Town Chivalry,"Hall, Breece",RB,Veteran,Vet-Ext2,confirmed,"CL 2| TCV 70K| AAV 35K| Y1-35K, Y2-35K| Ext: Blake","CL 2| TCV 70K| AAV 35K| Y1-35K, Y2-35K| Ext: Blake",(numbers unchanged — type only),Has Ext: token but non-EXT status — reclassify as extension.,Trade (2025)
C-Town Chivalry,"Higgins, Tee",WR,Veteran,Vet-Ext1,confirmed,"CL 2| TCV 48K| AAV 47K| Y1-24, Y2-24| Ext: Mafia, LH, C-Town","CL 2| TCV 48K| AAV 47K| Y1-24, Y2-24| Ext: Mafia, LH, C-Town",(numbers unchanged — type only),corrected — 1yr extension; RESTRUCTURE (add restructure:<year>),Trade (2024)
C-Town Chivalry,"LaPorta, Sam",TE,EXT2-BL,Vet-Ext2-BL,confirmed,"CL 2|TCV 50K|AAV 25K|Y1-10K, Y2-40K|Ext: CTwn|GTD: 37.5K","CL 2|TCV 50K|AAV 25K|Y1-10K, Y2-40K|Ext: CTwn|GTD: 37.5K",(numbers unchanged — type only),confirmed (EXT2-BL review),2.09 (2023)
C-Town Chivalry,"Lake, Quentin",S,Veteran,Vet-MYM,confirmed,"CL 3| TCV 3K| AAV 1K| Y1-1, Y2-1, Y3-1","CL 3| TCV 3K| AAV 1K| Y1-1, Y2-1, Y3-1",(numbers unchanged — type only),WW pickup post-contract-deadline = MYM,"BB $1,000 (2024)"
C-Town Chivalry,"London, Drake",WR,BL,Vet-Ext2-BL,confirmed,"CL 2| TCV 66K| AAV 33K| Y1-14, Y2-52| Ext: PG","CL 2| TCV 66K| AAV 33K| Y1-14, Y2-52| Ext: PG",(numbers unchanged — type only),confirmed (BL review 2026-05-31),Trade (2024)
C-Town Chivalry,"McKinney, Xavier",S,Veteran,Vet-FAA,confirmed,"CL 3| TCV 3K| AAV 1K| Y1-1, Y2-1, Y3-1","CL 3| TCV 3K| AAV 1K| Y1-1, Y2-1, Y3-1",(numbers unchanged — type only),confirmed (cluster review 2026-05-31),"Auction $1,000 (2024)"
C-Town Chivalry,"Milroe, Jalen",QB,(blank),Rookie-Draft,confirmed,,CL 3| TCV 15K| AAV 5K,BACKFILL: multi-year missing Y-schedule,Restored from 2025 (2026 contractInfo wiped); roll contractYear forward.,2.06 (2025)
C-Town Chivalry,"Pickens, George",WR,TAG,Tag,confirmed,CL 1| TCV 51K| AAV 51K| GTD 38.3K| Tag| Tier 1| Formula: Avg Top 1-6 WR AAV,CL 1| TCV 51K| AAV 51K| GTD 38.3K| Tag| Tier 1| Formula: Avg Top 1-6 WR AAV,(numbers unchanged — type only),Tag/TAG case-merge.,1.07 (2022)
C-Town Chivalry,"Pollard, Tony",RB,Veteran,Vet-Ext1,confirmed,"CL 2| TCV 54K| AAV 27K| Y1-27K, Y2-27K| Ext: C-Town","CL 2| TCV 54K| AAV 27K| Y1-27K, Y2-27K| Ext: C-Town",(numbers unchanged — type only),corrected — 1yr extension,"Auction $17,000 (2024)"
C-Town Chivalry,"Smith-Njigba, Jaxon",WR,FL,Vet-Ext2-FL,confirmed,"CL 3| TCV 70K| AAV 30K| Y1-14K, Y2-1K, Y3-55K| Ext: C-Town","CL 3| TCV 70K| AAV 30K| Y1-14K, Y2-1K, Y3-55K| Ext: C-Town",(numbers unchanged — type only),confirmed — RESTRUCTURE (2yr ext '25 then restructured); add restructure:<year>,Trade (2024)
C-Town Chivalry,"Stutsman, Danny",LB,(blank),Rookie-Draft,confirmed,,CL 3| TCV 3K| AAV 1K,BACKFILL: multi-year missing Y-schedule,Restored from 2025 (2026 contractInfo wiped); roll contractYear forward.,6.12 (2025)
C-Town Chivalry,"Tagovailoa, Tua",QB,FL,Vet-Ext2-FL,confirmed,CL 3| TCV 116K| AAV 49K| Y1-86 Y2-15 Y3-15| Ext: C-Town,CL 3| TCV 116K| AAV 49K| Y1-86 Y2-15 Y3-15| Ext: C-Town,(numbers unchanged — type only),confirmed,Trade (2023)
C-Town Chivalry,"Taylor, Tory",PN,Rookie,Rookie-Draft,confirmed,CL 3| TCV 3K| AAV 1K,CL 3| TCV 3K| AAV 1K,BACKFILL: multi-year missing Y-schedule,confirmed (cluster review 2026-05-31),6.11 (2024)
C-Town Chivalry,"Tracy, Tyrone",RB,Rookie,Rookie-Draft,confirmed,CL 3| TCV 6K| AAV 2K,CL 3| TCV 6K| AAV 2K,BACKFILL: multi-year missing Y-schedule,Traded rookie — origin assumed Draft; confirm via event chain.,Trade (2025)
C-Town Chivalry,"Wright, Jaylen",RB,(blank),Rookie-Draft,confirmed,,CL 3| TCV 15K| AAV 5K,BACKFILL: multi-year missing Y-schedule,Restored from 2025 (2026 contractInfo wiped); roll contractYear forward.,Trade (2024)
CBP,"Coleman, Jonah",RB,R,Rookie-Draft,confirmed,"CL 3|TCV 15K|AAV 5K|Y1-5K, Y2-5K, Y3-5K|GTD: 11.3K","CL 3|TCV 15K|AAV 5K|Y1-5K, Y2-5K, Y3-5K|GTD: 11.3K",(numbers unchanged — type only),confirmed (cluster review 2026-05-31),2.01
CBP,"Collins, Nico",WR,BL,Vet-Ext2-BL,confirmed,"CL 3| TCV 110K| AAV 42K|Y1-16K, Y2-47K, Y3-47K|  Ext: C-Town, CBP","CL 3| TCV 110K| AAV 42K|Y1-16K, Y2-47K, Y3-47K|  Ext: C-Town, CBP",(numbers unchanged — type only),confirmed,Trade (2024)
CBP,"Egbuka, Emeka",WR,Rookie,Rookie-Draft,confirmed,CL 3| TCV 15K| AAV 5K,CL 3| TCV 15K| AAV 5K,BACKFILL: multi-year missing Y-schedule,confirmed (cluster review 2026-05-31),2.01 (2025)
CBP,"Elliott, Keyshaun",LB,R,Rookie-Draft,confirmed,"CL 3|TCV 3K|AAV 1K|Y1-1K, Y2-1K, Y3-1K|GTD: 2K","CL 3|TCV 3K|AAV 1K|Y1-1K, Y2-1K, Y3-1K|GTD: 2K",(numbers unchanged — type only),confirmed (cluster review 2026-05-31),6.02
CBP,"Gabriel, Dillon",QB,(blank),Rookie-Draft,confirmed,,CL 3| TCV 6K| AAV 2K,BACKFILL: multi-year missing Y-schedule,Restored from 2025 (2026 contractInfo wiped); roll contractYear forward.,Trade (2025)
CBP,"Howard, Will",QB,(blank),Rookie-Draft,confirmed,,CL 3| TCV 6K| AAV 2K,BACKFILL: multi-year missing Y-schedule,Restored from 2025 (2026 contractInfo wiped); roll contractYear forward.,5.01 (2025)
CBP,"Hurst, Ted",WR,R,Rookie-Draft,confirmed,"CL 3|TCV 15K|AAV 5K|Y1-5K, Y2-5K, Y3-5K|GTD: 11.3K","CL 3|TCV 15K|AAV 5K|Y1-5K, Y2-5K, Y3-5K|GTD: 11.3K",(numbers unchanged — type only),confirmed (cluster review 2026-05-31),2.08
CBP,"Klubnik, Cade",QB,R,Rookie-Draft,confirmed,"CL 3|TCV 6K|AAV 2K|Y1-2K, Y2-2K, Y3-2K|GTD: 4.5K","CL 3|TCV 6K|AAV 2K|Y1-2K, Y2-2K, Y3-2K|GTD: 4.5K",(numbers unchanged — type only),confirmed (cluster review 2026-05-31),4.03
CBP,"Kmet, Cole",TE,FL,Vet-FAA-FL,confirmed,"CL 3| TCV 27K| AAV 9K| Y1-20, Y2-1, Y3-6","CL 3| TCV 27K| AAV 9K| Y1-20, Y2-1, Y3-6",(numbers unchanged — type only),confirmed,Trade (2025)
CBP,"Love, Jordan",QB,Veteran,Vet-Ext2,confirmed,"CL 3| TCV 43K| AAV 21K| Y1-1, Y2-21, Y3-21| Ext: PG","CL 3| TCV 43K| AAV 21K| Y1-1, Y2-21, Y3-21| Ext: PG",(numbers unchanged — type only),Has Ext: token but non-EXT status — reclassify as extension.,Trade (2024)
CBP,"Mitchell, Keaton",RB,Veteran,Vet-FAA?,low,CL 3| TCV 3K| AAV 1K,CL 3| TCV 3K| AAV 1K,BACKFILL: multi-year missing Y-schedule,Traded vet — origin (FAA/WW/ERA) needs event chain; defaulted FAA.,Trade (2025)
CBP,"Pearsall, Ricky",WR,Rookie,Rookie-Draft,confirmed,CL 3| TCV 15K| AAV 5K,CL 3| TCV 15K| AAV 5K,BACKFILL: multi-year missing Y-schedule,Traded rookie — origin assumed Draft; confirm via event chain.,Trade (2025)
CBP,"Rattler, Spencer",QB,Rookie,Rookie-Draft,confirmed,CL 3| TCV 6K| AAV 2K,CL 3| TCV 6K| AAV 2K,BACKFILL: multi-year missing Y-schedule,Traded rookie — origin assumed Draft; confirm via event chain.,Trade (2025)
CBP,"Sadiq, Kenyon",TE,R,Rookie-Draft,confirmed,"CL 3|TCV 24K|AAV 8K|Y1-8K, Y2-8K, Y3-8K|GTD: 18K|Keep Option as Y4Option =13K","CL 3|TCV 24K|AAV 8K|Y1-8K, Y2-8K, Y3-8K, Y4-13K Option|GTD: 18K",(numbers unchanged — type only),confirmed (cluster review 2026-05-31),1.08
CBP,"Shough, Tyler",QB,(blank),Rookie-Draft,confirmed,,CL 3| TCV 15K| AAV 5K,BACKFILL: multi-year missing Y-schedule,Restored from 2025 (2026 contractInfo wiped); roll contractYear forward.,2.09 (2025)
CBP,"Stowers, Eli",TE,R,Rookie-Draft,confirmed,"CL 3|TCV 15K|AAV 5K|Y1-5K, Y2-5K, Y3-5K|GTD: 11.3K|Keep Option as Y4Option =10K","CL 3|TCV 15K|AAV 5K|Y1-5K, Y2-5K, Y3-5K, Y4-10K Option|GTD: 11.3K",(numbers unchanged — type only),confirmed (cluster review 2026-05-31),1.12
CBP,"Verse, Jared",DE,Rookie,Rookie-Draft,confirmed,CL 3| TCV 3K| AAV 1K,CL 3| TCV 3K| AAV 1K,BACKFILL: multi-year missing Y-schedule,confirmed (cluster review 2026-05-31),6.02 (2024)
CBP,"Wilson, Garrett",WR,BL,Vet-Ext2-BL,confirmed,"CL 2| TCV 68K| AAV 34K| Y1-24, Y2-44| Ext: CBP","CL 2| TCV 68K| AAV 34K| Y1-24, Y2-44| Ext: CBP",(numbers unchanged — type only),confirmed,Trade (2023)
CBP,"Wilson, Roman",WR,(blank),Rookie-Draft,confirmed,,CL 3| TCV 6K| AAV 2K,BACKFILL: multi-year missing Y-schedule,Restored from 2025 (2026 contractInfo wiped); roll contractYear forward.,3.05 (2024)
Cleon Ca$h,"Arroyo, Elijah",TE,(blank),Rookie-Draft,confirmed,,CL 3| TCV 6K| AAV 2K,BACKFILL: multi-year missing Y-schedule,Restored from 2025 (2026 contractInfo wiped); roll contractYear forward.,3.08 (2025)
Cleon Ca$h,"Branch, Zachariah",WR,R,Rookie-Draft,confirmed,"CL 3|TCV 6K|AAV 2K|Y1-2K, Y2-2K, Y3-2K|GTD: 4.5K","CL 3|TCV 6K|AAV 2K|Y1-2K, Y2-2K, Y3-2K|GTD: 4.5K",(numbers unchanged — type only),confirmed (cluster review 2026-05-31),4.10
Cleon Ca$h,"Dart, Jaxson",QB,Rookie,Rookie-Draft,confirmed,CL 3| TCV 27K| AAV 9K | Option Eligible,CL 3| TCV 27K| AAV 9K | Option Eligible,BACKFILL: multi-year missing Y-schedule,confirmed (cluster review 2026-05-31),1.07 (2025)
Cleon Ca$h,"Green, Taylen",QB,R,Rookie-Draft,confirmed,"CL 3|TCV 6K|AAV 2K|Y1-2K, Y2-2K, Y3-2K|GTD: 4.5K","CL 3|TCV 6K|AAV 2K|Y1-2K, Y2-2K, Y3-2K|GTD: 4.5K",(numbers unchanged — type only),confirmed (cluster review 2026-05-31),4.11
Cleon Ca$h,"Harris, Tre",WR,(blank),Rookie-Draft,confirmed,,CL 3| TCV 15K| AAV 5K,BACKFILL: multi-year missing Y-schedule,Restored from 2025 (2026 contractInfo wiped); roll contractYear forward.,2.07 (2025)
Cleon Ca$h,"Herbert, Justin",QB,FL,Vet-FAA-FL,confirmed,"CL 3| TCV 153K| AAV 51K| Y1-61, Y2-51, Y3-41","CL 3| TCV 153K| AAV 51K| Y1-61, Y2-51, Y3-41",(numbers unchanged — type only),confirmed,"Auction $51,000 (2025)"
Cleon Ca$h,"Jacas, Gabe",DE,R,Rookie-Draft,confirmed,"CL 3|TCV 3K|AAV 1K|Y1-1K, Y2-1K, Y3-1K|GTD: 2K","CL 3|TCV 3K|AAV 1K|Y1-1K, Y2-1K, Y3-1K|GTD: 2K",(numbers unchanged — type only),confirmed (cluster review 2026-05-31),6.11
Cleon Ca$h,"Jeudy, Jerry",WR,FL,Vet-FAA-FL,confirmed,"CL 3| TCV 9K| AAV 3K| Y1-7, Y2-1, Y3-1","CL 3| TCV 9K| AAV 3K| Y1-7, Y2-1, Y3-1",(numbers unchanged — type only),confirmed,"Auction $3,000 (2024)"
Cleon Ca$h,"Kraft, Tucker",TE,EXT1,Vet-Ext1,confirmed,CL 1|TCV 12K|AAV 12K|Y1-12K|Ext: Cash|GTD: 9K,CL 1|TCV 12K|AAV 12K|Y1-12K|Ext: Cash|GTD: 9K,(numbers unchanged — type only),confirmed,5.01 (2023)
Cleon Ca$h,"Lamb, CeeDee",WR,Veteran,Vet-Ext2,confirmed,"CL 3| TCV 172K| AAV 64K| Y1- 44K Y2- 64K Y3- 64K| Ext: L.A. Looks, Cleon","CL 3| TCV 172K| AAV 64K| Y1- 44K Y2- 64K Y3- 64K| Ext: L.A. Looks, Cleon",(numbers unchanged — type only),Has Ext: token but non-EXT status — reclassify as extension.,Trade (2024)
Cleon Ca$h,"Love, Jeremiyah",RB,R,Rookie-Draft,confirmed,"CL 3|TCV 45K|AAV 15K|Y1-15K, Y2-15K, Y3-15K|GTD: 33.8K|Keep Option as Y4Option =20K","CL 3|TCV 45K|AAV 15K|Y1-15K, Y2-15K, Y3-15K, Y4-20K Option|GTD: 33.8K",(numbers unchanged — type only),confirmed (cluster review 2026-05-31),1.01
Cleon Ca$h,"Loveland, Colston",TE,Rookie,Rookie-Draft,confirmed,CL 3| TCV 15K| AAV 5K,CL 3| TCV 15K| AAV 5K,BACKFILL: multi-year missing Y-schedule,confirmed (cluster review 2026-05-31),2.03 (2025)
Cleon Ca$h,"McCarthy, J.J.",QB,Rookie,Rookie-Draft,confirmed,CL 3| TCV 33K| AAV 11K,CL 3| TCV 33K| AAV 11K,BACKFILL: multi-year missing Y-schedule,confirmed (cluster review 2026-05-31),1.05 (2024)
Cleon Ca$h,"McMillan, Jalen",WR,(blank),Rookie-Draft,confirmed,,CL 3| TCV 6K| AAV 2K,BACKFILL: multi-year missing Y-schedule,Restored from 2025 (2026 contractInfo wiped); roll contractYear forward.,4.08 (2024)
Cleon Ca$h,"Miller, Jam",RB,R,Rookie-Draft,confirmed,"CL 3|TCV 6K|AAV 2K|Y1-2K, Y2-2K, Y3-2K|GTD: 4.5K","CL 3|TCV 6K|AAV 2K|Y1-2K, Y2-2K, Y3-2K|GTD: 4.5K",(numbers unchanged — type only),confirmed (cluster review 2026-05-31),5.12
Cleon Ca$h,"Nabers, Malik",WR,Rookie,Rookie-Draft,confirmed,CL 3| TCV 39K| AAV 13K,CL 3| TCV 39K| AAV 13K,BACKFILL: multi-year missing Y-schedule,confirmed (cluster review 2026-05-31),1.03 (2024)
Cleon Ca$h,"Reese, Arvell",LB,R,Rookie-Draft,confirmed,"CL 3|TCV 6K|AAV 2K|Y1-2K, Y2-2K, Y3-2K|GTD: 4.5K","CL 3|TCV 6K|AAV 2K|Y1-2K, Y2-2K, Y3-2K|GTD: 4.5K",(numbers unchanged — type only),confirmed (cluster review 2026-05-31),3.07
Cleon Ca$h,"Robinson, Bijan",RB,EXT2,Vet-Ext2,confirmed,"CL 2|TCV 70K|AAV 35K|Y1-35K, Y2-35K|Ext: Cash|GTD: 52.5K","CL 2|TCV 70K|AAV 35K|Y1-35K, Y2-35K|Ext: Cash|GTD: 52.5K",(numbers unchanged — type only),confirmed,1.01 (2023)
Cleon Ca$h,"Robinson, Wan'Dale",WR,Veteran,Vet-Ext1,confirmed,"CL 2| TCV 34K| AAV 22K| Y1-12K, Y2-22K| Ext: Blake, LH","CL 2| TCV 34K| AAV 22K| Y1-12K, Y2-22K| Ext: Blake, LH",(numbers unchanged — type only),corrected — 1yr extension,Trade (2025)
Cleon Ca$h,"Royals, Jalen",WR,(blank),Rookie-Draft,confirmed,,CL 3| TCV 6K| AAV 2K,BACKFILL: multi-year missing Y-schedule,Restored from 2025 (2026 contractInfo wiped); roll contractYear forward.,3.07 (2025)
Cleon Ca$h,"Shakir, Khalil",WR,BL,Vet-ERA-BL,confirmed,"CL 3| TCV 57K| AAV 19K| Y1-14K, Y2-25K, Y3-18K","CL 3| TCV 57K| AAV 19K| Y1-14K, Y2-25K, Y3-18K",(numbers unchanged — type only),corrected — origin is ERA not FAA,Trade (2025)
Cleon Ca$h,"Singleton, Nicholas",RB,R,Rookie-Draft,confirmed,"CL 3|TCV 15K|AAV 5K|Y1-5K, Y2-5K, Y3-5K|GTD: 11.3K","CL 3|TCV 15K|AAV 5K|Y1-5K, Y2-5K, Y3-5K|GTD: 11.3K",(numbers unchanged — type only),confirmed (cluster review 2026-05-31),2.07
Cleon Ca$h,"Smith, Roquan",LB,FL,Vet-FAA-FL,confirmed,"CL 3| TCV 12K| AAV 4K| Y1-8, Y2-3, Y3-1","CL 3| TCV 12K| AAV 4K| Y1-8, Y2-3, Y3-1",(numbers unchanged — type only),confirmed,"Auction $4,000 (2024)"
Cleon Ca$h,"Starks, Malaki",S,Rookie,Rookie-Draft,confirmed,CL 3| TCV 6K| AAV 2K,CL 3| TCV 6K| AAV 2K,BACKFILL: multi-year missing Y-schedule,confirmed (cluster review 2026-05-31),5.05 (2025)
Cleon Ca$h,"TeSlaa, Isaac",WR,(blank),Rookie-Draft,confirmed,,CL 3| TCV 6K| AAV 2K,BACKFILL: multi-year missing Y-schedule,Restored from 2025 (2026 contractInfo wiped); roll contractYear forward.,4.03 (2025)
Cleon Ca$h,"Trice, Bralen",DE,Rookie,Rookie-Draft,confirmed,CL 3| TCV 3K| AAV 1K,CL 3| TCV 3K| AAV 1K,BACKFILL: multi-year missing Y-schedule,confirmed (cluster review 2026-05-31),6.10 (2024)
Cleon Ca$h,"Walker, Devontez",WR,(blank),Rookie-Draft,confirmed,,CL 3| TCV 6K| AAV 2K,BACKFILL: multi-year missing Y-schedule,Restored from 2025 (2026 contractInfo wiped); roll contractYear forward.,4.05 (2024)
Cleon Ca$h,"Walker, Travon",DE,Veteran,Vet-FAA?,low,"CL 3| TCV 3K| AAV 1K| Y1-1, Y2-1, Y3-1","CL 3| TCV 3K| AAV 1K| Y1-1, Y2-1, Y3-1",(numbers unchanged — type only),Traded vet — origin (FAA/WW/ERA) needs event chain; defaulted FAA.,Trade (2025)
Cleon Ca$h,"Williams, Mykel",DE,(blank),Rookie-Draft,confirmed,,CL 3| TCV 6K| AAV 2K,BACKFILL: multi-year missing Y-schedule,Restored from 2025 (2026 contractInfo wiped); roll contractYear forward.,5.04 (2025)
Gride,"Bech, Jack",WR,(blank),Rookie-Draft,confirmed,,CL 3| TCV 15K| AAV 5K,BACKFILL: multi-year missing Y-schedule,Restored from 2025 (2026 contractInfo wiped); roll contractYear forward.,2.11 (2025)
Gride,"Bell, Chris",WR,R,Rookie-Draft,confirmed,"CL 3|TCV 15K|AAV 5K|Y1-5K, Y2-5K, Y3-5K|GTD: 11.3K","CL 3|TCV 15K|AAV 5K|Y1-5K, Y2-5K, Y3-5K|GTD: 11.3K",(numbers unchanged — type only),confirmed (cluster review 2026-05-31),2.03
Gride,"Brazzell II, Chris",WR,R,Rookie-Draft,confirmed,"CL 3|TCV 6K|AAV 2K|Y1-2K, Y2-2K, Y3-2K|GTD: 4.5K","CL 3|TCV 6K|AAV 2K|Y1-2K, Y2-2K, Y3-2K|GTD: 4.5K",(numbers unchanged — type only),confirmed (cluster review 2026-05-31),3.12
Gride,"Coker, Jalen",WR,Rookie,Rookie-MYM,confirmed,"CL 3| TCV 3K| AAV 1K| Y1-1, Y2-1, Y3-1","CL 3| TCV 3K| AAV 1K| Y1-1, Y2-1, Y3-1",(numbers unchanged — type only),WW post-contract-deadline (last Sun before Wk1) = MYM,"BB $1,000 (2024)"
Gride,"Darnold, Sam",QB,Veteran,Vet-FAA,confirmed,CL 2| TCV 36K| AAV 18K,CL 2| TCV 36K| AAV 18K,BACKFILL: multi-year missing Y-schedule,confirmed (cluster review 2026-05-31),"Auction $18,000 (2025)"
Gride,"Etienne, Trevor",RB,(blank),Rookie-Draft,confirmed,,CL 3| TCV 6K| AAV 2K,BACKFILL: multi-year missing Y-schedule,Restored from 2025 (2026 contractInfo wiped); roll contractYear forward.,4.04 (2025)
Gride,"Giddens, DJ",RB,(blank),Rookie-Draft,confirmed,,CL 3| TCV 6K| AAV 2K,BACKFILL: multi-year missing Y-schedule,Restored from 2025 (2026 contractInfo wiped); roll contractYear forward.,4.06 (2025)
Gride,"Graham, Mason",DT,(blank),Rookie-Draft,confirmed,,CL 3| TCV 3K| AAV 1K,BACKFILL: multi-year missing Y-schedule,Restored from 2025 (2026 contractInfo wiped); roll contractYear forward.,6.11 (2025)
Gride,"Hill Jr., Anthony",LB,R,Rookie-Draft,confirmed,"CL 3|TCV 6K|AAV 2K|Y1-2K, Y2-2K, Y3-2K|GTD: 4.5K","CL 3|TCV 6K|AAV 2K|Y1-2K, Y2-2K, Y3-2K|GTD: 4.5K",(numbers unchanged — type only),confirmed (cluster review 2026-05-31),4.12
Gride,"Johnson, Emmett",RB,R,Rookie-Draft,confirmed,"CL 3|TCV 15K|AAV 5K|Y1-5K, Y2-5K, Y3-5K|GTD: 11.3K","CL 3|TCV 15K|AAV 5K|Y1-5K, Y2-5K, Y3-5K|GTD: 11.3K",(numbers unchanged — type only),confirmed (cluster review 2026-05-31),2.09
Gride,"Joly, Justin",TE,R,Rookie-Draft,confirmed,"CL 3|TCV 6K|AAV 2K|Y1-2K, Y2-2K, Y3-2K|GTD: 4.5K","CL 3|TCV 6K|AAV 2K|Y1-2K, Y2-2K, Y3-2K|GTD: 4.5K",(numbers unchanged — type only),confirmed (cluster review 2026-05-31),5.09
Gride,"Monangai, Kyle",RB,(blank),Rookie-Draft,confirmed,,CL 3| TCV 6K| AAV 2K,BACKFILL: multi-year missing Y-schedule,Restored from 2025 (2026 contractInfo wiped); roll contractYear forward.,Trade (2025)
Gride,"Moore, D.J.",WR,Veteran,Vet-FAA,confirmed,CL 2| TCV 42K| AAV 21K,CL 2| TCV 42K| AAV 21K,BACKFILL: multi-year missing Y-schedule,confirmed (cluster review 2026-05-31),"Auction $21,000 (2025)"
Gride,"Neal, Devin",RB,Rookie,Rookie-Draft,confirmed,CL 3| TCV 6K| AAV 2K,CL 3| TCV 6K| AAV 2K,BACKFILL: multi-year missing Y-schedule,confirmed (cluster review 2026-05-31),4.07 (2025)
Gride,"Njoku, David",TE,Veteran,Vet-FAA,confirmed,CL 2| TCV 54K| AAV 27K,CL 2| TCV 54K| AAV 27K,BACKFILL: multi-year missing Y-schedule,confirmed (cluster review 2026-05-31),"Auction $27,000 (2025)"
Gride,"Pittman, Michael",WR,Veteran,Vet-Ext2,confirmed,CL 3| TCV 115K| AAV 45K| Y1-25K Y2-45K Y3-45K| Ext: PG,CL 3| TCV 115K| AAV 45K| Y1-25K Y2-45K Y3-45K| Ext: PG,(numbers unchanged — type only),Has Ext: token but non-EXT status — reclassify as extension.,Trade (2024)
Gride,"Price, Jadarian",RB,R,Rookie-Draft,confirmed,"CL 3|TCV 36K|AAV 12K|Y1-12K, Y2-12K, Y3-12K|GTD: 27K|Keep Option as Y4Option =17K","CL 3|TCV 36K|AAV 12K|Y1-12K, Y2-12K, Y3-12K, Y4-17K Option|GTD: 27K",(numbers unchanged — type only),confirmed (cluster review 2026-05-31),1.04
Gride,"Randall, Adam",RB,R,Rookie-Draft,confirmed,"CL 3|TCV 6K|AAV 2K|Y1-2K, Y2-2K, Y3-2K|GTD: 4.5K","CL 3|TCV 6K|AAV 2K|Y1-2K, Y2-2K, Y3-2K|GTD: 4.5K",(numbers unchanged — type only),confirmed (cluster review 2026-05-31),3.09
Gride,"Rice, Brenden",WR,(blank),Rookie-Draft,confirmed,,CL 3| TCV 6K| AAV 2K,BACKFILL: multi-year missing Y-schedule,Restored from 2025 (2026 contractInfo wiped); roll contractYear forward.,5.02 (2024)
Gride,"Samuel, Deebo",WR,Veteran,Vet-FAA,confirmed,CL 3| TCV 24K| AAV 8K,CL 3| TCV 24K| AAV 8K,BACKFILL: multi-year missing Y-schedule,confirmed (cluster review 2026-05-31),"Auction $8,000 (2025)"
Gride,"Skattebo, Cam",RB,Rookie,Rookie-Draft,confirmed,CL 3| TCV 15K| AAV 5K,CL 3| TCV 15K| AAV 5K,BACKFILL: multi-year missing Y-schedule,Traded rookie — origin assumed Draft; confirm via event chain.,Trade (2025)
Gride,"Smack, Trey",PK,R,Rookie-Draft,confirmed,"CL 3|TCV 3K|AAV 1K|Y1-1K, Y2-1K, Y3-1K|GTD: 2K","CL 3|TCV 3K|AAV 1K|Y1-1K, Y2-1K, Y3-1K|GTD: 2K",(numbers unchanged — type only),confirmed (cluster review 2026-05-31),6.03
Gride,"Tyson, Jordyn",WR,R,Rookie-Draft,confirmed,"CL 3|TCV 33K|AAV 11K|Y1-11K, Y2-11K, Y3-11K|GTD: 24.8K|Keep Option as Y4Option =16K","CL 3|TCV 33K|AAV 11K|Y1-11K, Y2-11K, Y3-11K, Y4-16K Option|GTD: 24.8K",(numbers unchanged — type only),confirmed (cluster review 2026-05-31),1.05
Gride,"Vidal, Kimani",RB,Rookie,Rookie-Draft,confirmed,CL 3| TCV 6K| AAV 2K,CL 3| TCV 6K| AAV 2K,BACKFILL: multi-year missing Y-schedule,confirmed (cluster review 2026-05-31),3.02 (2024)
Gride,"Williams, Antonio",WR,R,Rookie-Draft,confirmed,"CL 3|TCV 15K|AAV 5K|Y1-5K, Y2-5K, Y3-5K|GTD: 11.3K|Keep Option as Y4Option =10K","CL 3|TCV 15K|AAV 5K|Y1-5K, Y2-5K, Y3-5K, Y4-10K Option|GTD: 11.3K",(numbers unchanged — type only),confirmed (cluster review 2026-05-31),1.11
Gride,"Wilson, Payton",LB,(blank),Rookie-Draft,confirmed,,CL 3| TCV 3K| AAV 1K,BACKFILL: multi-year missing Y-schedule,Restored from 2025 (2026 contractInfo wiped); roll contractYear forward.,6.03 (2024)
Gride,"Young, Bryce",QB,EXT2,Vet-Ext2,confirmed,"CL 2|TCV 66K|AAV 33K|Y1-33K, Y2-33K|Ext: GRID|GTD: 49.5K","CL 2|TCV 66K|AAV 33K|Y1-33K, Y2-33K|Ext: GRID|GTD: 49.5K",(numbers unchanged — type only),confirmed,Trade (2023)
HammerTime 🔨 ⏰,"Addison, Jordan",WR,Veteran,Vet-Ext1,confirmed,CL 2| TCV 24K| AAV 17K| Ext: LH,CL 2| TCV 24K| AAV 17K| Ext: LH,BACKFILL: multi-year missing Y-schedule,corrected — 1yr extension,Trade (2025)
HammerTime 🔨 ⏰,"Bateman, Rashod",WR,Veteran,Vet-FAA,confirmed,CL 3| TCV 15K| AAV 5K,CL 3| TCV 15K| AAV 5K,BACKFILL: multi-year missing Y-schedule,confirmed (cluster review 2026-05-31),"Auction $5,000 (2025)"
HammerTime 🔨 ⏰,"Bell, Skyler",WR,R,Rookie-Draft,confirmed,"CL 3|TCV 15K|AAV 5K|Y1-5K, Y2-5K, Y3-5K|GTD: 11.3K","CL 3|TCV 15K|AAV 5K|Y1-5K, Y2-5K, Y3-5K|GTD: 11.3K",(numbers unchanged — type only),confirmed (cluster review 2026-05-31),2.12
HammerTime 🔨 ⏰,"Burden, Luther",WR,Rookie,Rookie-Draft,confirmed,CL 3| TCV 15K| AAV 5K | Option Eligible,CL 3| TCV 15K| AAV 5K | Option Eligible,BACKFILL: multi-year missing Y-schedule,confirmed (cluster review 2026-05-31),1.12 (2025)
HammerTime 🔨 ⏰,"Campbell, Jack",LB,Veteran,Vet-MYM,confirmed,"CL 3| TCV 9K| AAV 3K| Y1-3, Y2-3, Y3-3","CL 3| TCV 9K| AAV 3K| Y1-3, Y2-3, Y3-3",(numbers unchanged — type only),WW pickup post-contract-deadline = MYM,"BB $3,000 (2024)"
HammerTime 🔨 ⏰,"Chase, Ja'Marr",WR,BL,Vet-Ext2-BL,confirmed,"CL 2| TCV 129K| AAV 54K| Y1-26K, Y2-103K| GTD: 96.8K| Ext: Creel, Hammer","CL 2| TCV 129K| AAV 54K| Y1-26K, Y2-103K| GTD: 96.8K| Ext: Creel, Hammer",(numbers unchanged — type only),confirmed,Trade (2024)
HammerTime 🔨 ⏰,"Claiborne, Demond",RB,R,Rookie-Draft,confirmed,"CL 3|TCV 6K|AAV 2K|Y1-2K, Y2-2K, Y3-2K|GTD: 4.5K","CL 3|TCV 6K|AAV 2K|Y1-2K, Y2-2K, Y3-2K|GTD: 4.5K",(numbers unchanged — type only),confirmed (cluster review 2026-05-31),3.08
HammerTime 🔨 ⏰,"Franklin, Troy",WR,Rookie,Rookie-Draft,confirmed,CL 3| TCV 15K| AAV 5K,CL 3| TCV 15K| AAV 5K,BACKFILL: multi-year missing Y-schedule,confirmed (cluster review 2026-05-31),2.09 (2024)
HammerTime 🔨 ⏰,"Gray, Cedric",LB,Rookie,Rookie-Draft,confirmed,CL 3| TCV 3K| AAV 1K,CL 3| TCV 3K| AAV 1K,BACKFILL: multi-year missing Y-schedule,confirmed (cluster review 2026-05-31),6.04 (2024)
HammerTime 🔨 ⏰,"Hockenson, T.J.",TE,MYM - Vet,Vet-MYM,confirmed,"CL 3| TCV 33K| AAV 11K| Y1-11K, Y2-11K, Y3-11K| GTD: 24750","CL 3| TCV 33K| AAV 11K| Y1-11K, Y2-11K, Y3-11K| GTD: 24750",(numbers unchanged — type only),confirmed (cluster review 2026-05-31),"BB $11,000 (2025)"
HammerTime 🔨 ⏰,"Laube, Dylan",RB,(blank),Rookie-Draft,confirmed,,CL 3| TCV 6K| AAV 2K,BACKFILL: multi-year missing Y-schedule,Restored from 2025 (2026 contractInfo wiped); roll contractYear forward.,4.02 (2024)
HammerTime 🔨 ⏰,"Lawrence, Malachi",DE,R,Rookie-Draft,confirmed,"CL 3|TCV 3K|AAV 1K|Y1-1K, Y2-1K, Y3-1K|GTD: 2K","CL 3|TCV 3K|AAV 1K|Y1-1K, Y2-1K, Y3-1K|GTD: 2K",(numbers unchanged — type only),confirmed (cluster review 2026-05-31),6.05
HammerTime 🔨 ⏰,"McBride, Trey",TE,BL,Vet-Ext2-BL,confirmed,"CL 2| TCV 44K| AAV 22K| Y1-9K, Y2-35K| Ext: Hammer","CL 2| TCV 44K| AAV 22K| Y1-9K, Y2-35K| Ext: Hammer",(numbers unchanged — type only),confirmed,Trade (2023)
HammerTime 🔨 ⏰,"McConkey, Ladd",WR,Rookie,Rookie-Draft,confirmed,CL 3| TCV 15K| AAV 5K,CL 3| TCV 15K| AAV 5K,BACKFILL: multi-year missing Y-schedule,confirmed (cluster review 2026-05-31),1.12 (2024)
HammerTime 🔨 ⏰,"Mesidor, Akheem",DE,R,Rookie-Draft,confirmed,"CL 3|TCV 6K|AAV 2K|Y1-2K, Y2-2K, Y3-2K|GTD: 4.5K","CL 3|TCV 6K|AAV 2K|Y1-2K, Y2-2K, Y3-2K|GTD: 4.5K",(numbers unchanged — type only),confirmed (cluster review 2026-05-31),5.11
HammerTime 🔨 ⏰,"Montgomery, David",RB,EXT1,Vet-Ext1,confirmed,"CL 2| TCV 42K| AAV 20K, 30K| Y1-12K, Y2-30K| Ext: Hammer| GTD: 31.5K","CL 2| TCV 42K| AAV 20K, 30K| Y1-12K, Y2-30K| Ext: Hammer| GTD: 31.5K",(numbers unchanged — type only),confirmed,Trade
HammerTime 🔨 ⏰,"Murphy, Byron",DT,(blank),Rookie-Draft,confirmed,,CL 3| TCV 3K| AAV 1K,BACKFILL: multi-year missing Y-schedule,Restored from 2025 (2026 contractInfo wiped); roll contractYear forward.,Trade (2025)
HammerTime 🔨 ⏰,"Penix Jr., Michael",QB,Rookie,Rookie-Draft,confirmed,CL 3| TCV 15K| AAV 5K,CL 3| TCV 15K| AAV 5K,BACKFILL: multi-year missing Y-schedule,Traded rookie — origin assumed Draft; confirm via event chain.,Trade (2025)
HammerTime 🔨 ⏰,"Richardson, Anthony",QB,Veteran,Vet-WW,confirmed,CL 3| TCV 33K| AAV 11K,CL 3| TCV 33K| AAV 11K,BACKFILL: multi-year missing Y-schedule,confirmed (cluster review 2026-05-31),"BB $11,000 (2025)"
HammerTime 🔨 ⏰,"Sinnott, Ben",TE,(blank),Rookie-Draft,confirmed,,CL 3| TCV 6K| AAV 2K,BACKFILL: multi-year missing Y-schedule,Restored from 2025 (2026 contractInfo wiped); roll contractYear forward.,Trade (2025)
HammerTime 🔨 ⏰,"Smith, Ainias",WR,(blank),Rookie-Draft,confirmed,,CL 3| TCV 6K| AAV 2K,BACKFILL: multi-year missing Y-schedule,Restored from 2025 (2026 contractInfo wiped); roll contractYear forward.,5.06 (2024)
HammerTime 🔨 ⏰,"Smith, Geno",QB,BL,Vet-FAA-BL,confirmed,"CL 3| TCV 45K| AAV 15K| Y1-9K, Y2-1K, Y3-35K","CL 3| TCV 45K| AAV 15K| Y1-9K, Y2-1K, Y3-35K",(numbers unchanged — type only),confirmed,"Auction $15,000 (2025)"
HammerTime 🔨 ⏰,"Smith, Jonnu",TE,Veteran,Vet-FAA,confirmed,"CL 3| TCV 18K| AAV 6K| Y1-6K, Y2-6K, Y3-6K","CL 3| TCV 18K| AAV 6K| Y1-6K, Y2-6K, Y3-6K",(numbers unchanged — type only),confirmed (cluster review 2026-05-31),"Auction $6,000 (2025)"
HammerTime 🔨 ⏰,"Stover, Cade",TE,(blank),Rookie-Draft,confirmed,,CL 3| TCV 6K| AAV 2K,BACKFILL: multi-year missing Y-schedule,Restored from 2025 (2026 contractInfo wiped); roll contractYear forward.,4.09 (2024)
HammerTime 🔨 ⏰,"Stroud, C.J.",QB,EXT1,Vet-Ext1,confirmed,CL 1| TCV 22K| AAV 22K| Y1-22K| GTD: 16.5K| Ext: 🔨 ⏰,CL 1| TCV 22K| AAV 22K| Y1-22K| GTD: 16.5K| Ext: 🔨 ⏰,(numbers unchanged — type only),confirmed,Trade (2025)
HammerTime 🔨 ⏰,"Taylor, Mason",TE,Rookie,Rookie-Draft,confirmed,CL 3| TCV 6K| AAV 2K,CL 3| TCV 6K| AAV 2K,BACKFILL: multi-year missing Y-schedule,confirmed (cluster review 2026-05-31),3.02 (2025)
HammerTime 🔨 ⏰,"Walker III, Kenneth",RB,BL,Vet-Ext1-BL,confirmed,"CL 2| TCV 74K| AAV 32K, 42K| Y1-15K, Y2-59K| GTD: 55.5K| Ext: PG, RealDeal","CL 2| TCV 74K| AAV 32K, 42K| Y1-15K, Y2-59K| GTD: 55.5K| Ext: PG, RealDeal",(numbers unchanged — type only),corrected — 1yr ext with loaded year still ahead,Trade
HammerTime 🔨 ⏰,"Walker, Jalon",DE,(blank),Rookie-Draft,confirmed,,CL 3| TCV 3K| AAV 1K,BACKFILL: multi-year missing Y-schedule,Restored from 2025 (2026 contractInfo wiped); roll contractYear forward.,6.04 (2025)
HammerTime 🔨 ⏰,"Williams, Javonte",RB,TAG,Tag,confirmed,CL 1| TCV 30K| AAV 30K| GTD 22.5K| Tag| Tier 3| Formula: Avg Top 9-31 RB AAV | 10% AAV floor (rounded up to $1K) | 10% AAV floor (rounded up to $1K),CL 1| TCV 30K| AAV 30K| GTD 22.5K| Tag| Tier 3| Formula: Avg Top 9-31 RB AAV | 10% AAV floor (rounded up to $1K) | 10% AAV floor (rounded up to $1K),(numbers unchanged — type only),Tag/TAG case-merge.,Trade (2023)
Hawks,"Allar, Drew",QB,R,Rookie-Draft,confirmed,"CL 3|TCV 6K|AAV 2K|Y1-2K, Y2-2K, Y3-2K|GTD: 4.5K","CL 3|TCV 6K|AAV 2K|Y1-2K, Y2-2K, Y3-2K|GTD: 4.5K",(numbers unchanged — type only),confirmed (cluster review 2026-05-31),3.05
Hawks,"Allen, CJ",LB,R,Rookie-Draft,confirmed,"CL 3|TCV 6K|AAV 2K|Y1-2K, Y2-2K, Y3-2K|GTD: 4.5K","CL 3|TCV 6K|AAV 2K|Y1-2K, Y2-2K, Y3-2K|GTD: 4.5K",(numbers unchanged — type only),confirmed (cluster review 2026-05-31),4.02
Hawks,"Allen, LeQuint",RB,(blank),Rookie-Draft,confirmed,,CL 3| TCV 6K| AAV 2K,BACKFILL: multi-year missing Y-schedule,Restored from 2025 (2026 contractInfo wiped); roll contractYear forward.,5.08 (2025)
Hawks,"Black, Kaelon",RB,R,Rookie-Draft,confirmed,"CL 3|TCV 15K|AAV 5K|Y1-5K, Y2-5K, Y3-5K|GTD: 11.3K","CL 3|TCV 15K|AAV 5K|Y1-5K, Y2-5K, Y3-5K|GTD: 11.3K",(numbers unchanged — type only),confirmed (cluster review 2026-05-31),2.02
Hawks,"Brown, Marquise",WR,Veteran,Vet-FAA,confirmed,"CL 3| TCV 24K| AAV 8K| Y1-8, Y2-8, Y3-8","CL 3| TCV 24K| AAV 8K| Y1-8, Y2-8, Y3-8",(numbers unchanged — type only),confirmed (cluster review 2026-05-31),"Auction $8,000 (2024)"
Hawks,"Bullard, Javon",S,Rookie,Rookie-Draft,confirmed,CL 3| TCV 3K| AAV 1K,CL 3| TCV 3K| AAV 1K,BACKFILL: multi-year missing Y-schedule,confirmed (cluster review 2026-05-31),6.09 (2024)
Hawks,"Carter, Abdul",DE,Rookie,Rookie-Draft,confirmed,CL 3| TCV 6K| AAV 2K,CL 3| TCV 6K| AAV 2K,BACKFILL: multi-year missing Y-schedule,confirmed (cluster review 2026-05-31),3.09 (2025)
Hawks,"Corley, Malachi",WR,(blank),Rookie-Draft,confirmed,,CL 3| TCV 6K| AAV 2K,BACKFILL: multi-year missing Y-schedule,Restored from 2025 (2026 contractInfo wiped); roll contractYear forward.,5.01 (2024)
Hawks,"Delane, Mansoor",CB,R,Rookie-Draft,confirmed,"CL 3|TCV 3K|AAV 1K|Y1-1K, Y2-1K, Y3-1K|GTD: 2K","CL 3|TCV 3K|AAV 1K|Y1-1K, Y2-1K, Y3-1K|GTD: 2K",(numbers unchanged — type only),confirmed (cluster review 2026-05-31),6.12
Hawks,"Dike, Chimere",WR,Rookie,Rookie-MYM,confirmed,CL 3| TCV 15K| AAV 5K,CL 3| TCV 15K| AAV 5K,BACKFILL: multi-year missing Y-schedule,WW post-contract-deadline (last Sun before Wk1) = MYM,"BB $5,000 (2025)"
Hawks,"Dobbins, J.K.",RB,Veteran,Vet-FAA,confirmed,"CL 3| TCV 27K| AAV 9K| Y1-9, Y2-9, Y3-9","CL 3| TCV 27K| AAV 9K| Y1-9, Y2-9, Y3-9",(numbers unchanged — type only),confirmed (cluster review 2026-05-31),"Auction $9,000 (2024)"
Hawks,"Evans, Mike",WR,Veteran,Vet-FAA,confirmed,"CL 3| TCV 72K| AAV 24K| Y1-24, Y2-24, Y3-24","CL 3| TCV 72K| AAV 24K| Y1-24, Y2-24, Y3-24",(numbers unchanged — type only),confirmed (cluster review 2026-05-31),"Auction $24,000 (2024)"
Hawks,"Harvey, RJ",RB,Rookie,Rookie-Draft,confirmed,CL 3| TCV 33K| AAV 11K | Option Eligible,CL 3| TCV 33K| AAV 11K | Option Eligible,BACKFILL: multi-year missing Y-schedule,confirmed (cluster review 2026-05-31),1.05 (2025)
Hawks,"Johnson, Kaleb",RB,Rookie,Rookie-Draft,confirmed,CL 3| TCV 18K| AAV 6K | Option Eligible,CL 3| TCV 18K| AAV 6K | Option Eligible,BACKFILL: multi-year missing Y-schedule,confirmed (cluster review 2026-05-31),1.10 (2025)
Hawks,"Jones, Marcus",CB,Veteran,Vet-MYM,confirmed,"CL 3| TCV 3K| AAV 1K| Y1-1, Y2-1, Y3-1","CL 3| TCV 3K| AAV 1K| Y1-1, Y2-1, Y3-1",(numbers unchanged — type only),WW pickup post-contract-deadline = MYM,"BB $1,000 (2024)"
Hawks,"Kincaid, Dalton",TE,Veteran,Vet-Ext2,confirmed,CL 3| TCV 67K| AAV 29K| Ext: PG,CL 3| TCV 67K| AAV 29K| Ext: PG,BACKFILL: multi-year missing Y-schedule,Has Ext: token but non-EXT status — reclassify as extension.,Trade (2025)
Hawks,"Lane, Ja'Kobi",WR,R,Rookie-Draft,confirmed,"CL 3|TCV 6K|AAV 2K|Y1-2K, Y2-2K, Y3-2K|GTD: 4.5K","CL 3|TCV 6K|AAV 2K|Y1-2K, Y2-2K, Y3-2K|GTD: 4.5K",(numbers unchanged — type only),confirmed (cluster review 2026-05-31),3.02
Hawks,"Lane, Jaylin",WR,(blank),Rookie-Draft,confirmed,,CL 3| TCV 6K| AAV 2K,BACKFILL: multi-year missing Y-schedule,Restored from 2025 (2026 contractInfo wiped); roll contractYear forward.,4.09 (2025)
Hawks,"Lemon, Makai",WR,R,Rookie-Draft,confirmed,"CL 3|TCV 30K|AAV 10K|Y1-10K, Y2-10K, Y3-10K|GTD: 22.5K|Keep Option as Y4Option =15K","CL 3|TCV 30K|AAV 10K|Y1-10K, Y2-10K, Y3-10K, Y4-15K Option|GTD: 22.5K",(numbers unchanged — type only),confirmed (cluster review 2026-05-31),1.06
Hawks,"Martin, Nick",LB,(blank),Rookie-Draft,confirmed,,CL 3| TCV 3K| AAV 1K,BACKFILL: multi-year missing Y-schedule,Restored from 2025 (2026 contractInfo wiped); roll contractYear forward.,6.08 (2025)
Hawks,"Meyers, Jakobi",WR,Veteran,Vet-FAA?,low,"CL 3| TCV 12K| AAV 4K| Y1-4, Y2-4, Y3-4","CL 3| TCV 12K| AAV 4K| Y1-4, Y2-4, Y3-4",(numbers unchanged — type only),Traded vet — origin (FAA/WW/ERA) needs event chain; defaulted FAA.,Trade (2025)
Hawks,"Owusu-Koramoah, Jeremiah",LB,Veteran,Vet-FAA?,low,"CL 3| TCV 3K| AAV 1K| Y1-1, Y2-1, Y3-1","CL 3| TCV 3K| AAV 1K| Y1-1, Y2-1, Y3-1",(numbers unchanged — type only),Traded vet — origin (FAA/WW/ERA) needs event chain; defaulted FAA.,Trade (2024)
Hawks,"Robinson, Chop",DE,Rookie,Rookie-Draft,confirmed,CL 3| TCV 6K| AAV 2K,CL 3| TCV 6K| AAV 2K,BACKFILL: multi-year missing Y-schedule,confirmed (cluster review 2026-05-31),4.01 (2024)
Hawks,"Tate, Carnell",WR,R,Rookie-Draft,confirmed,"CL 3|TCV 42K|AAV 14K|Y1-14K, Y2-14K, Y3-14K|GTD: 31.5K|Keep Option as Y4Option =19K","CL 3|TCV 42K|AAV 14K|Y1-14K, Y2-14K, Y3-14K, Y4-19K Option|GTD: 31.5K",(numbers unchanged — type only),confirmed (cluster review 2026-05-31),1.02
Hawks,"Warner, Fred",LB,Veteran,Vet-FAA,confirmed,"CL 3| TCV 12K| AAV 4K| Y1-4, Y2-4, Y3-4","CL 3| TCV 12K| AAV 4K| Y1-4, Y2-4, Y3-4",(numbers unchanged — type only),confirmed (cluster review 2026-05-31),"Auction $4,000 (2024)"
Hawks,"Williams, Kyren",RB,Veteran,Vet-Ext2,confirmed,"CL 2| TCV 44K| AAV 22K| Y1-22K, Y2-22K| Ext: Hawks","CL 2| TCV 44K| AAV 22K| Y1-22K, Y2-22K| Ext: Hawks",(numbers unchanged — type only),Has Ext: token but non-EXT status — reclassify as extension.,3.08 (2022)
Hawks,"Wilson, Michael",WR,Veteran,Vet-MYM,confirmed,CL 3| TCV 15K| AAV 5K,CL 3| TCV 15K| AAV 5K,BACKFILL: multi-year missing Y-schedule,WW pickup post-contract-deadline = MYM,"BB $5,000 (2025)"
Hawks,"Worthy, Xavier",WR,Rookie,Rookie-Draft,confirmed,CL 3| TCV 15K| AAV 5K,CL 3| TCV 15K| AAV 5K,BACKFILL: multi-year missing Y-schedule,Traded rookie — origin assumed Draft; confirm via event chain.,Trade (2024)
L.A. Looks,"Allen, Braelon",RB,(blank),Rookie-Draft,confirmed,,CL 3| TCV 6K| AAV 2K,BACKFILL: multi-year missing Y-schedule,Restored from 2025 (2026 contractInfo wiped); roll contractYear forward.,4.06 (2024)
L.A. Looks,"Aubrey, Brandon",PK,Veteran,Vet-FAA,confirmed,CL 2| TCV 4K| AAV 2K,CL 2| TCV 4K| AAV 2K,BACKFILL: multi-year missing Y-schedule,confirmed (cluster review 2026-05-31),"Auction $2,000 (2025)"
L.A. Looks,"Bailey, David",DE,R,Rookie-Draft,confirmed,"CL 3|TCV 6K|AAV 2K|Y1-2K, Y2-2K, Y3-2K|GTD: 4.5K","CL 3|TCV 6K|AAV 2K|Y1-2K, Y2-2K, Y3-2K|GTD: 4.5K",(numbers unchanged — type only),confirmed (cluster review 2026-05-31),4.08
L.A. Looks,"Battle, Jordan",S,Vet-ERA,Vet-ERA,confirmed,CL 1| TCV 4K| AAV 4K,CL 1| TCV 4K| AAV 4K,(numbers unchanged — type only),confirmed (cluster review 2026-05-31),"Auction $4,000"
L.A. Looks,"Bigsby, Tank",RB,Vet-ERA,Vet-ERA,confirmed,CL 1| TCV 4K| AAV 4K,CL 1| TCV 4K| AAV 4K,(numbers unchanged — type only),confirmed (cluster review 2026-05-31),"Auction $4,000"
L.A. Looks,"Brown, Chase",RB,EXT2,Vet-Ext2,confirmed,"CL 2|TCV 44K|AAV 22K|Y1-22K, Y2-22K|Ext: L.A.|GTD: 33K","CL 2|TCV 44K|AAV 22K|Y1-22K, Y2-22K|Ext: L.A.|GTD: 33K",(numbers unchanged — type only),confirmed (EXT2 review),Trade (2024)
L.A. Looks,"Burks, Deion",WR,R,Rookie-Draft,confirmed,"CL 3|TCV 6K|AAV 2K|Y1-2K, Y2-2K, Y3-2K|GTD: 4.5K","CL 3|TCV 6K|AAV 2K|Y1-2K, Y2-2K, Y3-2K|GTD: 4.5K",(numbers unchanged — type only),confirmed (cluster review 2026-05-31),5.06
L.A. Looks,"Charbonnet, Zach",RB,Vet-ERA,Vet-ERA,confirmed,CL 1| TCV 7K| AAV 7K,CL 1| TCV 7K| AAV 7K,(numbers unchanged — type only),confirmed (cluster review 2026-05-31),"Auction $7,000"
L.A. Looks,"Curl, Kamren",S,TAG,Tag,confirmed,CL 1| TCV 4K| AAV 4K| GTD 3K| Tag| Tier 1| Formula: Avg Top 1-6 DB AAV,CL 1| TCV 4K| AAV 4K| GTD 3K| Tag| Tier 1| Formula: Avg Top 1-6 DB AAV,(numbers unchanged — type only),Tag/TAG case-merge.,Trade (2025)
L.A. Looks,"Elliott, DeShon",S,Veteran,Vet-MYM,confirmed,"CL 2| TCV 2K| AAV 1K| Y1-1K, Y2-1K| GTD: 1K","CL 2| TCV 2K| AAV 1K| Y1-1K, Y2-1K| GTD: 1K",(numbers unchanged — type only),WW pickup post-contract-deadline = MYM,"BB $1,000 (2025)"
L.A. Looks,"Emmanwori, Nick",S,Rookie,Rookie-Draft,confirmed,CL 3| TCV 3K| AAV 1K,CL 3| TCV 3K| AAV 1K,BACKFILL: multi-year missing Y-schedule,confirmed (cluster review 2026-05-31),6.09 (2025)
L.A. Looks,"Ferguson, Jake",TE,Veteran,Vet-Ext1,confirmed,"CL 2| TCV 32K| AAV 21K| Y1-11, Y2-21| Ext: Blake, L.A. Looks","CL 2| TCV 32K| AAV 21K| Y1-11, Y2-21| Ext: Blake, L.A. Looks",(numbers unchanged — type only),corrected — 1yr extension,Trade (2025)
L.A. Looks,"Green, Mike",DE,(blank),Rookie-Draft,confirmed,,CL 3| TCV 6K| AAV 2K,BACKFILL: multi-year missing Y-schedule,Restored from 2025 (2026 contractInfo wiped); roll contractYear forward.,4.12 (2025)
L.A. Looks,"Henry, Robert",RB,R,Rookie-Draft,confirmed,"CL 3|TCV 6K|AAV 2K|Y1-2K, Y2-2K, Y3-2K|GTD: 4.5K","CL 3|TCV 6K|AAV 2K|Y1-2K, Y2-2K, Y3-2K|GTD: 4.5K",(numbers unchanged — type only),confirmed (cluster review 2026-05-31),5.01
L.A. Looks,"Jennings, Jauan",WR,Veteran,Vet-Ext1,confirmed,"CL 2| TCV 32K| AAV 21K| Y1-11K, Y2-21K| Ext: Creel, L.A.| GTD: 24K","CL 2| TCV 32K| AAV 21K| Y1-11K, Y2-21K| Ext: Creel, L.A.| GTD: 24K",(numbers unchanged — type only),corrected — 1yr extension,Trade (2025)
L.A. Looks,"Lance, Bryce",WR,R,Rookie-Draft,confirmed,"CL 3|TCV 6K|AAV 2K|Y1-2K, Y2-2K, Y3-2K|GTD: 4.5K","CL 3|TCV 6K|AAV 2K|Y1-2K, Y2-2K, Y3-2K|GTD: 4.5K",(numbers unchanged — type only),confirmed (cluster review 2026-05-31),3.10
L.A. Looks,"Latu, Laiatu",DE,(blank),Rookie-Draft,confirmed,,CL 3| TCV 6K| AAV 2K,BACKFILL: multi-year missing Y-schedule,Restored from 2025 (2026 contractInfo wiped); roll contractYear forward.,5.12 (2024)
L.A. Looks,"McNeil-Warren, Emmanuel",S,R,Rookie-Draft,confirmed,"CL 3|TCV 3K|AAV 1K|Y1-1K, Y2-1K, Y3-1K|GTD: 2K","CL 3|TCV 3K|AAV 1K|Y1-1K, Y2-1K, Y3-1K|GTD: 2K",(numbers unchanged — type only),confirmed (cluster review 2026-05-31),6.01
L.A. Looks,"Mims, Marvin",WR,Vet-ERA,Vet-ERA,confirmed,CL 1| TCV 1K| AAV 1K,CL 1| TCV 1K| AAV 1K,(numbers unchanged — type only),confirmed (cluster review 2026-05-31),"Auction $1,000"
L.A. Looks,"Mitchell, Adonai",WR,(blank),Rookie-Draft,confirmed,,CL 3| TCV 15K| AAV 5K,BACKFILL: multi-year missing Y-schedule,Restored from 2025 (2026 contractInfo wiped); roll contractYear forward.,Trade (2025)
L.A. Looks,"Nix, Bo",QB,Rookie,Rookie-Draft,confirmed,CL 3| TCV 15K| AAV 5K,CL 3| TCV 15K| AAV 5K,BACKFILL: multi-year missing Y-schedule,Traded rookie — origin assumed Draft; confirm via event chain.,Trade (2024)
L.A. Looks,"Parkinson, Colby",TE,MYM - Vet,Vet-MYM,confirmed,"CL 2| TCV 2K| AAV 1K| Y1-1K, Y2-1K| GTD: 1K","CL 2| TCV 2K| AAV 1K| Y1-1K, Y2-1K| GTD: 1K",(numbers unchanged — type only),confirmed (cluster review 2026-05-31),"BB $1,000 (2025)"
L.A. Looks,"Pierce, Alec",WR,Veteran,Vet-FAA,confirmed,CL 2| TCV 4K| AAV 2K,CL 2| TCV 4K| AAV 2K,BACKFILL: multi-year missing Y-schedule,confirmed (cluster review 2026-05-31),"Auction $2,000 (2025)"
L.A. Looks,"Sampson, Dylan",RB,(blank),Rookie-Draft,confirmed,,CL 3| TCV 6K| AAV 2K,BACKFILL: multi-year missing Y-schedule,Restored from 2025 (2026 contractInfo wiped); roll contractYear forward.,3.03 (2025)
L.A. Looks,"Sanders, Shedeur",QB,(blank),Rookie-Draft,confirmed,,CL 3| TCV 6K| AAV 2K,BACKFILL: multi-year missing Y-schedule,Restored from 2025 (2026 contractInfo wiped); roll contractYear forward.,3.04 (2025)
L.A. Looks,"Sorsby, Brendan",QB,R,Rookie-Draft,confirmed,"CL 3|TCV 6K|AAV 2K|Y1-2K, Y2-2K, Y3-2K|GTD: 4.5K","CL 3|TCV 6K|AAV 2K|Y1-2K, Y2-2K, Y3-2K|GTD: 4.5K",(numbers unchanged — type only),confirmed (cluster review 2026-05-31),5.03
L.A. Looks,"St. Brown, Amon-Ra",WR,TAG,Tag,confirmed,CL 1| TCV 51K| AAV 51K| GTD 38.3K| Tag| Tier 1| Formula: Avg Top 1-6 WR AAV,CL 1| TCV 51K| AAV 51K| GTD 38.3K| Tag| Tier 1| Formula: Avg Top 1-6 WR AAV,(numbers unchanged — type only),Tag/TAG case-merge.,Trade (2023)
L.A. Looks,"Sutton, Courtland",WR,Veteran,Vet-Ext1,confirmed,"CL 2| TCV 30K| AAV 20K| Y1-15K, Y2-15K| Ext: L.A. Looks","CL 2| TCV 30K| AAV 20K| Y1-15K, Y2-15K| Ext: L.A. Looks",(numbers unchanged — type only),corrected — 1yr extension; RESTRUCTURE (add restructure:<year>),"Auction $10,000 (2023)"
L.A. Looks,"Turner, Dallas",DE,(blank),Rookie-Draft,confirmed,,CL 3| TCV 3K| AAV 1K,BACKFILL: multi-year missing Y-schedule,Restored from 2025 (2026 contractInfo wiped); roll contractYear forward.,6.01 (2024)
L.A. Looks,"Wentz, Carson",QB,Veteran,Vet-MYM,confirmed,CL 2| TCV 2K| AAV 1K,CL 2| TCV 2K| AAV 1K,BACKFILL: multi-year missing Y-schedule,WW pickup post-contract-deadline = MYM,"BB $1,000 (2025)"
L.A. Looks,"Williams, Isaiah",WR,Veteran,Vet-MYM,confirmed,"CL 2| TCV 2K| AAV 1K| Y1-1K, Y2-1K| GTD: 1K","CL 2| TCV 2K| AAV 1K| Y1-1K, Y2-1K| GTD: 1K",(numbers unchanged — type only),WW pickup post-contract-deadline = MYM,"BB $1,000 (2025)"
Pure Greatness,"Adams, Davante",WR,FL,Vet-FAA-FL,confirmed,"CL 3| TCV 90K| AAV 30K| Y1-50, Y2-20, Y3-20","CL 3| TCV 90K| AAV 30K| Y1-50, Y2-20, Y3-20",(numbers unchanged — type only),confirmed,Trade (2025)
Pure Greatness,"All, Erick",TE,(blank),Rookie-Draft,confirmed,,CL 3| TCV 6K| AAV 2K,BACKFILL: multi-year missing Y-schedule,Restored from 2025 (2026 contractInfo wiped); roll contractYear forward.,Trade (2025)
Pure Greatness,"Bosa, Nick",DE,Veteran,Vet-FAA,confirmed,"CL 3| TCV 15K| AAV 5K| Y1-5, Y2-5, Y3-5","CL 3| TCV 15K| AAV 5K| Y1-5, Y2-5, Y3-5",(numbers unchanged — type only),confirmed (cluster review 2026-05-31),"Auction $5,000 (2024)"
Pure Greatness,"Douglas, Caleb",WR,R,Rookie-Draft,confirmed,"CL 3|TCV 6K|AAV 2K|Y1-2K, Y2-2K, Y3-2K|GTD: 4.5K","CL 3|TCV 6K|AAV 2K|Y1-2K, Y2-2K, Y3-2K|GTD: 4.5K",(numbers unchanged — type only),confirmed (cluster review 2026-05-31),5.02
Pure Greatness,"Ertz, Zach",TE,MYM - Vet,Vet-MYM,confirmed,"CL 2| TCV 2K| AAV 1K| Y1-1K, Y2-1K| GTD: 1K","CL 2| TCV 2K| AAV 1K| Y1-1K, Y2-1K| GTD: 1K",(numbers unchanged — type only),confirmed (cluster review 2026-05-31),FCFS (2025)
Pure Greatness,"Flowers, Zay",WR,Veteran,Vet-Ext2,confirmed,"CL 3| TCV 55K| AAV 25K| Y1-5, Y2-25, Y3-25| Ext: GRide","CL 3| TCV 55K| AAV 25K| Y1-5, Y2-25, Y3-25| Ext: GRide",(numbers unchanged — type only),Has Ext: token but non-EXT status — reclassify as extension.,Trade (2025)
Pure Greatness,"Garrett, Myles",DE,TAG,Tag,confirmed,CL 1| TCV 10K| AAV 10K| GTD 7.5K| Tag| Tier 1| Formula: Avg Top 1-6 DL AAV | 10% salary floor (rounded up),CL 1| TCV 10K| AAV 10K| GTD 7.5K| Tag| Tier 1| Formula: Avg Top 1-6 DL AAV | 10% salary floor (rounded up),(numbers unchanged — type only),Tag/TAG case-merge.,"Auction $9,000 (2024)"
Pure Greatness,"Gibbs, Jahmyr",RB,Veteran,Vet-Ext2,confirmed,"CL 3| TCV 73K| AAV 31K| Y1-11K, Y2-31K, Y3-31K| Ext: Sex","CL 3| TCV 73K| AAV 31K| Y1-11K, Y2-31K, Y3-31K| Ext: Sex",(numbers unchanged — type only),Has Ext: token but non-EXT status — reclassify as extension.,Trade (2025)
Pure Greatness,"Horton, Tory",WR,(blank),Rookie-Draft,confirmed,,CL 3| TCV 6K| AAV 2K,BACKFILL: multi-year missing Y-schedule,Restored from 2025 (2026 contractInfo wiped); roll contractYear forward.,4.02 (2025)
Pure Greatness,"Irving, Bucky",RB,Rookie,Rookie-Draft,confirmed,CL 3| TCV 6K| AAV 2K,CL 3| TCV 6K| AAV 2K,BACKFILL: multi-year missing Y-schedule,confirmed (cluster review 2026-05-31),3.10 (2024)
Pure Greatness,"Jeanty, Ashton",RB,Rookie,Rookie-Draft,confirmed,CL 3| TCV 45K| AAV 15K | Option Eligible,CL 3| TCV 45K| AAV 15K | Option Eligible,BACKFILL: multi-year missing Y-schedule,confirmed (cluster review 2026-05-31),1.01 (2025)
Pure Greatness,"Jefferson, Justin",WR,BL,Vet-Ext2-BL,confirmed,"CL 2| TCV 96K| AAV 48K| Y1-25K, Y2-71K| Ext:  Sex, Hammer","CL 2| TCV 96K| AAV 48K| Y1-25K, Y2-71K| Ext:  Sex, Hammer",(numbers unchanged — type only),confirmed,Trade (2025)
Pure Greatness,"Klare, Max",TE,R,Rookie-Draft,confirmed,"CL 3|TCV 6K|AAV 2K|Y1-2K, Y2-2K, Y3-2K|GTD: 4.5K","CL 3|TCV 6K|AAV 2K|Y1-2K, Y2-2K, Y3-2K|GTD: 4.5K",(numbers unchanged — type only),confirmed (cluster review 2026-05-31),4.01
Pure Greatness,"Legette, Xavier",WR,(blank),Rookie-Draft,confirmed,,CL 3| TCV 6K| AAV 2K,BACKFILL: multi-year missing Y-schedule,Restored from 2025 (2026 contractInfo wiped); roll contractYear forward.,Trade (2024)
Pure Greatness,"Maye, Drake",QB,Rookie,Rookie-Draft,confirmed,CL 3| TCV 24K| AAV 8K,CL 3| TCV 24K| AAV 8K,BACKFILL: multi-year missing Y-schedule,Traded rookie — origin assumed Draft; confirm via event chain.,Trade (2024)
Pure Greatness,"Mayfield, Baker",QB,FL,Vet-FAA-FL,confirmed,"CL 2| TCV 62K| AAV 31K| Y1-36, Y2-26,","CL 2| TCV 62K| AAV 31K| Y1-36, Y2-26,",(numbers unchanged — type only),confirmed,"Auction $31,000 (2025)"
Pure Greatness,"Olave, Chris",WR,FL,Vet-Ext2-FL,confirmed,"CL 2| TCV 62K| AAV 31K| Y1-51, Y2-11| Ext: Blake","CL 2| TCV 62K| AAV 31K| Y1-51, Y2-11| Ext: Blake",(numbers unchanged — type only),confirmed — PROBABLE RESTRUCTURE (Keith to confirm); not in cloud D1,Trade (2024)
Pure Greatness,"Payton, Cole",QB,R,Rookie-Draft,confirmed,"CL 3|TCV 6K|AAV 2K|Y1-2K, Y2-2K, Y3-2K|GTD: 4.5K","CL 3|TCV 6K|AAV 2K|Y1-2K, Y2-2K, Y3-2K|GTD: 4.5K",(numbers unchanged — type only),confirmed (cluster review 2026-05-31),5.04
Pure Greatness,"Sarratt, Elijah",WR,R,Rookie-Draft,confirmed,"CL 3|TCV 6K|AAV 2K|Y1-2K, Y2-2K, Y3-2K|GTD: 4.5K","CL 3|TCV 6K|AAV 2K|Y1-2K, Y2-2K, Y3-2K|GTD: 4.5K",(numbers unchanged — type only),confirmed (cluster review 2026-05-31),4.06
Pure Greatness,"Schultz, Dalton",TE,Veteran,Vet-FAA?,low,"CL 3| TCV 12K| AAV 4K| Y1-4, Y2-4, Y3-4","CL 3| TCV 12K| AAV 4K| Y1-4, Y2-4, Y3-4",(numbers unchanged — type only),Traded vet — origin (FAA/WW/ERA) needs event chain; defaulted FAA.,Trade (2025)
Pure Greatness,"Smith, Tykee",S,Veteran,Vet-Ext1,confirmed,CL 2| TCV 5K| AAV 4K|Y1-1 Y2-4 | Ext: LH,CL 2| TCV 5K| AAV 4K|Y1-1 Y2-4 | Ext: LH,(numbers unchanged — type only),corrected — 1yr extension,Trade (2025)
Pure Greatness,"Thomas Jr., Brian",WR,Rookie,Rookie-Draft,confirmed,CL 3| TCV 15K| AAV 5K,CL 3| TCV 15K| AAV 5K,BACKFILL: multi-year missing Y-schedule,Traded rookie — origin assumed Draft; confirm via event chain.,Trade (2024)
Pure Greatness,"Thornton, Dont'e",WR,(blank),Rookie-Draft,confirmed,,CL 3| TCV 6K| AAV 2K,BACKFILL: multi-year missing Y-schedule,Restored from 2025 (2026 contractInfo wiped); roll contractYear forward.,5.02 (2025)
Pure Greatness,"Trotter, Josiah",LB,R,Rookie-Draft,confirmed,"CL 3|TCV 3K|AAV 1K|Y1-1K, Y2-1K, Y3-1K|GTD: 2K","CL 3|TCV 3K|AAV 1K|Y1-1K, Y2-1K, Y3-1K|GTD: 2K",(numbers unchanged — type only),confirmed (cluster review 2026-05-31),6.04
Pure Greatness,"Wallace, Trevin",LB,(blank),Rookie-Draft,confirmed,,CL 3| TCV 3K| AAV 1K,BACKFILL: multi-year missing Y-schedule,Restored from 2025 (2026 contractInfo wiped); roll contractYear forward.,6.06 (2024)
Pure Greatness,"Williams, Savion",WR,(blank),Rookie-Draft,confirmed,,CL 3| TCV 6K| AAV 2K,BACKFILL: multi-year missing Y-schedule,Restored from 2025 (2026 contractInfo wiped); roll contractYear forward.,Trade (2025)
Real Deal Creel,"Benson, Trey",RB,Rookie,Rookie-Draft,confirmed,CL 3| TCV 18K| AAV 6K,CL 3| TCV 18K| AAV 6K,BACKFILL: multi-year missing Y-schedule,Traded rookie — origin assumed Draft; confirm via event chain.,Trade (2025)
Real Deal Creel,"Boutte, Kayshon",WR,Vet-ERA,Vet-ERA,confirmed,CL 1| TCV 2K| AAV 2K,CL 1| TCV 2K| AAV 2K,(numbers unchanged — type only),confirmed (cluster review 2026-05-31),"Auction $2,000"
Real Deal Creel,"Coleman, Keon",WR,Rookie,Rookie-Draft,confirmed,CL 3| TCV 15K| AAV 5K,CL 3| TCV 15K| AAV 5K,BACKFILL: multi-year missing Y-schedule,Traded rookie — origin assumed Draft; confirm via event chain.,Trade (2025)
Real Deal Creel,"Concepcion, KC",WR,R,Rookie-Draft,confirmed,"CL 3|TCV 27K|AAV 9K|Y1-9K, Y2-9K, Y3-9K|GTD: 20.3K|Keep Option as Y4Option =14K","CL 3|TCV 27K|AAV 9K|Y1-9K, Y2-9K, Y3-9K, Y4-14K Option|GTD: 20.3K",(numbers unchanged — type only),confirmed (cluster review 2026-05-31),1.07
Real Deal Creel,"Cooper Jr., Omar",WR,R,Rookie-Draft,confirmed,"CL 3|TCV 21K|AAV 7K|Y1-7K, Y2-7K, Y3-7K|GTD: 15.8K|Keep Option as Y4Option =12K","CL 3|TCV 21K|AAV 7K|Y1-7K, Y2-7K, Y3-7K, Y4-12K Option|GTD: 15.8K",(numbers unchanged — type only),confirmed (cluster review 2026-05-31),1.09
Real Deal Creel,"Etienne, Travis",RB,TAG,Tag,confirmed,CL 1| TCV 19K| AAV 19K| GTD 14.3K| Tag| Tier 3| Formula: Avg Top 9-31 RB AAV | 10% salary floor (rounded up),CL 1| TCV 19K| AAV 19K| GTD 14.3K| Tag| Tier 3| Formula: Avg Top 9-31 RB AAV | 10% salary floor (rounded up),(numbers unchanged — type only),Tag/TAG case-merge.,Trade
Real Deal Creel,"Fant, Noah",TE,Veteran,Vet-FAA,confirmed,"CL 3| TCV 12K| AAV 4K| Y1-4, Y2-4, Y3-4","CL 3| TCV 12K| AAV 4K| Y1-4, Y2-4, Y3-4",(numbers unchanged — type only),confirmed (cluster review 2026-05-31),"Auction $4,000 (2024)"
Real Deal Creel,"Goedert, Dallas",TE,Veteran,Vet-FAA?,low,CL 2| TCV 14K| AAV 7K,CL 2| TCV 14K| AAV 7K,BACKFILL: multi-year missing Y-schedule,Traded vet — origin (FAA/WW/ERA) needs event chain; defaulted FAA.,Trade (2025)
Real Deal Creel,"Harrison Jr., Marvin",WR,Rookie,Rookie-Draft,confirmed,CL 3| TCV 42K| AAV 14K,CL 3| TCV 42K| AAV 14K,BACKFILL: multi-year missing Y-schedule,confirmed (cluster review 2026-05-31),1.02 (2024)
Real Deal Creel,"Henderson, TreVeyon",RB,Rookie,Rookie-Draft,confirmed,CL 3| TCV 36K| AAV 12K | Option Eligible,CL 3| TCV 36K| AAV 12K | Option Eligible,BACKFILL: multi-year missing Y-schedule,confirmed (cluster review 2026-05-31),1.04 (2025)
Real Deal Creel,"Karlaftis, George",DE,Veteran,Vet-FAA,confirmed,CL 3| TCV 3K| AAV 1K,CL 3| TCV 3K| AAV 1K,BACKFILL: multi-year missing Y-schedule,confirmed (cluster review 2026-05-31),"Auction $1,000 (2025)"
Real Deal Creel,"Mayer, Michael",TE,Vet-ERA,Vet-ERA,confirmed,CL 1| TCV 2K| AAV 2K,CL 1| TCV 2K| AAV 2K,(numbers unchanged — type only),confirmed (cluster review 2026-05-31),"Auction $2,000"
Real Deal Creel,"McDonald, Will",DE,Vet-ERA,Vet-ERA,confirmed,CL 1| TCV 1K| AAV 1K,CL 1| TCV 1K| AAV 1K,(numbers unchanged — type only),confirmed (cluster review 2026-05-31),"Auction $1,000"
Real Deal Creel,"McMillan, Tetairoa",WR,Rookie,Rookie-Draft,confirmed,CL 3| TCV 21K| AAV 7K | Option Eligible,CL 3| TCV 21K| AAV 7K | Option Eligible,BACKFILL: multi-year missing Y-schedule,Traded rookie — origin assumed Draft; confirm via event chain.,Trade (2025)
Real Deal Creel,"Miller, Kendre",RB,Vet-ERA,Vet-ERA,confirmed,CL 1| TCV 1K| AAV 1K,CL 1| TCV 1K| AAV 1K,(numbers unchanged — type only),confirmed (cluster review 2026-05-31),"Auction $1,000"
Real Deal Creel,"Pearce, James",DE,Rookie,Rookie-Draft,confirmed,CL 3| TCV 3K| AAV 1K,CL 3| TCV 3K| AAV 1K,BACKFILL: multi-year missing Y-schedule,confirmed (cluster review 2026-05-31),6.05 (2025)
Real Deal Creel,"Rodriguez, Chris",RB,Vet-ERA,Vet-ERA,confirmed,CL 1| TCV 3K| AAV 3K,CL 1| TCV 3K| AAV 3K,(numbers unchanged — type only),confirmed (cluster review 2026-05-31),"Auction $3,000"
Real Deal Creel,"Sanders, Ja'Tavion",TE,Veteran,Vet-MYM,confirmed,CL 3| TCV 3K| AAV 1K,CL 3| TCV 3K| AAV 1K,BACKFILL: multi-year missing Y-schedule,WW pickup post-contract-deadline = MYM,"BB $1,000 (2025)"
Real Deal Creel,"Stribling, De'Zhaun",WR,R,Rookie-Draft,confirmed,"CL 3|TCV 15K|AAV 5K|Y1-5K, Y2-5K, Y3-5K|GTD: 11.3K","CL 3|TCV 15K|AAV 5K|Y1-5K, Y2-5K, Y3-5K|GTD: 11.3K",(numbers unchanged — type only),confirmed (cluster review 2026-05-31),2.06
Real Deal Creel,"Styles, Sonny",LB,R,Rookie-Draft,confirmed,"CL 3|TCV 6K|AAV 2K|Y1-2K, Y2-2K, Y3-2K|GTD: 4.5K","CL 3|TCV 6K|AAV 2K|Y1-2K, Y2-2K, Y3-2K|GTD: 4.5K",(numbers unchanged — type only),confirmed (cluster review 2026-05-31),3.06
Real Deal Creel,"Thornton, Tyquan",WR,Veteran,Vet-MYM,confirmed,CL 3| TCV 3K| AAV 1K,CL 3| TCV 3K| AAV 1K,BACKFILL: multi-year missing Y-schedule,WW pickup post-contract-deadline = MYM,"BB $1,000 (2025)"
Real Deal Creel,"Watson, Christian",WR,Veteran,Vet-WW,confirmed,CL 3| TCV 3K| AAV 1K,CL 3| TCV 3K| AAV 1K,BACKFILL: multi-year missing Y-schedule,confirmed (cluster review 2026-05-31),"BB $1,000 (2025)"
Real Deal Creel,"Watson, Deshaun",QB,Veteran,Vet-FAA,confirmed,CL 3| TCV 3K| AAV 1K,CL 3| TCV 3K| AAV 1K,BACKFILL: multi-year missing Y-schedule,confirmed (cluster review 2026-05-31),"Auction $1,000 (2025)"
Real Deal Creel,"Young, Zion",DE,R,Rookie-Draft,confirmed,"CL 3|TCV 3K|AAV 1K|Y1-1K, Y2-1K, Y3-1K|GTD: 2K","CL 3|TCV 3K|AAV 1K|Y1-1K, Y2-1K, Y3-1K|GTD: 2K",(numbers unchanged — type only),confirmed (cluster review 2026-05-31),6.08
Sex Manther,"Achane, De'Von",RB,Veteran,Vet-Ext2,confirmed,CL 3| TCV 55K| AAV 25K| Ext: Gride,CL 3| TCV 55K| AAV 25K| Ext: Gride,BACKFILL: multi-year missing Y-schedule,Has Ext: token but non-EXT status — reclassify as extension.,Trade (2025)
Sex Manther,"Bagent, Tyson",QB,MYM - Vet,Vet-MYM,confirmed,"CL 2| TCV 2K| AAV 1K| Y1-1K, Y2-1K| GTD: 1K","CL 2| TCV 2K| AAV 1K| Y1-1K, Y2-1K| GTD: 1K",(numbers unchanged — type only),confirmed (cluster review 2026-05-31),FCFS (2025)
Sex Manther,"Bain Jr., Rueben",DE,R,Rookie-Draft,confirmed,"CL 3|TCV 6K|AAV 2K|Y1-2K, Y2-2K, Y3-2K|GTD: 4.5K","CL 3|TCV 6K|AAV 2K|Y1-2K, Y2-2K, Y3-2K|GTD: 4.5K",(numbers unchanged — type only),confirmed (cluster review 2026-05-31),3.11
Sex Manther,"Brooks, Jonathon",RB,Rookie,Rookie-Draft,confirmed,CL 3| TCV 21K| AAV 7K,CL 3| TCV 21K| AAV 7K,BACKFILL: multi-year missing Y-schedule,confirmed (cluster review 2026-05-31),1.09 (2024)
Sex Manther,"Brooks, Tahj",RB,Rookie,Rookie-Draft,confirmed,CL 3| TCV 6K| AAV 2K,CL 3| TCV 6K| AAV 2K,BACKFILL: multi-year missing Y-schedule,Traded rookie — origin assumed Draft; confirm via event chain.,Trade (2025)
Sex Manther,"Burton, Jermaine",WR,(blank),Rookie-Draft,confirmed,,CL 3| TCV 15K| AAV 5K,BACKFILL: multi-year missing Y-schedule,Restored from 2025 (2026 contractInfo wiped); roll contractYear forward.,2.02 (2024)
Sex Manther,"Campbell, Jihaad",LB,(blank),Rookie-Draft,confirmed,,CL 3| TCV 6K| AAV 2K,BACKFILL: multi-year missing Y-schedule,Restored from 2025 (2026 contractInfo wiped); roll contractYear forward.,5.12 (2025)
Sex Manther,"Chism, Efton",WR,MYM - Rookie,Rookie-MYM,confirmed,"CL 2| TCV 2K| AAV 1K| Y1-1K, Y2-1K| GTD: 1K","CL 2| TCV 2K| AAV 1K| Y1-1K, Y2-1K| GTD: 1K",(numbers unchanged — type only),confirmed (cluster review 2026-05-31),"BB $1,000 (2025)"
Sex Manther,"Croskey-Merritt, Jacory",RB,Rookie,Rookie-Draft,confirmed,CL 3| TCV 6K| AAV 2K,CL 3| TCV 6K| AAV 2K,BACKFILL: multi-year missing Y-schedule,confirmed (cluster review 2026-05-31),5.11 (2025)
Sex Manther,"Dell, Tank",WR,Veteran,Vet-FAA?,low,CL 3| TCV 3K| AAV 1K,CL 3| TCV 3K| AAV 1K,BACKFILL: multi-year missing Y-schedule,Traded vet — origin (FAA/WW/ERA) needs event chain; defaulted FAA.,Trade (2025)
Sex Manther,"Delp, Oscar",TE,R,Rookie-Draft,confirmed,"CL 3|TCV 6K|AAV 2K|Y1-2K, Y2-2K, Y3-2K|GTD: 4.5K","CL 3|TCV 6K|AAV 2K|Y1-2K, Y2-2K, Y3-2K|GTD: 4.5K",(numbers unchanged — type only),confirmed (cluster review 2026-05-31),4.04
Sex Manther,"Fannin, Harold",TE,Rookie,Rookie-Draft,confirmed,CL 3| TCV 15K| AAV 5K,CL 3| TCV 15K| AAV 5K,BACKFILL: multi-year missing Y-schedule,confirmed (cluster review 2026-05-31),2.10 (2025)
Sex Manther,"Gadsden, Oronde",TE,Rookie,Rookie-FAA,high,CL 3| TCV 12K| AAV 4K,CL 3| TCV 12K| AAV 4K,BACKFILL: multi-year missing Y-schedule,,"Auction $4,000 (2025)"
Sex Manther,"Haulcy, A.J.",S,R,Rookie-Draft,confirmed,"CL 3|TCV 3K|AAV 1K|Y1-1K, Y2-1K, Y3-1K|GTD: 2K","CL 3|TCV 3K|AAV 1K|Y1-1K, Y2-1K, Y3-1K|GTD: 2K",(numbers unchanged — type only),confirmed (cluster review 2026-05-31),6.07
Sex Manther,"Higgins, Jayden",WR,(blank),Rookie-Draft,confirmed,,CL 3| TCV 15K| AAV 5K,BACKFILL: multi-year missing Y-schedule,Restored from 2025 (2026 contractInfo wiped); roll contractYear forward.,2.04 (2025)
Sex Manther,"Hill, Tyreek",WR,Veteran,Vet-FAA,confirmed,"CL 2| TCV 142K| AAV 62K| Y1-80K, Y2-62K","CL 2| TCV 142K| AAV 62K| Y1-80K, Y2-62K",(numbers unchanged — type only),confirmed (cluster review 2026-05-31),"Auction $61,000 (2024)"
Sex Manther,"Hunter, Travis",WR,Rookie,Rookie-Draft,confirmed,CL 3| TCV 42K| AAV 14K | Option Eligible,CL 3| TCV 42K| AAV 14K | Option Eligible,BACKFILL: multi-year missing Y-schedule,confirmed (cluster review 2026-05-31),1.02 (2025)
Sex Manther,"James, Jordan",RB,(blank),Rookie-Draft,confirmed,,CL 3| TCV 6K| AAV 2K,BACKFILL: multi-year missing Y-schedule,Restored from 2025 (2026 contractInfo wiped); roll contractYear forward.,4.05 (2025)
Sex Manther,"Kittle, George",TE,Veteran,Vet-FAA,confirmed,CL 2| TCV 58K| AAV 29K,CL 2| TCV 58K| AAV 29K,BACKFILL: multi-year missing Y-schedule,confirmed (cluster review 2026-05-31),"Auction $29,000 (2025)"
Sex Manther,"Lloyd, MarShawn",RB,(blank),Rookie-Draft,confirmed,,CL 3| TCV 15K| AAV 5K,BACKFILL: multi-year missing Y-schedule,Restored from 2025 (2026 contractInfo wiped); roll contractYear forward.,2.11 (2024)
Sex Manther,"Love, Julian",S,MYM - Vet,Vet-MYM,confirmed,"CL 2| TCV 2K| AAV 1K| Y1-1K, Y2-1K| GTD: 1K","CL 2| TCV 2K| AAV 1K| Y1-1K, Y2-1K| GTD: 1K",(numbers unchanged — type only),confirmed (cluster review 2026-05-31),"BB $1,000 (2025)"
Sex Manther,"McCaffrey, Christian",RB,TAG,Tag,confirmed,CL 1| TCV 62K| AAV 62K| GTD 62K| Tag| Tier 1| Formula: Avg Top 1-4 RB AAV | 10% salary floor (rounded up),CL 1| TCV 62K| AAV 62K| GTD 62K| Tag| Tier 1| Formula: Avg Top 1-4 RB AAV | 10% salary floor (rounded up),(numbers unchanged — type only),Tag/TAG case-merge.,Trade (2025)
Sex Manther,"McGowan, Seth",RB,R,Rookie-Draft,confirmed,"CL 3|TCV 6K|AAV 2K|Y1-2K, Y2-2K, Y3-2K|GTD: 4.5K","CL 3|TCV 6K|AAV 2K|Y1-2K, Y2-2K, Y3-2K|GTD: 4.5K",(numbers unchanged — type only),confirmed (cluster review 2026-05-31),5.07
Sex Manther,"McKee, Tanner",QB,Veteran,Vet-WW,confirmed,CL 3| TCV 3K| AAV 1K,CL 3| TCV 3K| AAV 1K,BACKFILL: multi-year missing Y-schedule,confirmed (cluster review 2026-05-31),"BB $1,000 (2025)"
Sex Manther,"Noel, Jaylin",WR,(blank),Rookie-Draft,confirmed,,CL 3| TCV 6K| AAV 2K,BACKFILL: multi-year missing Y-schedule,Restored from 2025 (2026 contractInfo wiped); roll contractYear forward.,3.01 (2025)
Sex Manther,"Odunze, Rome",WR,Rookie,Rookie-Draft,confirmed,CL 3| TCV 30K| AAV 10K,CL 3| TCV 30K| AAV 10K,BACKFILL: multi-year missing Y-schedule,confirmed (cluster review 2026-05-31),1.06 (2024)
Sex Manther,"Rice, Rashee",WR,Veteran,Vet-Ext2,confirmed,"CL 3| TCV 55K| AAV 25K| Y1-5 Y2-25, Y3-25| Ext: LH","CL 3| TCV 55K| AAV 25K| Y1-5 Y2-25, Y3-25| Ext: LH",(numbers unchanged — type only),Has Ext: token but non-EXT status — reclassify as extension.,Trade (2025)
Sex Manther,"Rodriguez, Jacob",LB,R,Rookie-Draft,confirmed,"CL 3|TCV 6K|AAV 2K|Y1-2K, Y2-2K, Y3-2K|GTD: 4.5K","CL 3|TCV 6K|AAV 2K|Y1-2K, Y2-2K, Y3-2K|GTD: 4.5K",(numbers unchanged — type only),confirmed (cluster review 2026-05-31),4.05
Sex Manther,"Roush, Sam",TE,R,Rookie-Draft,confirmed,"CL 3|TCV 6K|AAV 2K|Y1-2K, Y2-2K, Y3-2K|GTD: 4.5K","CL 3|TCV 6K|AAV 2K|Y1-2K, Y2-2K, Y3-2K|GTD: 4.5K",(numbers unchanged — type only),confirmed (cluster review 2026-05-31),4.07
Sex Manther,"Schwesinger, Carson",LB,Rookie,Rookie-Draft,confirmed,CL 3| TCV 3K| AAV 1K,CL 3| TCV 3K| AAV 1K,BACKFILL: multi-year missing Y-schedule,confirmed (cluster review 2026-05-31),6.01 (2025)
Sex Manther,"Shipley, Will",RB,(blank),Rookie-Draft,confirmed,,CL 3| TCV 15K| AAV 5K,BACKFILL: multi-year missing Y-schedule,Restored from 2025 (2026 contractInfo wiped); roll contractYear forward.,2.12 (2024)
Sex Manther,"Thieneman, Dillon",S,R,Rookie-Draft,confirmed,"CL 3|TCV 6K|AAV 2K|Y1-2K, Y2-2K, Y3-2K|GTD: 4.5K","CL 3|TCV 6K|AAV 2K|Y1-2K, Y2-2K, Y3-2K|GTD: 4.5K",(numbers unchanged — type only),confirmed (cluster review 2026-05-31),5.05
Sex Manther,"Tucker, Sean",RB,Vet-ERA,Vet-ERA,confirmed,CL 1| TCV 4K| AAV 4K,CL 1| TCV 4K| AAV 4K,(numbers unchanged — type only),confirmed (cluster review 2026-05-31),"Auction $4,000"
Sex Manther,"Tuipulotu, Tuli",DE,Veteran,Vet-FAA?,low,"CL 3| TCV 12K| AAV 4K| Y1-4, Y2-4, Y3-4","CL 3| TCV 12K| AAV 4K| Y1-4, Y2-4, Y3-4",(numbers unchanged — type only),Traded vet — origin (FAA/WW/ERA) needs event chain; defaulted FAA.,Trade (2024)
Sex Manther,"Williams, Caleb",QB,Rookie,Rookie-Draft,confirmed,CL 3| TCV 45K| AAV 15K,CL 3| TCV 45K| AAV 15K,BACKFILL: multi-year missing Y-schedule,confirmed (cluster review 2026-05-31),1.01 (2024)
Sex Manther,"Williams, Kyle",WR,Rookie,Rookie-Draft,confirmed,CL 3| TCV 15K| AAV 5K,CL 3| TCV 15K| AAV 5K,BACKFILL: multi-year missing Y-schedule,confirmed (cluster review 2026-05-31),2.08 (2025)
The Long Haulers,"Ali, Rasheen",RB,(blank),Rookie-Draft,confirmed,,CL 3| TCV 6K| AAV 2K,BACKFILL: multi-year missing Y-schedule,Restored from 2025 (2026 contractInfo wiped); roll contractYear forward.,4.10 (2024)
The Long Haulers,"Beck, Carson",QB,R,Rookie-Draft,confirmed,"CL 3|TCV 6K|AAV 2K|Y1-2K, Y2-2K, Y3-2K|GTD: 4.5K","CL 3|TCV 6K|AAV 2K|Y1-2K, Y2-2K, Y3-2K|GTD: 4.5K",(numbers unchanged — type only),confirmed (cluster review 2026-05-31),3.04
The Long Haulers,"Bernard, Germie",WR,R,Rookie-Draft,confirmed,"CL 3|TCV 15K|AAV 5K|Y1-5K, Y2-5K, Y3-5K|GTD: 11.3K","CL 3|TCV 15K|AAV 5K|Y1-5K, Y2-5K, Y3-5K|GTD: 11.3K",(numbers unchanged — type only),confirmed (cluster review 2026-05-31),2.10
The Long Haulers,"Blue, Jaydon",RB,(blank),Rookie-Draft,confirmed,,CL 3| TCV 6K| AAV 2K,BACKFILL: multi-year missing Y-schedule,Restored from 2025 (2026 contractInfo wiped); roll contractYear forward.,Trade (2025)
The Long Haulers,"Bond, Isaiah",WR,BL,Vet-WW-BL,confirmed,"CL 3| TCV 24K| AAV 8K| Y1-5, Y2-5, Y3-14","CL 3| TCV 24K| AAV 8K| Y1-5, Y2-5, Y3-14",(numbers unchanged — type only),confirmed,"BB $8,000 (2025)"
The Long Haulers,"Brown, A.J.",WR,BL,Vet-Ext1,confirmed,"CL 2| TCV 129K| AAV 56K|Y1-73 Y2-56 | Ext: Sex, Creel, LH","CL 2| TCV 129K| AAV 56K|Y1-73 Y2-56 | Ext: Sex, Creel, LH",(numbers unchanged — type only),corrected — BL deal ended 2025; 1yr ext can't be loaded so -BL drops on 2026 rollover,Trade (2025)
The Long Haulers,"Bynum, Camryn",S,Veteran,Vet-MYM,confirmed,"CL 3| TCV 3K| AAV 1K| Y1-1, Y2-1, Y3-1","CL 3| TCV 3K| AAV 1K| Y1-1, Y2-1, Y3-1",(numbers unchanged — type only),WW pickup post-contract-deadline = MYM,"BB $1,000 (2024)"
The Long Haulers,"Coleman, Kevin",WR,R,Rookie-Draft,confirmed,"CL 3|TCV 6K|AAV 2K|Y1-2K, Y2-2K, Y3-2K|GTD: 4.5K","CL 3|TCV 6K|AAV 2K|Y1-2K, Y2-2K, Y3-2K|GTD: 4.5K",(numbers unchanged — type only),confirmed (cluster review 2026-05-31),5.08
The Long Haulers,"Cooper, Jonathon",DE,Veteran,Vet-MYM,confirmed,"CL 3| TCV 3K| AAV 1K| Y1-1, Y2-1, Y3-1","CL 3| TCV 3K| AAV 1K| Y1-1, Y2-1, Y3-1",(numbers unchanged — type only),WW pickup post-contract-deadline = MYM,"BB $1,000 (2024)"
The Long Haulers,"Downs, Josh",WR,EXT1,Vet-Ext1,confirmed,CL 2|TCV 14K|AAV 12K|Y1-2 Y2-12|Ext: GRide,CL 2|TCV 14K|AAV 12K|Y1-2 Y2-12|Ext: GRide,(numbers unchanged — type only),confirmed (EXT1 review),Trade (2025)
The Long Haulers,"Ewers, Quinn",QB,(blank),Rookie-Draft,confirmed,,CL 3| TCV 6K| AAV 2K,BACKFILL: multi-year missing Y-schedule,Restored from 2025 (2026 contractInfo wiped); roll contractYear forward.,5.09 (2025)
The Long Haulers,"Faulk, Keldric",DE,R,Rookie-Draft,confirmed,"CL 3|TCV 3K|AAV 1K|Y1-1K, Y2-1K, Y3-1K|GTD: 2K","CL 3|TCV 3K|AAV 1K|Y1-1K, Y2-1K, Y3-1K|GTD: 2K",(numbers unchanged — type only),confirmed (cluster review 2026-05-31),6.06
The Long Haulers,"Fields, Malachi",WR,R,Rookie-Draft,confirmed,"CL 3|TCV 15K|AAV 5K|Y1-5K, Y2-5K, Y3-5K|GTD: 11.3K","CL 3|TCV 15K|AAV 5K|Y1-5K, Y2-5K, Y3-5K|GTD: 11.3K",(numbers unchanged — type only),confirmed (cluster review 2026-05-31),2.05
The Long Haulers,"Gordon, Ollie",RB,(blank),Rookie-Draft,confirmed,,CL 3| TCV 6K| AAV 2K,BACKFILL: multi-year missing Y-schedule,Restored from 2025 (2026 contractInfo wiped); roll contractYear forward.,4.10 (2025)
The Long Haulers,"Henry, Derrick",RB,BL,Vet-Ext1,confirmed,CL 2| TCV 94K| AAV 44K|Y1-50 Y2-44| Ext: LH,CL 2| TCV 94K| AAV 44K|Y1-50 Y2-44| Ext: LH,(numbers unchanged — type only),corrected — same as A.J. Brown (BL ended 2025; ext not loaded),Trade (2025)
The Long Haulers,"Hurts, Jalen",QB,BL,Vet-Ext2-BL,confirmed,"CL 2| TCV 84K| AAV 42K| Y1-17K, Y2-67K| Ext: Gride, Hammer","CL 2| TCV 84K| AAV 42K| Y1-17K, Y2-67K| Ext: Gride, Hammer",(numbers unchanged — type only),confirmed,Trade
The Long Haulers,"Johnson, Roschon",RB,Veteran,Vet-FAA?,low,CL 3| TCV 12K| AAV 4K,CL 3| TCV 12K| AAV 4K,BACKFILL: multi-year missing Y-schedule,Traded vet — origin (FAA/WW/ERA) needs event chain; defaulted FAA.,Trade (2025)
The Long Haulers,"Johnson, Theo",TE,Rookie,Rookie-Draft,confirmed,"CL 3| TCV 15K| AAV 5K| Y1-5, Y2-5, Y3-5","CL 3| TCV 15K| AAV 5K| Y1-5, Y2-5, Y3-5",(numbers unchanged — type only),Traded rookie — origin assumed Draft; confirm via event chain.,Trade (2025)
The Long Haulers,"Johnston, Quentin",WR,EXT1,Vet-Ext1,confirmed,CL 1| TCV 18K| AAV 18K| Y1-18K| Ext: PG| GTD: 13.5K,CL 1| TCV 18K| AAV 18K| Y1-18K| Ext: PG| GTD: 13.5K,(numbers unchanged — type only),confirmed,Trade
The Long Haulers,"Lambert-Smith, KeAndre",WR,MYM - Rookie,Rookie-MYM,confirmed,"CL 3| TCV 3K| AAV 1K| Y1-1K, Y2-1K, Y3-1K| GTD: 2K","CL 3| TCV 3K| AAV 1K| Y1-1K, Y2-1K, Y3-1K| GTD: 2K",(numbers unchanged — type only),confirmed (cluster review 2026-05-31),"BB $1,000 (2025)"
The Long Haulers,"Lawrence, Trevor",QB,TAG,Tag,confirmed,CL 1| TCV 37K| AAV 37K| GTD 27.8K| Tag| Tier 2| Formula: Avg Top 6-15 QB AAV,CL 1| TCV 37K| AAV 37K| GTD 27.8K| Tag| Tier 2| Formula: Avg Top 6-15 QB AAV,(numbers unchanged — type only),Tag/TAG case-merge.,Trade (2024)
The Long Haulers,"Levis, Will",QB,Vet-ERA,Vet-ERA,confirmed,CL 1| TCV 1K| AAV 1K,CL 1| TCV 1K| AAV 1K,(numbers unchanged — type only),confirmed (cluster review 2026-05-31),"Auction $1,000"
The Long Haulers,"Marks, Woody",RB,Rookie,Rookie-Draft,confirmed,CL 3| TCV 6K| AAV 2K,CL 3| TCV 6K| AAV 2K,BACKFILL: multi-year missing Y-schedule,Traded rookie — origin assumed Draft; confirm via event chain.,Trade (2025)
The Long Haulers,"Mason, Jordan",RB,FL,Vet-Ext2-FL,confirmed,"CL 3| TCV 52K| AAV 24K| Y1-14, Y2-14, Y3-24| Ext: LH","CL 3| TCV 52K| AAV 24K| Y1-14, Y2-14, Y3-24| Ext: LH",(numbers unchanged — type only),confirmed — RESTRUCTURE (2yr ext then Yr1 front-load; 2025 AAV 4K/24K vs 14K salary); add restructure:<year>,Trade (2024)
The Long Haulers,"Mendoza, Fernando",QB,R,Rookie-Draft,confirmed,"CL 3|TCV 39K|AAV 13K|Y1-13K, Y2-13K, Y3-13K|GTD: 29.3K|Keep Option as Y4Option =18K","CL 3|TCV 39K|AAV 13K|Y1-13K, Y2-13K, Y3-13K, Y4-18K Option|GTD: 29.3K",(numbers unchanged — type only),confirmed (cluster review 2026-05-31),1.03
The Long Haulers,"Mumpfield, Konata",WR,MYM - Rookie,Rookie-MYM,confirmed,"CL 3| TCV 3K| AAV 1K| Y1-1K, Y2-1K, Y3-1K| GTD: 2K","CL 3| TCV 3K| AAV 1K| Y1-1K, Y2-1K, Y3-1K| GTD: 2K",(numbers unchanged — type only),confirmed (cluster review 2026-05-31),"BB $1,000 (2025)"
The Long Haulers,"Otton, Cade",TE,Veteran,Vet-FAA,confirmed,"CL 3| TCV 15K| AAV 5K| Y1-5K, Y2-5K, Y3-5K","CL 3| TCV 15K| AAV 5K| Y1-5K, Y2-5K, Y3-5K",(numbers unchanged — type only),confirmed (cluster review 2026-05-31),"Auction $5,000 (2025)"
The Long Haulers,"Smith, Brashard",RB,(blank),Rookie-Draft,confirmed,,CL 3| TCV 6K| AAV 2K,BACKFILL: multi-year missing Y-schedule,Restored from 2025 (2026 contractInfo wiped); roll contractYear forward.,Trade (2025)
The Long Haulers,"Spears, Tyjae",RB,Vet-ERA,Vet-ERA,confirmed,CL 1| TCV 1K| AAV 1K,CL 1| TCV 1K| AAV 1K,(numbers unchanged — type only),confirmed (cluster review 2026-05-31),"Auction $1,000"
The Long Haulers,"Tucker, Tre",WR,Veteran,Vet-FAA?,low,"CL 3| TCV 3K| AAV 1K| Y1-1, Y2-1, Y3-1","CL 3| TCV 3K| AAV 1K| Y1-1, Y2-1, Y3-1",(numbers unchanged — type only),Traded vet — origin (FAA/WW/ERA) needs event chain; defaulted FAA.,Trade (2024)
The Long Haulers,"Warren, Tyler",TE,Rookie,Rookie-Draft,confirmed,CL 3| TCV 15K| AAV 5K | Option Eligible,CL 3| TCV 15K| AAV 5K | Option Eligible,BACKFILL: multi-year missing Y-schedule,confirmed (cluster review 2026-05-31),1.11 (2025)
The Long Haulers,"Washington Jr., Mike",RB,R,Rookie-Draft,confirmed,"CL 3|TCV 6K|AAV 2K|Y1-2K, Y2-2K, Y3-2K|GTD: 4.5K","CL 3|TCV 6K|AAV 2K|Y1-2K, Y2-2K, Y3-2K|GTD: 4.5K",(numbers unchanged — type only),confirmed (cluster review 2026-05-31),3.03
The Long Haulers,"Washington, Malik",WR,(blank),Rookie-Draft,confirmed,,CL 3| TCV 6K| AAV 2K,BACKFILL: multi-year missing Y-schedule,Restored from 2025 (2026 contractInfo wiped); roll contractYear forward.,Trade (2025)
The Long Haulers,"Wicks, Dontayvion",WR,Veteran,Vet-MYM,confirmed,CL 3| TCV 3K| AAV 1K,CL 3| TCV 3K| AAV 1K,BACKFILL: multi-year missing Y-schedule,WW pickup post-contract-deadline = MYM,"BB $1,000 (2025)"
The Long Haulers,"Witherspoon, Devon",CB,TAG,Tag,confirmed,CL 1| TCV 3K| AAV 3K| GTD 2.3K| Tag| Tier 2| Formula: Avg Top 7-12 DB AAV | 10% salary floor (rounded up),CL 1| TCV 3K| AAV 3K| GTD 2.3K| Tag| Tier 2| Formula: Avg Top 7-12 DB AAV | 10% salary floor (rounded up),(numbers unchanged — type only),Tag/TAG case-merge.,4.10 (2023)
